,dist_img,ref_img,dmos,var,distortion,intensity
0,I01_01_01.png,I01.png,4.57,0.496,01,01
1,I01_01_02.png,I01.png,4.33,0.869,01,02
2,I01_01_03.png,I01.png,2.67,0.789,01,03
3,I01_01_04.png,I01.png,1.67,0.596,01,04
4,I01_01_05.png,I01.png,1.1,0.3,01,05
5,I01_02_01.png,I01.png,3.83,0.86,02,01
6,I01_02_02.png,I01.png,2.27,0.772,02,02
7,I01_02_03.png,I01.png,1.53,0.67,02,03
8,I01_02_04.png,I01.png,1.23,0.418,02,04
9,I01_02_05.png,I01.png,1.2,0.4,02,05
10,I01_03_01.png,I01.png,4.73,0.442,03,01
11,I01_03_02.png,I01.png,3.97,0.657,03,02
12,I01_03_03.png,I01.png,2.7,0.936,03,03
13,I01_03_04.png,I01.png,2.03,0.795,03,04
14,I01_03_05.png,I01.png,1.5,0.5,03,05
15,I01_04_01.png,I01.png,4.73,0.512,04,01
16,I01_04_02.png,I01.png,2.17,1.035,04,02
17,I01_04_03.png,I01.png,1.37,0.547,04,03
18,I01_04_04.png,I01.png,1.5,0.619,04,04
19,I01_04_05.png,I01.png,1.47,0.806,04,05
20,I01_05_01.png,I01.png,4.0,0.856,05,01
21,I01_05_02.png,I01.png,2.2,0.909,05,02
22,I01_05_03.png,I01.png,1.57,0.559,05,03
23,I01_05_04.png,I01.png,1.33,0.537,05,04
24,I01_05_05.png,I01.png,1.6,0.611,05,05
25,I01_06_01.png,I01.png,4.23,0.761,06,01
26,I01_06_02.png,I01.png,4.4,0.554,06,02
27,I01_06_03.png,I01.png,3.9,0.943,06,03
28,I01_06_04.png,I01.png,2.9,0.831,06,04
29,I01_06_05.png,I01.png,2.27,0.929,06,05
30,I01_07_01.png,I01.png,2.73,1.123,07,01
31,I01_07_02.png,I01.png,2.5,1.025,07,02
32,I01_07_03.png,I01.png,2.27,1.062,07,03
33,I01_07_04.png,I01.png,2.47,1.147,07,04
34,I01_07_05.png,I01.png,2.2,0.945,07,05
35,I01_08_01.png,I01.png,4.7,0.458,08,01
36,I01_08_02.png,I01.png,3.77,0.616,08,02
37,I01_08_03.png,I01.png,2.73,1.062,08,03
38,I01_08_04.png,I01.png,1.97,0.912,08,04
39,I01_08_05.png,I01.png,1.67,0.699,08,05
40,I01_09_01.png,I01.png,4.6,0.49,09,01
41,I01_09_02.png,I01.png,4.67,0.537,09,02
42,I01_09_03.png,I01.png,4.4,0.611,09,03
43,I01_09_04.png,I01.png,2.9,1.044,09,04
44,I01_09_05.png,I01.png,1.37,0.547,09,05
45,I01_10_01.png,I01.png,4.37,0.657,10,01
46,I01_10_02.png,I01.png,3.93,0.854,10,02
47,I01_10_03.png,I01.png,3.77,0.803,10,03
48,I01_10_04.png,I01.png,1.58,0.555,10,04
49,I01_10_05.png,I01.png,1.17,0.373,10,05
50,I01_11_01.png,I01.png,4.03,0.948,11,01
51,I01_11_02.png,I01.png,3.27,0.814,11,02
52,I01_11_03.png,I01.png,2.67,0.745,11,03
53,I01_11_04.png,I01.png,2.27,0.772,11,04
54,I01_11_05.png,I01.png,2.37,0.752,11,05
55,I01_12_01.png,I01.png,4.43,0.559,12,01
56,I01_12_02.png,I01.png,3.7,0.69,12,02
57,I01_12_03.png,I01.png,2.77,0.883,12,03
58,I01_12_04.png,I01.png,2.37,0.836,12,04
59,I01_12_05.png,I01.png,1.97,0.547,12,05
60,I01_13_01.png,I01.png,3.67,0.789,13,01
61,I01_13_02.png,I01.png,2.87,1.087,13,02
62,I01_13_03.png,I01.png,2.6,0.663,13,03
63,I01_13_04.png,I01.png,2.07,0.727,13,04
64,I01_13_05.png,I01.png,2.03,0.657,13,05
65,I01_14_01.png,I01.png,4.57,0.616,14,01
66,I01_14_02.png,I01.png,3.57,1.023,14,02
67,I01_14_03.png,I01.png,3.13,0.846,14,03
68,I01_14_04.png,I01.png,2.5,0.764,14,04
69,I01_14_05.png,I01.png,2.27,0.68,14,05
70,I01_15_01.png,I01.png,3.57,0.989,15,01
71,I01_15_02.png,I01.png,2.63,0.912,15,02
72,I01_15_03.png,I01.png,1.77,0.607,15,03
73,I01_15_04.png,I01.png,1.4,0.49,15,04
74,I01_15_05.png,I01.png,1.33,0.471,15,05
75,I01_16_01.png,I01.png,4.37,0.547,16,01
76,I01_16_02.png,I01.png,4.47,0.562,16,02
77,I01_16_03.png,I01.png,3.94,0.504,16,03
78,I01_16_04.png,I01.png,3.17,0.898,16,04
79,I01_16_05.png,I01.png,2.18,0.796,16,05
80,I01_17_01.png,I01.png,4.5,0.5,17,01
81,I01_17_02.png,I01.png,4.57,0.496,17,02
82,I01_17_03.png,I01.png,4.33,0.596,17,03
83,I01_17_04.png,I01.png,3.4,0.879,17,04
84,I01_17_05.png,I01.png,2.13,0.846,17,05
85,I01_18_01.png,I01.png,4.5,0.5,18,01
86,I01_18_02.png,I01.png,4.57,0.496,18,02
87,I01_18_03.png,I01.png,4.57,0.496,18,03
88,I01_18_04.png,I01.png,4.37,0.795,18,04
89,I01_18_05.png,I01.png,3.97,0.657,18,05
90,I01_19_01.png,I01.png,4.53,0.499,19,01
91,I01_19_02.png,I01.png,3.93,0.727,19,02
92,I01_19_03.png,I01.png,2.77,0.803,19,03
93,I01_19_04.png,I01.png,1.53,0.562,19,04
94,I01_19_05.png,I01.png,1.37,0.482,19,05
95,I01_20_01.png,I01.png,4.53,0.67,20,01
96,I01_20_02.png,I01.png,3.9,1.136,20,02
97,I01_20_03.png,I01.png,4.0,0.966,20,03
98,I01_20_04.png,I01.png,3.33,1.35,20,04
99,I01_20_05.png,I01.png,3.23,1.542,20,05
100,I01_21_01.png,I01.png,3.37,0.948,21,01
101,I01_21_02.png,I01.png,2.57,0.883,21,02
102,I01_21_03.png,I01.png,2.03,0.74,21,03
103,I01_21_04.png,I01.png,2.13,0.884,21,04
104,I01_21_05.png,I01.png,1.43,0.559,21,05
105,I01_22_01.png,I01.png,4.63,0.605,22,01
106,I01_22_02.png,I01.png,4.0,0.894,22,02
107,I01_22_03.png,I01.png,4.0,0.931,22,03
108,I01_22_04.png,I01.png,3.2,0.98,22,04
109,I01_22_05.png,I01.png,2.2,0.909,22,05
110,I01_23_01.png,I01.png,2.73,0.929,23,01
111,I01_23_02.png,I01.png,2.17,0.86,23,02
112,I01_23_03.png,I01.png,2.2,0.945,23,03
113,I01_23_04.png,I01.png,2.37,1.197,23,04
114,I01_23_05.png,I01.png,1.57,0.616,23,05
115,I01_24_01.png,I01.png,3.57,0.92,24,01
116,I01_24_02.png,I01.png,2.5,0.847,24,02
117,I01_24_03.png,I01.png,1.87,0.67,24,03
118,I01_24_04.png,I01.png,1.6,0.554,24,04
119,I01_24_05.png,I01.png,1.4,0.554,24,05
120,I01_25_01.png,I01.png,3.43,0.844,25,01
121,I01_25_02.png,I01.png,3.87,0.806,25,02
122,I01_25_03.png,I01.png,4.26,0.566,25,03
123,I01_25_04.png,I01.png,4.17,0.582,25,04
124,I01_25_05.png,I01.png,3.27,0.854,25,05
125,I02_01_01.png,I02.png,4.5,0.719,01,01
126,I02_01_02.png,I02.png,4.17,0.934,01,02
127,I02_01_03.png,I02.png,2.07,0.772,01,03
128,I02_01_04.png,I02.png,1.57,0.496,01,04
129,I02_01_05.png,I02.png,1.27,0.512,01,05
130,I02_02_01.png,I02.png,3.2,0.748,02,01
131,I02_02_02.png,I02.png,2.27,0.854,02,02
132,I02_02_03.png,I02.png,1.57,0.616,02,03
133,I02_02_04.png,I02.png,1.17,0.373,02,04
134,I02_02_05.png,I02.png,1.0,0.0,02,05
135,I02_03_01.png,I02.png,4.6,0.554,03,01
136,I02_03_02.png,I02.png,3.77,0.716,03,02
137,I02_03_03.png,I02.png,2.33,0.699,03,03
138,I02_03_04.png,I02.png,1.8,0.542,03,04
139,I02_03_05.png,I02.png,1.2,0.4,03,05
140,I02_04_01.png,I02.png,4.3,0.64,04,01
141,I02_04_02.png,I02.png,2.67,0.869,04,02
142,I02_04_03.png,I02.png,1.87,0.763,04,03
143,I02_04_04.png,I02.png,1.77,0.716,04,04
144,I02_04_05.png,I02.png,1.53,0.718,04,05
145,I02_05_01.png,I02.png,3.77,0.761,05,01
146,I02_05_02.png,I02.png,1.8,0.476,05,02
147,I02_05_03.png,I02.png,1.33,0.471,05,03
148,I02_05_04.png,I02.png,1.37,0.482,05,04
149,I02_05_05.png,I02.png,1.47,0.562,05,05
150,I02_06_01.png,I02.png,4.2,0.872,06,01
151,I02_06_02.png,I02.png,4.07,0.727,06,02
152,I02_06_03.png,I02.png,3.97,0.948,06,03
153,I02_06_04.png,I02.png,3.7,0.936,06,04
154,I02_06_05.png,I02.png,2.63,0.983,06,05
155,I02_07_01.png,I02.png,2.47,1.087,07,01
156,I02_07_02.png,I02.png,2.37,1.048,07,02
157,I02_07_03.png,I02.png,2.06,1.045,07,03
158,I02_07_04.png,I02.png,1.97,1.048,07,04
159,I02_07_05.png,I02.png,1.53,0.763,07,05
160,I02_08_01.png,I02.png,4.4,0.554,08,01
161,I02_08_02.png,I02.png,3.4,0.879,08,02
162,I02_08_03.png,I02.png,3.06,1.043,08,03
163,I02_08_04.png,I02.png,1.97,0.912,08,04
164,I02_08_05.png,I02.png,1.37,0.752,08,05
165,I02_09_01.png,I02.png,4.57,0.716,09,01
166,I02_09_02.png,I02.png,3.73,0.814,09,02
167,I02_09_03.png,I02.png,3.07,1.123,09,03
168,I02_09_04.png,I02.png,1.53,0.562,09,04
169,I02_09_05.png,I02.png,1.27,0.442,09,05
170,I02_10_01.png,I02.png,4.6,0.554,10,01
171,I02_10_02.png,I02.png,4.33,0.596,10,02
172,I02_10_03.png,I02.png,4.13,0.718,10,03
173,I02_10_04.png,I02.png,2.6,1.281,10,04
174,I02_10_05.png,I02.png,1.6,0.757,10,05
175,I02_11_01.png,I02.png,4.27,0.929,11,01
176,I02_11_02.png,I02.png,3.7,0.936,11,02
177,I02_11_03.png,I02.png,3.4,0.841,11,03
178,I02_11_04.png,I02.png,2.73,0.772,11,04
179,I02_11_05.png,I02.png,2.3,0.69,11,05
180,I02_12_01.png,I02.png,4.63,0.547,12,01
181,I02_12_02.png,I02.png,4.06,0.84,12,02
182,I02_12_03.png,I02.png,3.67,0.83,12,03
183,I02_12_04.png,I02.png,2.6,0.8,12,04
184,I02_12_05.png,I02.png,2.37,0.706,12,05
185,I02_13_01.png,I02.png,4.2,0.702,13,01
186,I02_13_02.png,I02.png,3.33,1.164,13,02
187,I02_13_03.png,I02.png,2.73,0.892,13,03
188,I02_13_04.png,I02.png,2.53,0.806,13,04
189,I02_13_05.png,I02.png,1.97,0.547,13,05
190,I02_14_01.png,I02.png,4.33,0.699,14,01
191,I02_14_02.png,I02.png,3.37,0.836,14,02
192,I02_14_03.png,I02.png,2.7,0.781,14,03
193,I02_14_04.png,I02.png,2.33,0.869,14,04
194,I02_14_05.png,I02.png,2.0,0.73,14,05
195,I02_15_01.png,I02.png,3.57,0.883,15,01
196,I02_15_02.png,I02.png,2.77,0.716,15,02
197,I02_15_03.png,I02.png,2.03,0.795,15,03
198,I02_15_04.png,I02.png,1.5,0.563,15,04
199,I02_15_05.png,I02.png,1.5,0.671,15,05
200,I02_16_01.png,I02.png,4.4,0.841,16,01
201,I02_16_02.png,I02.png,4.4,0.554,16,02
202,I02_16_03.png,I02.png,3.77,0.716,16,03
203,I02_16_04.png,I02.png,2.9,0.907,16,04
204,I02_16_05.png,I02.png,1.83,0.734,16,05
205,I02_17_01.png,I02.png,4.5,0.5,17,01
206,I02_17_02.png,I02.png,4.63,0.547,17,02
207,I02_17_03.png,I02.png,4.33,0.596,17,03
208,I02_17_04.png,I02.png,3.63,0.795,17,04
209,I02_17_05.png,I02.png,1.9,0.79,17,05
210,I02_18_01.png,I02.png,4.13,0.67,18,01
211,I02_18_02.png,I02.png,4.63,0.547,18,02
212,I02_18_03.png,I02.png,4.73,0.442,18,03
213,I02_18_04.png,I02.png,4.33,0.537,18,04
214,I02_18_05.png,I02.png,4.03,0.605,18,05
215,I02_19_01.png,I02.png,4.17,0.778,19,01
216,I02_19_02.png,I02.png,4.0,0.73,19,02
217,I02_19_03.png,I02.png,3.23,0.955,19,03
218,I02_19_04.png,I02.png,1.57,0.496,19,04
219,I02_19_05.png,I02.png,1.3,0.458,19,05
220,I02_20_01.png,I02.png,4.5,0.671,20,01
221,I02_20_02.png,I02.png,4.47,0.618,20,02
222,I02_20_03.png,I02.png,4.4,0.712,20,03
223,I02_20_04.png,I02.png,3.83,0.898,20,04
224,I02_20_05.png,I02.png,4.4,0.841,20,05
225,I02_21_01.png,I02.png,4.2,1.046,21,01
226,I02_21_02.png,I02.png,3.23,0.955,21,02
227,I02_21_03.png,I02.png,3.13,1.118,21,03
228,I02_21_04.png,I02.png,2.67,1.011,21,04
229,I02_21_05.png,I02.png,1.37,0.547,21,05
230,I02_22_01.png,I02.png,4.73,0.442,22,01
231,I02_22_02.png,I02.png,4.26,0.879,22,02
232,I02_22_03.png,I02.png,4.4,0.841,22,03
233,I02_22_04.png,I02.png,3.93,0.929,22,04
234,I02_22_05.png,I02.png,3.2,1.013,22,05
235,I02_23_01.png,I02.png,2.1,0.907,23,01
236,I02_23_02.png,I02.png,2.7,1.038,23,02
237,I02_23_03.png,I02.png,2.27,0.998,23,03
238,I02_23_04.png,I02.png,2.2,0.748,23,04
239,I02_23_05.png,I02.png,2.07,0.772,23,05
240,I02_24_01.png,I02.png,3.07,0.964,24,01
241,I02_24_02.png,I02.png,1.93,0.68,24,02
242,I02_24_03.png,I02.png,1.47,0.618,24,03
243,I02_24_04.png,I02.png,1.23,0.423,24,04
244,I02_24_05.png,I02.png,1.2,0.476,24,05
245,I02_25_01.png,I02.png,3.37,0.795,25,01
246,I02_25_02.png,I02.png,3.7,0.936,25,02
247,I02_25_03.png,I02.png,4.27,0.512,25,03
248,I02_25_04.png,I02.png,4.1,0.746,25,04
249,I02_25_05.png,I02.png,3.33,0.699,25,05
250,I03_01_01.png,I03.png,4.7,0.458,01,01
251,I03_01_02.png,I03.png,4.63,0.482,01,02
252,I03_01_03.png,I03.png,3.0,0.856,01,03
253,I03_01_04.png,I03.png,1.83,0.637,01,04
254,I03_01_05.png,I03.png,1.17,0.373,01,05
255,I03_02_01.png,I03.png,4.03,0.836,02,01
256,I03_02_02.png,I03.png,2.7,0.9,02,02
257,I03_02_03.png,I03.png,1.7,0.64,02,03
258,I03_02_04.png,I03.png,1.47,0.562,02,04
259,I03_02_05.png,I03.png,1.23,0.496,02,05
260,I03_03_01.png,I03.png,4.6,0.49,03,01
261,I03_03_02.png,I03.png,4.37,0.706,03,02
262,I03_03_03.png,I03.png,2.93,0.814,03,03
263,I03_03_04.png,I03.png,2.23,0.716,03,04
264,I03_03_05.png,I03.png,1.63,0.605,03,05
265,I03_04_01.png,I03.png,4.6,0.49,04,01
266,I03_04_02.png,I03.png,2.9,0.978,04,02
267,I03_04_03.png,I03.png,1.53,0.718,04,03
268,I03_04_04.png,I03.png,1.2,0.6,04,04
269,I03_04_05.png,I03.png,1.1,0.3,04,05
270,I03_05_01.png,I03.png,4.78,0.413,05,01
271,I03_05_02.png,I03.png,2.65,0.785,05,02
272,I03_05_03.png,I03.png,2.0,0.683,05,03
273,I03_05_04.png,I03.png,1.87,0.718,05,04
274,I03_05_05.png,I03.png,2.23,0.989,05,05
275,I03_06_01.png,I03.png,4.0,0.856,06,01
276,I03_06_02.png,I03.png,3.8,1.013,06,02
277,I03_06_03.png,I03.png,3.33,1.011,06,03
278,I03_06_04.png,I03.png,2.83,0.934,06,04
279,I03_06_05.png,I03.png,1.77,0.667,06,05
280,I03_07_01.png,I03.png,2.37,1.08,07,01
281,I03_07_02.png,I03.png,1.67,0.83,07,02
282,I03_07_03.png,I03.png,1.43,0.559,07,03
283,I03_07_04.png,I03.png,1.53,0.67,07,04
284,I03_07_05.png,I03.png,1.47,0.618,07,05
285,I03_08_01.png,I03.png,4.53,0.562,08,01
286,I03_08_02.png,I03.png,3.13,1.024,08,02
287,I03_08_03.png,I03.png,2.47,0.957,08,03
288,I03_08_04.png,I03.png,1.37,0.547,08,04
289,I03_08_05.png,I03.png,1.23,0.496,08,05
290,I03_09_01.png,I03.png,4.4,0.757,09,01
291,I03_09_02.png,I03.png,3.6,0.987,09,02
292,I03_09_03.png,I03.png,3.1,0.978,09,03
293,I03_09_04.png,I03.png,1.77,0.616,09,04
294,I03_09_05.png,I03.png,1.1,0.3,09,05
295,I03_10_01.png,I03.png,4.47,0.67,10,01
296,I03_10_02.png,I03.png,4.17,0.898,10,02
297,I03_10_03.png,I03.png,3.7,1.005,10,03
298,I03_10_04.png,I03.png,2.23,0.667,10,04
299,I03_10_05.png,I03.png,1.53,0.718,10,05
300,I03_11_01.png,I03.png,3.97,0.836,11,01
301,I03_11_02.png,I03.png,3.6,0.757,11,02
302,I03_11_03.png,I03.png,3.27,0.854,11,03
303,I03_11_04.png,I03.png,2.93,0.929,11,04
304,I03_11_05.png,I03.png,2.5,0.847,11,05
305,I03_12_01.png,I03.png,4.57,0.496,12,01
306,I03_12_02.png,I03.png,3.87,0.763,12,02
307,I03_12_03.png,I03.png,3.17,0.734,12,03
308,I03_12_04.png,I03.png,2.9,0.907,12,04
309,I03_12_05.png,I03.png,2.6,0.917,12,05
310,I03_13_01.png,I03.png,4.4,0.611,13,01
311,I03_13_02.png,I03.png,3.57,0.989,13,02
312,I03_13_03.png,I03.png,2.83,0.778,13,03
313,I03_13_04.png,I03.png,2.3,0.823,13,04
314,I03_13_05.png,I03.png,2.4,0.663,13,05
315,I03_14_01.png,I03.png,4.4,0.554,14,01
316,I03_14_02.png,I03.png,3.5,0.992,14,02
317,I03_14_03.png,I03.png,3.03,0.948,14,03
318,I03_14_04.png,I03.png,2.53,0.67,14,04
319,I03_14_05.png,I03.png,2.17,0.582,14,05
320,I03_15_01.png,I03.png,4.13,0.763,15,01
321,I03_15_02.png,I03.png,3.3,1.038,15,02
322,I03_15_03.png,I03.png,2.53,0.806,15,03
323,I03_15_04.png,I03.png,1.9,0.597,15,04
324,I03_15_05.png,I03.png,1.43,0.559,15,05
325,I03_16_01.png,I03.png,4.37,0.482,16,01
326,I03_16_02.png,I03.png,4.27,0.512,16,02
327,I03_16_03.png,I03.png,2.87,0.991,16,03
328,I03_16_04.png,I03.png,2.3,0.9,16,04
329,I03_16_05.png,I03.png,1.4,0.554,16,05
330,I03_17_01.png,I03.png,4.5,0.5,17,01
331,I03_17_02.png,I03.png,4.63,0.547,17,02
332,I03_17_03.png,I03.png,4.4,0.49,17,03
333,I03_17_04.png,I03.png,3.67,0.745,17,04
334,I03_17_05.png,I03.png,2.77,1.086,17,05
335,I03_18_01.png,I03.png,4.23,0.716,18,01
336,I03_18_02.png,I03.png,4.73,0.442,18,02
337,I03_18_03.png,I03.png,4.5,0.619,18,03
338,I03_18_04.png,I03.png,4.47,0.499,18,04
339,I03_18_05.png,I03.png,4.2,0.653,18,05
340,I03_19_01.png,I03.png,4.17,0.734,19,01
341,I03_19_02.png,I03.png,3.33,0.699,19,02
342,I03_19_03.png,I03.png,3.17,0.934,19,03
343,I03_19_04.png,I03.png,1.77,0.667,19,04
344,I03_19_05.png,I03.png,1.37,0.482,19,05
345,I03_20_01.png,I03.png,4.37,0.912,20,01
346,I03_20_02.png,I03.png,4.67,0.471,20,02
347,I03_20_03.png,I03.png,4.23,0.716,20,03
348,I03_20_04.png,I03.png,4.17,1.098,20,04
349,I03_20_05.png,I03.png,3.63,1.016,20,05
350,I03_21_01.png,I03.png,3.97,1.048,21,01
351,I03_21_02.png,I03.png,2.8,0.945,21,02
352,I03_21_03.png,I03.png,2.73,0.789,21,03
353,I03_21_04.png,I03.png,2.87,0.806,21,04
354,I03_21_05.png,I03.png,1.39,0.487,21,05
355,I03_22_01.png,I03.png,4.4,0.757,22,01
356,I03_22_02.png,I03.png,4.6,0.611,22,02
357,I03_22_03.png,I03.png,4.23,0.844,22,03
358,I03_22_04.png,I03.png,4.07,0.854,22,04
359,I03_22_05.png,I03.png,4.0,0.683,22,05
360,I03_23_01.png,I03.png,3.2,1.222,23,01
361,I03_23_02.png,I03.png,2.3,0.862,23,02
362,I03_23_03.png,I03.png,2.47,1.056,23,03
363,I03_23_04.png,I03.png,2.1,0.79,23,04
364,I03_23_05.png,I03.png,2.2,0.945,23,05
365,I03_24_01.png,I03.png,3.67,0.789,24,01
366,I03_24_02.png,I03.png,2.47,0.921,24,02
367,I03_24_03.png,I03.png,1.9,0.79,24,03
368,I03_24_04.png,I03.png,1.4,0.611,24,04
369,I03_24_05.png,I03.png,1.13,0.34,24,05
370,I03_25_01.png,I03.png,3.67,0.699,25,01
371,I03_25_02.png,I03.png,3.84,0.723,25,02
372,I03_25_03.png,I03.png,4.63,0.605,25,03
373,I03_25_04.png,I03.png,4.4,0.49,25,04
374,I03_25_05.png,I03.png,3.67,0.789,25,05
375,I04_01_01.png,I04.png,4.77,0.423,01,01
376,I04_01_02.png,I04.png,4.3,0.69,01,02
377,I04_01_03.png,I04.png,2.5,0.992,01,03
378,I04_01_04.png,I04.png,1.57,0.616,01,04
379,I04_01_05.png,I04.png,1.2,0.4,01,05
380,I04_02_01.png,I04.png,3.57,0.667,02,01
381,I04_02_02.png,I04.png,2.43,0.667,02,02
382,I04_02_03.png,I04.png,1.5,0.671,02,03
383,I04_02_04.png,I04.png,1.43,0.559,02,04
384,I04_02_05.png,I04.png,1.2,0.4,02,05
385,I04_03_01.png,I04.png,4.7,0.526,03,01
386,I04_03_02.png,I04.png,4.17,0.687,03,02
387,I04_03_03.png,I04.png,2.63,0.795,03,03
388,I04_03_04.png,I04.png,1.93,0.727,03,04
389,I04_03_05.png,I04.png,1.6,0.49,03,05
390,I04_04_01.png,I04.png,4.33,0.745,04,01
391,I04_04_02.png,I04.png,3.07,0.929,04,02
392,I04_04_03.png,I04.png,2.37,1.016,04,03
393,I04_04_04.png,I04.png,1.97,0.999,04,04
394,I04_04_05.png,I04.png,1.67,0.907,04,05
395,I04_05_01.png,I04.png,3.7,0.862,05,01
396,I04_05_02.png,I04.png,1.83,0.82,05,02
397,I04_05_03.png,I04.png,1.93,0.814,05,03
398,I04_05_04.png,I04.png,1.43,0.496,05,04
399,I04_05_05.png,I04.png,1.47,0.562,05,05
400,I04_06_01.png,I04.png,4.37,0.875,06,01
401,I04_06_02.png,I04.png,4.43,0.667,06,02
402,I04_06_03.png,I04.png,3.83,1.035,06,03
403,I04_06_04.png,I04.png,3.47,0.846,06,04
404,I04_06_05.png,I04.png,2.73,0.854,06,05
405,I04_07_01.png,I04.png,2.7,0.971,07,01
406,I04_07_02.png,I04.png,2.63,1.11,07,02
407,I04_07_03.png,I04.png,2.7,0.862,07,03
408,I04_07_04.png,I04.png,2.57,0.955,07,04
409,I04_07_05.png,I04.png,2.16,0.766,07,05
410,I04_08_01.png,I04.png,4.7,0.458,08,01
411,I04_08_02.png,I04.png,3.43,1.146,08,02
412,I04_08_03.png,I04.png,3.13,0.846,08,03
413,I04_08_04.png,I04.png,2.33,0.978,08,04
414,I04_08_05.png,I04.png,1.83,0.778,08,05
415,I04_09_01.png,I04.png,4.6,0.554,09,01
416,I04_09_02.png,I04.png,4.4,0.663,09,02
417,I04_09_03.png,I04.png,4.07,0.892,09,03
418,I04_09_04.png,I04.png,1.73,0.727,09,04
419,I04_09_05.png,I04.png,1.23,0.496,09,05
420,I04_10_01.png,I04.png,4.27,0.727,10,01
421,I04_10_02.png,I04.png,4.1,0.597,10,02
422,I04_10_03.png,I04.png,3.87,0.562,10,03
423,I04_10_04.png,I04.png,1.87,0.67,10,04
424,I04_10_05.png,I04.png,1.23,0.423,10,05
425,I04_11_01.png,I04.png,3.63,0.912,11,01
426,I04_11_02.png,I04.png,3.57,0.803,11,02
427,I04_11_03.png,I04.png,3.03,0.836,11,03
428,I04_11_04.png,I04.png,2.4,0.663,11,04
429,I04_11_05.png,I04.png,2.3,0.64,11,05
430,I04_12_01.png,I04.png,4.33,0.699,12,01
431,I04_12_02.png,I04.png,3.27,0.814,12,02
432,I04_12_03.png,I04.png,3.2,0.792,12,03
433,I04_12_04.png,I04.png,2.5,0.806,12,04
434,I04_12_05.png,I04.png,2.2,0.542,12,05
435,I04_13_01.png,I04.png,3.43,0.761,13,01
436,I04_13_02.png,I04.png,2.83,0.82,13,02
437,I04_13_03.png,I04.png,2.73,0.814,13,03
438,I04_13_04.png,I04.png,2.2,0.702,13,04
439,I04_13_05.png,I04.png,1.87,0.718,13,05
440,I04_14_01.png,I04.png,4.53,0.67,14,01
441,I04_14_02.png,I04.png,3.23,0.883,14,02
442,I04_14_03.png,I04.png,2.83,0.86,14,03
443,I04_14_04.png,I04.png,2.4,0.917,14,04
444,I04_14_05.png,I04.png,2.1,0.7,14,05
445,I04_15_01.png,I04.png,3.8,0.702,15,01
446,I04_15_02.png,I04.png,2.7,0.862,15,02
447,I04_15_03.png,I04.png,2.23,0.761,15,03
448,I04_15_04.png,I04.png,1.67,0.471,15,04
449,I04_15_05.png,I04.png,1.27,0.512,15,05
450,I04_16_01.png,I04.png,4.57,0.496,16,01
451,I04_16_02.png,I04.png,4.47,0.67,16,02
452,I04_16_03.png,I04.png,3.83,0.734,16,03
453,I04_16_04.png,I04.png,2.73,0.854,16,04
454,I04_16_05.png,I04.png,2.03,0.836,16,05
455,I04_17_01.png,I04.png,4.53,0.718,17,01
456,I04_17_02.png,I04.png,4.6,0.49,17,02
457,I04_17_03.png,I04.png,3.97,0.605,17,03
458,I04_17_04.png,I04.png,3.4,0.879,17,04
459,I04_17_05.png,I04.png,1.97,0.836,17,05
460,I04_18_01.png,I04.png,4.27,0.68,18,01
461,I04_18_02.png,I04.png,4.63,0.605,18,02
462,I04_18_03.png,I04.png,4.87,0.34,18,03
463,I04_18_04.png,I04.png,4.57,0.496,18,04
464,I04_18_05.png,I04.png,3.63,0.657,18,05
465,I04_19_01.png,I04.png,4.33,0.537,19,01
466,I04_19_02.png,I04.png,3.9,0.907,19,02
467,I04_19_03.png,I04.png,3.03,0.822,19,03
468,I04_19_04.png,I04.png,1.6,0.611,19,04
469,I04_19_05.png,I04.png,1.33,0.471,19,05
470,I04_20_01.png,I04.png,4.6,0.554,20,01
471,I04_20_02.png,I04.png,4.1,1.136,20,02
472,I04_20_03.png,I04.png,4.1,0.943,20,03
473,I04_20_04.png,I04.png,3.6,1.143,20,04
474,I04_20_05.png,I04.png,4.1,0.907,20,05
475,I04_21_01.png,I04.png,4.4,0.663,21,01
476,I04_21_02.png,I04.png,3.17,0.969,21,02
477,I04_21_03.png,I04.png,3.03,0.948,21,03
478,I04_21_04.png,I04.png,2.93,0.854,21,04
479,I04_21_05.png,I04.png,1.27,0.442,21,05
480,I04_22_01.png,I04.png,4.17,0.898,22,01
481,I04_22_02.png,I04.png,3.68,1.059,22,02
482,I04_22_03.png,I04.png,3.6,1.2,22,03
483,I04_22_04.png,I04.png,3.37,1.11,22,04
484,I04_22_05.png,I04.png,2.9,1.027,22,05
485,I04_23_01.png,I04.png,2.27,0.964,23,01
486,I04_23_02.png,I04.png,2.37,0.836,23,02
487,I04_23_03.png,I04.png,1.87,0.718,23,03
488,I04_23_04.png,I04.png,2.23,0.667,23,04
489,I04_23_05.png,I04.png,2.2,0.748,23,05
490,I04_24_01.png,I04.png,3.77,0.844,24,01
491,I04_24_02.png,I04.png,2.6,0.8,24,02
492,I04_24_03.png,I04.png,2.0,0.683,24,03
493,I04_24_04.png,I04.png,1.67,0.65,24,04
494,I04_24_05.png,I04.png,1.5,0.719,24,05
495,I04_25_01.png,I04.png,3.61,0.704,25,01
496,I04_25_02.png,I04.png,3.73,0.772,25,02
497,I04_25_03.png,I04.png,3.9,0.79,25,03
498,I04_25_04.png,I04.png,4.23,0.559,25,04
499,I04_25_05.png,I04.png,3.43,0.844,25,05
500,I05_01_01.png,I05.png,4.6,0.663,01,01
501,I05_01_02.png,I05.png,4.47,0.562,01,02
502,I05_01_03.png,I05.png,2.83,0.82,01,03
503,I05_01_04.png,I05.png,1.7,0.586,01,04
504,I05_01_05.png,I05.png,1.17,0.373,01,05
505,I05_02_01.png,I05.png,3.67,0.869,02,01
506,I05_02_02.png,I05.png,2.63,0.752,02,02
507,I05_02_03.png,I05.png,1.57,0.616,02,03
508,I05_02_04.png,I05.png,1.33,0.471,02,04
509,I05_02_05.png,I05.png,1.37,0.547,02,05
510,I05_03_01.png,I05.png,4.47,0.562,03,01
511,I05_03_02.png,I05.png,3.9,0.87,03,02
512,I05_03_03.png,I05.png,2.68,0.69,03,03
513,I05_03_04.png,I05.png,1.87,0.562,03,04
514,I05_03_05.png,I05.png,1.53,0.562,03,05
515,I05_04_01.png,I05.png,4.57,0.496,04,01
516,I05_04_02.png,I05.png,3.0,1.0,04,02
517,I05_04_03.png,I05.png,1.77,0.716,04,03
518,I05_04_04.png,I05.png,1.57,0.616,04,04
519,I05_04_05.png,I05.png,1.53,0.67,04,05
520,I05_05_01.png,I05.png,4.23,0.616,05,01
521,I05_05_02.png,I05.png,2.27,0.929,05,02
522,I05_05_03.png,I05.png,1.83,0.734,05,03
523,I05_05_04.png,I05.png,1.67,0.537,05,04
524,I05_05_05.png,I05.png,1.63,0.605,05,05
525,I05_06_01.png,I05.png,4.33,0.699,06,01
526,I05_06_02.png,I05.png,4.37,0.605,06,02
527,I05_06_03.png,I05.png,4.27,0.727,06,03
528,I05_06_04.png,I05.png,3.63,0.983,06,04
529,I05_06_05.png,I05.png,2.9,1.136,06,05
530,I05_07_01.png,I05.png,2.57,0.844,07,01
531,I05_07_02.png,I05.png,2.33,1.011,07,02
532,I05_07_03.png,I05.png,2.1,0.79,07,03
533,I05_07_04.png,I05.png,2.23,0.989,07,04
534,I05_07_05.png,I05.png,2.23,0.989,07,05
535,I05_08_01.png,I05.png,4.73,0.442,08,01
536,I05_08_02.png,I05.png,3.37,0.795,08,02
537,I05_08_03.png,I05.png,2.77,0.955,08,03
538,I05_08_04.png,I05.png,1.63,0.752,08,04
539,I05_08_05.png,I05.png,1.7,0.971,08,05
540,I05_09_01.png,I05.png,4.3,0.586,09,01
541,I05_09_02.png,I05.png,2.6,1.114,09,02
542,I05_09_03.png,I05.png,2.37,1.11,09,03
543,I05_09_04.png,I05.png,1.57,0.667,09,04
544,I05_09_05.png,I05.png,1.23,0.423,09,05
545,I05_10_01.png,I05.png,4.43,0.716,10,01
546,I05_10_02.png,I05.png,4.4,0.554,10,02
547,I05_10_03.png,I05.png,4.3,0.737,10,03
548,I05_10_04.png,I05.png,2.47,1.284,10,04
549,I05_10_05.png,I05.png,1.27,0.512,10,05
550,I05_11_01.png,I05.png,4.4,0.841,11,01
551,I05_11_02.png,I05.png,4.23,0.791,11,02
552,I05_11_03.png,I05.png,3.83,1.098,11,03
553,I05_11_04.png,I05.png,3.33,0.789,11,04
554,I05_11_05.png,I05.png,2.53,0.806,11,05
555,I05_12_01.png,I05.png,4.53,0.499,12,01
556,I05_12_02.png,I05.png,4.43,0.761,12,02
557,I05_12_03.png,I05.png,4.06,0.669,12,03
558,I05_12_04.png,I05.png,3.03,0.836,12,04
559,I05_12_05.png,I05.png,2.8,0.833,12,05
560,I05_13_01.png,I05.png,3.47,1.118,13,01
561,I05_13_02.png,I05.png,2.63,0.983,13,02
562,I05_13_03.png,I05.png,2.3,0.9,13,03
563,I05_13_04.png,I05.png,2.07,0.68,13,04
564,I05_13_05.png,I05.png,2.07,0.929,13,05
565,I05_14_01.png,I05.png,4.37,0.482,14,01
566,I05_14_02.png,I05.png,4.37,0.605,14,02
567,I05_14_03.png,I05.png,4.47,0.562,14,03
568,I05_14_04.png,I05.png,4.2,0.653,14,04
569,I05_14_05.png,I05.png,3.61,0.904,14,05
570,I05_15_01.png,I05.png,3.5,0.885,15,01
571,I05_15_02.png,I05.png,2.7,0.971,15,02
572,I05_15_03.png,I05.png,2.17,0.82,15,03
573,I05_15_04.png,I05.png,1.87,0.884,15,04
574,I05_15_05.png,I05.png,1.47,0.562,15,05
575,I05_16_01.png,I05.png,4.43,0.667,16,01
576,I05_16_02.png,I05.png,4.37,0.482,16,02
577,I05_16_03.png,I05.png,3.67,0.699,16,03
578,I05_16_04.png,I05.png,3.1,0.943,16,04
579,I05_16_05.png,I05.png,2.27,0.854,16,05
580,I05_17_01.png,I05.png,4.5,0.619,17,01
581,I05_17_02.png,I05.png,4.47,0.618,17,02
582,I05_17_03.png,I05.png,3.53,0.884,17,03
583,I05_17_04.png,I05.png,2.7,1.005,17,04
584,I05_17_05.png,I05.png,1.3,0.458,17,05
585,I05_18_01.png,I05.png,4.4,0.879,18,01
586,I05_18_02.png,I05.png,4.47,0.718,18,02
587,I05_18_03.png,I05.png,4.37,0.482,18,03
588,I05_18_04.png,I05.png,4.0,0.683,18,04
589,I05_18_05.png,I05.png,2.77,1.023,18,05
590,I05_19_01.png,I05.png,4.03,0.657,19,01
591,I05_19_02.png,I05.png,3.53,0.718,19,02
592,I05_19_03.png,I05.png,3.13,0.718,19,03
593,I05_19_04.png,I05.png,2.0,0.816,19,04
594,I05_19_05.png,I05.png,1.23,0.423,19,05
595,I05_20_01.png,I05.png,4.47,0.846,20,01
596,I05_20_02.png,I05.png,4.53,0.562,20,02
597,I05_20_03.png,I05.png,4.4,0.611,20,03
598,I05_20_04.png,I05.png,4.43,0.716,20,04
599,I05_20_05.png,I05.png,3.97,0.948,20,05
600,I05_21_01.png,I05.png,4.17,0.82,21,01
601,I05_21_02.png,I05.png,3.7,1.069,21,02
602,I05_21_03.png,I05.png,3.4,1.172,21,03
603,I05_21_04.png,I05.png,3.27,1.031,21,04
604,I05_21_05.png,I05.png,1.4,0.611,21,05
605,I05_22_01.png,I05.png,4.3,0.737,22,01
606,I05_22_02.png,I05.png,4.53,0.618,22,02
607,I05_22_03.png,I05.png,4.07,0.892,22,03
608,I05_22_04.png,I05.png,4.03,1.08,22,04
609,I05_22_05.png,I05.png,4.17,0.82,22,05
610,I05_23_01.png,I05.png,2.33,1.043,23,01
611,I05_23_02.png,I05.png,2.1,0.7,23,02
612,I05_23_03.png,I05.png,1.87,0.763,23,03
613,I05_23_04.png,I05.png,1.8,0.702,23,04
614,I05_23_05.png,I05.png,1.8,0.542,23,05
615,I05_24_01.png,I05.png,3.07,1.031,24,01
616,I05_24_02.png,I05.png,1.9,0.87,24,02
617,I05_24_03.png,I05.png,1.77,0.667,24,03
618,I05_24_04.png,I05.png,1.23,0.423,24,04
619,I05_24_05.png,I05.png,1.2,0.4,24,05
620,I05_25_01.png,I05.png,2.9,0.831,25,01
621,I05_25_02.png,I05.png,3.5,0.806,25,02
622,I05_25_03.png,I05.png,4.0,0.73,25,03
623,I05_25_04.png,I05.png,4.23,0.761,25,04
624,I05_25_05.png,I05.png,3.6,0.663,25,05
625,I06_01_01.png,I06.png,4.7,0.458,01,01
626,I06_01_02.png,I06.png,4.33,0.699,01,02
627,I06_01_03.png,I06.png,3.43,0.92,01,03
628,I06_01_04.png,I06.png,2.13,0.67,01,04
629,I06_01_05.png,I06.png,1.53,0.618,01,05
630,I06_02_01.png,I06.png,4.13,0.884,02,01
631,I06_02_02.png,I06.png,3.6,0.8,02,02
632,I06_02_03.png,I06.png,2.13,0.562,02,03
633,I06_02_04.png,I06.png,1.57,0.616,02,04
634,I06_02_05.png,I06.png,1.63,0.795,02,05
635,I06_03_01.png,I06.png,4.47,0.806,03,01
636,I06_03_02.png,I06.png,4.27,0.814,03,02
637,I06_03_03.png,I06.png,3.27,0.814,03,03
638,I06_03_04.png,I06.png,2.9,0.79,03,04
639,I06_03_05.png,I06.png,2.17,0.687,03,05
640,I06_04_01.png,I06.png,4.6,0.49,04,01
641,I06_04_02.png,I06.png,2.27,0.892,04,02
642,I06_04_03.png,I06.png,2.1,0.79,04,03
643,I06_04_04.png,I06.png,2.27,0.929,04,04
644,I06_04_05.png,I06.png,1.77,0.92,04,05
645,I06_05_01.png,I06.png,4.43,0.803,05,01
646,I06_05_02.png,I06.png,3.13,0.921,05,02
647,I06_05_03.png,I06.png,2.2,1.077,05,03
648,I06_05_04.png,I06.png,1.8,0.542,05,04
649,I06_05_05.png,I06.png,1.8,0.702,05,05
650,I06_06_01.png,I06.png,4.4,0.663,06,01
651,I06_06_02.png,I06.png,3.73,0.929,06,02
652,I06_06_03.png,I06.png,3.87,0.846,06,03
653,I06_06_04.png,I06.png,3.33,0.83,06,04
654,I06_06_05.png,I06.png,2.4,0.917,06,05
655,I06_07_01.png,I06.png,2.67,0.978,07,01
656,I06_07_02.png,I06.png,2.77,1.116,07,02
657,I06_07_03.png,I06.png,2.23,1.023,07,03
658,I06_07_04.png,I06.png,2.23,0.989,07,04
659,I06_07_05.png,I06.png,2.07,0.814,07,05
660,I06_08_01.png,I06.png,4.6,0.663,08,01
661,I06_08_02.png,I06.png,3.23,0.989,08,02
662,I06_08_03.png,I06.png,2.87,0.991,08,03
663,I06_08_04.png,I06.png,2.17,0.969,08,04
664,I06_08_05.png,I06.png,1.77,0.883,08,05
665,I06_09_01.png,I06.png,4.43,0.496,09,01
666,I06_09_02.png,I06.png,4.37,0.657,09,02
667,I06_09_03.png,I06.png,4.5,0.5,09,03
668,I06_09_04.png,I06.png,3.63,1.11,09,04
669,I06_09_05.png,I06.png,1.9,0.597,09,05
670,I06_10_01.png,I06.png,4.6,0.49,10,01
671,I06_10_02.png,I06.png,4.47,0.718,10,02
672,I06_10_03.png,I06.png,4.33,0.65,10,03
673,I06_10_04.png,I06.png,1.6,0.611,10,04
674,I06_10_05.png,I06.png,1.23,0.423,10,05
675,I06_11_01.png,I06.png,4.07,0.772,11,01
676,I06_11_02.png,I06.png,3.4,0.917,11,02
677,I06_11_03.png,I06.png,2.93,0.854,11,03
678,I06_11_04.png,I06.png,2.83,0.934,11,04
679,I06_11_05.png,I06.png,2.13,0.806,11,05
680,I06_12_01.png,I06.png,4.55,0.614,12,01
681,I06_12_02.png,I06.png,3.7,0.823,12,02
682,I06_12_03.png,I06.png,3.2,0.833,12,03
683,I06_12_04.png,I06.png,2.87,0.618,12,04
684,I06_12_05.png,I06.png,2.33,0.745,12,05
685,I06_13_01.png,I06.png,3.37,0.948,13,01
686,I06_13_02.png,I06.png,2.5,0.847,13,02
687,I06_13_03.png,I06.png,2.3,0.64,13,03
688,I06_13_04.png,I06.png,2.2,0.653,13,04
689,I06_13_05.png,I06.png,2.13,0.562,13,05
690,I06_14_01.png,I06.png,4.43,0.667,14,01
691,I06_14_02.png,I06.png,3.63,0.795,14,02
692,I06_14_03.png,I06.png,3.1,0.831,14,03
693,I06_14_04.png,I06.png,2.7,0.823,14,04
694,I06_14_05.png,I06.png,2.07,0.854,14,05
695,I06_15_01.png,I06.png,3.23,0.955,15,01
696,I06_15_02.png,I06.png,2.97,0.948,15,02
697,I06_15_03.png,I06.png,2.5,0.922,15,03
698,I06_15_04.png,I06.png,1.57,0.559,15,04
699,I06_15_05.png,I06.png,1.37,0.605,15,05
700,I06_16_01.png,I06.png,4.03,0.77,16,01
701,I06_16_02.png,I06.png,3.73,0.854,16,02
702,I06_16_03.png,I06.png,3.06,0.801,16,03
703,I06_16_04.png,I06.png,2.5,0.885,16,04
704,I06_16_05.png,I06.png,1.4,0.712,16,05
705,I06_17_01.png,I06.png,4.53,0.806,17,01
706,I06_17_02.png,I06.png,4.47,0.499,17,02
707,I06_17_03.png,I06.png,3.97,0.657,17,03
708,I06_17_04.png,I06.png,3.43,0.844,17,04
709,I06_17_05.png,I06.png,2.77,1.055,17,05
710,I06_18_01.png,I06.png,3.8,0.792,18,01
711,I06_18_02.png,I06.png,4.07,0.727,18,02
712,I06_18_03.png,I06.png,4.53,0.499,18,03
713,I06_18_04.png,I06.png,4.03,0.752,18,04
714,I06_18_05.png,I06.png,3.77,0.906,18,05
715,I06_19_01.png,I06.png,4.4,0.663,19,01
716,I06_19_02.png,I06.png,4.6,0.49,19,02
717,I06_19_03.png,I06.png,3.43,0.559,19,03
718,I06_19_04.png,I06.png,2.2,0.792,19,04
719,I06_19_05.png,I06.png,1.5,0.563,19,05
720,I06_20_01.png,I06.png,4.33,0.537,20,01
721,I06_20_02.png,I06.png,3.1,1.012,20,02
722,I06_20_03.png,I06.png,3.97,1.048,20,03
723,I06_20_04.png,I06.png,2.33,0.83,20,04
724,I06_20_05.png,I06.png,2.77,0.803,20,05
725,I06_21_01.png,I06.png,4.17,0.778,21,01
726,I06_21_02.png,I06.png,3.63,0.948,21,02
727,I06_21_03.png,I06.png,3.23,0.844,21,03
728,I06_21_04.png,I06.png,2.9,0.87,21,04
729,I06_21_05.png,I06.png,1.83,0.582,21,05
730,I06_22_01.png,I06.png,3.9,0.831,22,01
731,I06_22_02.png,I06.png,3.77,1.023,22,02
732,I06_22_03.png,I06.png,3.7,0.936,22,03
733,I06_22_04.png,I06.png,3.2,0.98,22,04
734,I06_22_05.png,I06.png,1.97,0.547,22,05
735,I06_23_01.png,I06.png,2.33,0.789,23,01
736,I06_23_02.png,I06.png,2.63,0.836,23,02
737,I06_23_03.png,I06.png,2.17,0.687,23,03
738,I06_23_04.png,I06.png,1.97,0.706,23,04
739,I06_23_05.png,I06.png,2.26,0.67,23,05
740,I06_24_01.png,I06.png,3.57,0.761,24,01
741,I06_24_02.png,I06.png,2.9,0.746,24,02
742,I06_24_03.png,I06.png,2.27,0.814,24,03
743,I06_24_04.png,I06.png,1.83,0.687,24,04
744,I06_24_05.png,I06.png,1.23,0.423,24,05
745,I06_25_01.png,I06.png,3.0,0.966,25,01
746,I06_25_02.png,I06.png,3.83,0.637,25,02
747,I06_25_03.png,I06.png,4.13,0.67,25,03
748,I06_25_04.png,I06.png,3.23,1.023,25,04
749,I06_25_05.png,I06.png,2.43,0.989,25,05
750,I07_01_01.png,I07.png,4.5,0.5,01,01
751,I07_01_02.png,I07.png,4.4,0.663,01,02
752,I07_01_03.png,I07.png,2.5,1.025,01,03
753,I07_01_04.png,I07.png,1.73,0.573,01,04
754,I07_01_05.png,I07.png,1.37,0.482,01,05
755,I07_02_01.png,I07.png,3.7,0.823,02,01
756,I07_02_02.png,I07.png,2.8,0.702,02,02
757,I07_02_03.png,I07.png,1.67,0.745,02,03
758,I07_02_04.png,I07.png,1.43,0.496,02,04
759,I07_02_05.png,I07.png,1.5,0.671,02,05
760,I07_03_01.png,I07.png,4.67,0.471,03,01
761,I07_03_02.png,I07.png,4.33,0.699,03,02
762,I07_03_03.png,I07.png,2.77,0.92,03,03
763,I07_03_04.png,I07.png,2.07,0.727,03,04
764,I07_03_05.png,I07.png,1.53,0.499,03,05
765,I07_04_01.png,I07.png,4.47,0.499,04,01
766,I07_04_02.png,I07.png,1.73,0.727,04,02
767,I07_04_03.png,I07.png,1.43,0.559,04,03
768,I07_04_04.png,I07.png,1.06,0.246,04,04
769,I07_04_05.png,I07.png,1.13,0.34,04,05
770,I07_05_01.png,I07.png,4.43,0.667,05,01
771,I07_05_02.png,I07.png,2.97,1.031,05,02
772,I07_05_03.png,I07.png,1.5,0.563,05,03
773,I07_05_04.png,I07.png,1.8,0.748,05,04
774,I07_05_05.png,I07.png,1.63,0.752,05,05
775,I07_06_01.png,I07.png,3.73,0.929,06,01
776,I07_06_02.png,I07.png,4.06,0.914,06,02
777,I07_06_03.png,I07.png,3.77,0.955,06,03
778,I07_06_04.png,I07.png,3.0,1.095,06,04
779,I07_06_05.png,I07.png,1.8,0.6,06,05
780,I07_07_01.png,I07.png,2.7,1.005,07,01
781,I07_07_02.png,I07.png,1.93,0.854,07,02
782,I07_07_03.png,I07.png,2.27,0.998,07,03
783,I07_07_04.png,I07.png,1.5,0.671,07,04
784,I07_07_05.png,I07.png,1.27,0.442,07,05
785,I07_08_01.png,I07.png,4.53,0.499,08,01
786,I07_08_02.png,I07.png,2.7,0.936,08,02
787,I07_08_03.png,I07.png,1.97,0.948,08,03
788,I07_08_04.png,I07.png,1.7,0.586,08,04
789,I07_08_05.png,I07.png,1.5,0.563,08,05
790,I07_09_01.png,I07.png,4.73,0.442,09,01
791,I07_09_02.png,I07.png,4.63,0.482,09,02
792,I07_09_03.png,I07.png,4.63,0.482,09,03
793,I07_09_04.png,I07.png,3.6,0.8,09,04
794,I07_09_05.png,I07.png,1.7,0.69,09,05
795,I07_10_01.png,I07.png,4.1,0.651,10,01
796,I07_10_02.png,I07.png,3.87,0.884,10,02
797,I07_10_03.png,I07.png,3.87,0.921,10,03
798,I07_10_04.png,I07.png,1.6,0.554,10,04
799,I07_10_05.png,I07.png,1.23,0.423,10,05
800,I07_11_01.png,I07.png,3.35,0.9,11,01
801,I07_11_02.png,I07.png,2.7,0.862,11,02
802,I07_11_03.png,I07.png,2.6,0.879,11,03
803,I07_11_04.png,I07.png,2.34,0.814,11,04
804,I07_11_05.png,I07.png,2.23,0.667,11,05
805,I07_12_01.png,I07.png,4.23,0.955,12,01
806,I07_12_02.png,I07.png,3.13,0.957,12,02
807,I07_12_03.png,I07.png,2.77,0.989,12,03
808,I07_12_04.png,I07.png,2.4,0.712,12,04
809,I07_12_05.png,I07.png,2.06,0.788,12,05
810,I07_13_01.png,I07.png,3.73,0.892,13,01
811,I07_13_02.png,I07.png,3.0,0.856,13,02
812,I07_13_03.png,I07.png,2.73,0.929,13,03
813,I07_13_04.png,I07.png,2.13,0.67,13,04
814,I07_13_05.png,I07.png,2.0,0.577,13,05
815,I07_14_01.png,I07.png,4.1,0.588,14,01
816,I07_14_02.png,I07.png,2.77,0.803,14,02
817,I07_14_03.png,I07.png,2.6,0.841,14,03
818,I07_14_04.png,I07.png,2.17,0.82,14,04
819,I07_14_05.png,I07.png,1.6,0.554,14,05
820,I07_15_01.png,I07.png,3.2,0.909,15,01
821,I07_15_02.png,I07.png,2.27,0.814,15,02
822,I07_15_03.png,I07.png,1.77,0.616,15,03
823,I07_15_04.png,I07.png,1.47,0.562,15,04
824,I07_15_05.png,I07.png,1.37,0.482,15,05
825,I07_16_01.png,I07.png,4.7,0.526,16,01
826,I07_16_02.png,I07.png,4.2,0.748,16,02
827,I07_16_03.png,I07.png,3.5,0.764,16,03
828,I07_16_04.png,I07.png,2.0,0.683,16,04
829,I07_16_05.png,I07.png,1.17,0.373,16,05
830,I07_17_01.png,I07.png,4.7,0.458,17,01
831,I07_17_02.png,I07.png,4.63,0.482,17,02
832,I07_17_03.png,I07.png,4.1,0.79,17,03
833,I07_17_04.png,I07.png,3.43,0.883,17,04
834,I07_17_05.png,I07.png,2.6,1.052,17,05
835,I07_18_01.png,I07.png,3.2,1.108,18,01
836,I07_18_02.png,I07.png,4.3,0.737,18,02
837,I07_18_03.png,I07.png,4.5,0.563,18,03
838,I07_18_04.png,I07.png,4.43,0.496,18,04
839,I07_18_05.png,I07.png,4.0,0.894,18,05
840,I07_19_01.png,I07.png,4.43,0.667,19,01
841,I07_19_02.png,I07.png,4.5,0.619,19,02
842,I07_19_03.png,I07.png,3.5,0.922,19,03
843,I07_19_04.png,I07.png,1.93,0.772,19,04
844,I07_19_05.png,I07.png,1.37,0.605,19,05
845,I07_20_01.png,I07.png,3.3,1.1,20,01
846,I07_20_02.png,I07.png,2.97,0.875,20,02
847,I07_20_03.png,I07.png,2.97,0.983,20,03
848,I07_20_04.png,I07.png,2.65,1.151,20,04
849,I07_20_05.png,I07.png,2.83,0.969,20,05
850,I07_21_01.png,I07.png,3.73,0.929,21,01
851,I07_21_02.png,I07.png,2.93,0.929,21,02
852,I07_21_03.png,I07.png,3.43,1.086,21,03
853,I07_21_04.png,I07.png,3.1,1.088,21,04
854,I07_21_05.png,I07.png,1.53,0.499,21,05
855,I07_22_01.png,I07.png,3.97,0.795,22,01
856,I07_22_02.png,I07.png,3.5,0.992,22,02
857,I07_22_03.png,I07.png,3.6,1.114,22,03
858,I07_22_04.png,I07.png,2.83,1.241,22,04
859,I07_22_05.png,I07.png,2.07,0.727,22,05
860,I07_23_01.png,I07.png,2.8,1.194,23,01
861,I07_23_02.png,I07.png,2.27,0.814,23,02
862,I07_23_03.png,I07.png,2.0,0.894,23,03
863,I07_23_04.png,I07.png,2.0,0.683,23,04
864,I07_23_05.png,I07.png,1.6,0.554,23,05
865,I07_24_01.png,I07.png,3.8,0.702,24,01
866,I07_24_02.png,I07.png,2.83,0.898,24,02
867,I07_24_03.png,I07.png,2.1,0.651,24,03
868,I07_24_04.png,I07.png,1.8,0.476,24,04
869,I07_24_05.png,I07.png,1.27,0.512,24,05
870,I07_25_01.png,I07.png,2.87,0.884,25,01
871,I07_25_02.png,I07.png,4.03,0.875,25,02
872,I07_25_03.png,I07.png,4.63,0.547,25,03
873,I07_25_04.png,I07.png,4.43,0.761,25,04
874,I07_25_05.png,I07.png,3.57,1.055,25,05
875,I08_01_01.png,I08.png,4.8,0.4,01,01
876,I08_01_02.png,I08.png,4.4,0.712,01,02
877,I08_01_03.png,I08.png,3.0,0.73,01,03
878,I08_01_04.png,I08.png,2.0,0.683,01,04
879,I08_01_05.png,I08.png,1.47,0.562,01,05
880,I08_02_01.png,I08.png,4.27,0.727,02,01
881,I08_02_02.png,I08.png,3.2,1.013,02,02
882,I08_02_03.png,I08.png,1.83,0.734,02,03
883,I08_02_04.png,I08.png,1.53,0.499,02,04
884,I08_02_05.png,I08.png,1.33,0.471,02,05
885,I08_03_01.png,I08.png,4.9,0.3,03,01
886,I08_03_02.png,I08.png,4.33,0.537,03,02
887,I08_03_03.png,I08.png,3.23,0.92,03,03
888,I08_03_04.png,I08.png,2.33,0.65,03,04
889,I08_03_05.png,I08.png,1.83,0.582,03,05
890,I08_04_01.png,I08.png,4.5,0.563,04,01
891,I08_04_02.png,I08.png,2.87,1.258,04,02
892,I08_04_03.png,I08.png,1.7,0.737,04,03
893,I08_04_04.png,I08.png,1.67,0.699,04,04
894,I08_04_05.png,I08.png,1.73,0.68,04,05
895,I08_05_01.png,I08.png,4.4,0.49,05,01
896,I08_05_02.png,I08.png,2.93,1.123,05,02
897,I08_05_03.png,I08.png,1.97,0.605,05,03
898,I08_05_04.png,I08.png,1.73,0.573,05,04
899,I08_05_05.png,I08.png,1.57,0.616,05,05
900,I08_06_01.png,I08.png,3.77,0.716,06,01
901,I08_06_02.png,I08.png,3.8,0.748,06,02
902,I08_06_03.png,I08.png,3.27,1.181,06,03
903,I08_06_04.png,I08.png,2.8,0.909,06,04
904,I08_06_05.png,I08.png,2.07,0.772,06,05
905,I08_07_01.png,I08.png,2.87,0.793,07,01
906,I08_07_02.png,I08.png,2.63,1.08,07,02
907,I08_07_03.png,I08.png,2.03,0.948,07,03
908,I08_07_04.png,I08.png,1.9,0.962,07,04
909,I08_07_05.png,I08.png,2.33,1.011,07,05
910,I08_08_01.png,I08.png,4.67,0.537,08,01
911,I08_08_02.png,I08.png,3.37,1.016,08,02
912,I08_08_03.png,I08.png,3.07,0.964,08,03
913,I08_08_04.png,I08.png,2.13,0.957,08,04
914,I08_08_05.png,I08.png,1.6,0.841,08,05
915,I08_09_01.png,I08.png,4.5,0.563,09,01
916,I08_09_02.png,I08.png,4.73,0.442,09,02
917,I08_09_03.png,I08.png,4.63,0.547,09,03
918,I08_09_04.png,I08.png,3.53,0.846,09,04
919,I08_09_05.png,I08.png,1.57,0.667,09,05
920,I08_10_01.png,I08.png,4.57,0.616,10,01
921,I08_10_02.png,I08.png,4.3,0.586,10,02
922,I08_10_03.png,I08.png,3.83,1.035,10,03
923,I08_10_04.png,I08.png,1.5,0.5,10,04
924,I08_10_05.png,I08.png,1.2,0.4,10,05
925,I08_11_01.png,I08.png,3.47,0.846,11,01
926,I08_11_02.png,I08.png,2.97,1.016,11,02
927,I08_11_03.png,I08.png,2.53,0.718,11,03
928,I08_11_04.png,I08.png,2.52,0.615,11,04
929,I08_11_05.png,I08.png,2.17,0.734,11,05
930,I08_12_01.png,I08.png,4.43,0.761,12,01
931,I08_12_02.png,I08.png,3.5,1.088,12,02
932,I08_12_03.png,I08.png,2.93,0.854,12,03
933,I08_12_04.png,I08.png,2.37,0.547,12,04
934,I08_12_05.png,I08.png,2.4,0.712,12,05
935,I08_13_01.png,I08.png,3.33,0.869,13,01
936,I08_13_02.png,I08.png,2.7,0.862,13,02
937,I08_13_03.png,I08.png,2.8,1.077,13,03
938,I08_13_04.png,I08.png,2.43,0.716,13,04
939,I08_13_05.png,I08.png,2.1,0.597,13,05
940,I08_14_01.png,I08.png,4.7,0.526,14,01
941,I08_14_02.png,I08.png,3.6,0.757,14,02
942,I08_14_03.png,I08.png,2.67,0.907,14,03
943,I08_14_04.png,I08.png,2.6,0.663,14,04
944,I08_14_05.png,I08.png,2.17,0.637,14,05
945,I08_15_01.png,I08.png,3.8,0.748,15,01
946,I08_15_02.png,I08.png,2.53,0.763,15,02
947,I08_15_03.png,I08.png,2.03,0.605,15,03
948,I08_15_04.png,I08.png,1.63,0.605,15,04
949,I08_15_05.png,I08.png,1.53,0.499,15,05
950,I08_16_01.png,I08.png,4.67,0.596,16,01
951,I08_16_02.png,I08.png,4.27,0.772,16,02
952,I08_16_03.png,I08.png,3.73,0.772,16,03
953,I08_16_04.png,I08.png,2.53,0.718,16,04
954,I08_16_05.png,I08.png,1.63,0.657,16,05
955,I08_17_01.png,I08.png,4.63,0.482,17,01
956,I08_17_02.png,I08.png,4.67,0.471,17,02
957,I08_17_03.png,I08.png,4.47,0.67,17,03
958,I08_17_04.png,I08.png,3.7,0.64,17,04
959,I08_17_05.png,I08.png,2.47,1.024,17,05
960,I08_18_01.png,I08.png,4.4,0.611,18,01
961,I08_18_02.png,I08.png,4.5,0.563,18,02
962,I08_18_03.png,I08.png,4.8,0.4,18,03
963,I08_18_04.png,I08.png,4.53,0.499,18,04
964,I08_18_05.png,I08.png,4.13,0.763,18,05
965,I08_19_01.png,I08.png,4.7,0.64,19,01
966,I08_19_02.png,I08.png,4.43,0.716,19,02
967,I08_19_03.png,I08.png,4.17,0.86,19,03
968,I08_19_04.png,I08.png,1.87,0.763,19,04
969,I08_19_05.png,I08.png,1.35,0.478,19,05
970,I08_20_01.png,I08.png,4.57,0.803,20,01
971,I08_20_02.png,I08.png,4.4,0.8,20,02
972,I08_20_03.png,I08.png,3.5,1.088,20,03
973,I08_20_04.png,I08.png,3.97,1.08,20,04
974,I08_20_05.png,I08.png,3.6,1.083,20,05
975,I08_21_01.png,I08.png,4.07,0.854,21,01
976,I08_21_02.png,I08.png,3.5,1.232,21,02
977,I08_21_03.png,I08.png,3.13,1.176,21,03
978,I08_21_04.png,I08.png,2.93,1.062,21,04
979,I08_21_05.png,I08.png,1.63,0.605,21,05
980,I08_22_01.png,I08.png,2.63,1.08,22,01
981,I08_22_02.png,I08.png,2.93,0.892,22,02
982,I08_22_03.png,I08.png,2.5,0.992,22,03
983,I08_22_04.png,I08.png,2.13,1.176,22,04
984,I08_22_05.png,I08.png,1.6,0.611,22,05
985,I08_23_01.png,I08.png,2.83,0.969,23,01
986,I08_23_02.png,I08.png,2.8,0.98,23,02
987,I08_23_03.png,I08.png,2.27,0.727,23,03
988,I08_23_04.png,I08.png,2.03,0.836,23,04
989,I08_23_05.png,I08.png,2.17,0.86,23,05
990,I08_24_01.png,I08.png,4.1,0.831,24,01
991,I08_24_02.png,I08.png,2.8,0.748,24,02
992,I08_24_03.png,I08.png,2.47,0.884,24,03
993,I08_24_04.png,I08.png,1.6,0.611,24,04
994,I08_24_05.png,I08.png,1.3,0.586,24,05
995,I08_25_01.png,I08.png,3.87,0.806,25,01
996,I08_25_02.png,I08.png,4.0,0.73,25,02
997,I08_25_03.png,I08.png,4.43,0.559,25,03
998,I08_25_04.png,I08.png,4.53,0.67,25,04
999,I08_25_05.png,I08.png,3.7,0.737,25,05
1000,I09_01_01.png,I09.png,4.73,0.442,01,01
1001,I09_01_02.png,I09.png,3.77,1.023,01,02
1002,I09_01_03.png,I09.png,1.93,0.772,01,03
1003,I09_01_04.png,I09.png,1.4,0.49,01,04
1004,I09_01_05.png,I09.png,1.2,0.4,01,05
1005,I09_02_01.png,I09.png,3.1,0.79,02,01
1006,I09_02_02.png,I09.png,2.13,0.618,02,02
1007,I09_02_03.png,I09.png,1.37,0.482,02,03
1008,I09_02_04.png,I09.png,1.57,0.496,02,04
1009,I09_02_05.png,I09.png,1.07,0.249,02,05
1010,I09_03_01.png,I09.png,4.5,0.719,03,01
1011,I09_03_02.png,I09.png,3.67,0.869,03,02
1012,I09_03_03.png,I09.png,2.13,0.806,03,03
1013,I09_03_04.png,I09.png,1.67,0.699,03,04
1014,I09_03_05.png,I09.png,1.3,0.458,03,05
1015,I09_04_01.png,I09.png,4.27,0.512,04,01
1016,I09_04_02.png,I09.png,2.6,0.917,04,02
1017,I09_04_03.png,I09.png,1.6,0.712,04,03
1018,I09_04_04.png,I09.png,1.67,0.869,04,04
1019,I09_04_05.png,I09.png,1.47,0.763,04,05
1020,I09_05_01.png,I09.png,3.61,0.868,05,01
1021,I09_05_02.png,I09.png,1.8,0.653,05,02
1022,I09_05_03.png,I09.png,1.47,0.562,05,03
1023,I09_05_04.png,I09.png,1.5,0.563,05,04
1024,I09_05_05.png,I09.png,1.4,0.663,05,05
1025,I09_06_01.png,I09.png,3.9,0.651,06,01
1026,I09_06_02.png,I09.png,3.83,0.778,06,02
1027,I09_06_03.png,I09.png,3.77,0.92,06,03
1028,I09_06_04.png,I09.png,2.7,1.005,06,04
1029,I09_06_05.png,I09.png,2.3,0.936,06,05
1030,I09_07_01.png,I09.png,2.87,1.024,07,01
1031,I09_07_02.png,I09.png,2.73,0.998,07,02
1032,I09_07_03.png,I09.png,2.27,0.892,07,03
1033,I09_07_04.png,I09.png,2.07,1.031,07,04
1034,I09_07_05.png,I09.png,2.3,0.9,07,05
1035,I09_08_01.png,I09.png,4.37,0.482,08,01
1036,I09_08_02.png,I09.png,3.1,1.044,08,02
1037,I09_08_03.png,I09.png,2.47,0.957,08,03
1038,I09_08_04.png,I09.png,1.58,0.61,08,04
1039,I09_08_05.png,I09.png,1.6,0.663,08,05
1040,I09_09_01.png,I09.png,4.1,0.473,09,01
1041,I09_09_02.png,I09.png,3.33,0.907,09,02
1042,I09_09_03.png,I09.png,2.63,0.912,09,03
1043,I09_09_04.png,I09.png,1.77,0.716,09,04
1044,I09_09_05.png,I09.png,1.17,0.373,09,05
1045,I09_10_01.png,I09.png,3.93,0.854,10,01
1046,I09_10_02.png,I09.png,4.37,0.547,10,02
1047,I09_10_03.png,I09.png,3.67,0.83,10,03
1048,I09_10_04.png,I09.png,1.93,0.854,10,04
1049,I09_10_05.png,I09.png,1.23,0.496,10,05
1050,I09_11_01.png,I09.png,4.3,0.64,11,01
1051,I09_11_02.png,I09.png,3.33,0.943,11,02
1052,I09_11_03.png,I09.png,3.0,1.125,11,03
1053,I09_11_04.png,I09.png,2.53,0.718,11,04
1054,I09_11_05.png,I09.png,2.1,0.651,11,05
1055,I09_12_01.png,I09.png,4.67,0.471,12,01
1056,I09_12_02.png,I09.png,3.77,0.989,12,02
1057,I09_12_03.png,I09.png,2.83,0.969,12,03
1058,I09_12_04.png,I09.png,2.7,0.737,12,04
1059,I09_12_05.png,I09.png,2.2,0.702,12,05
1060,I09_13_01.png,I09.png,3.97,0.948,13,01
1061,I09_13_02.png,I09.png,2.57,0.844,13,02
1062,I09_13_03.png,I09.png,2.83,0.687,13,03
1063,I09_13_04.png,I09.png,2.42,0.834,13,04
1064,I09_13_05.png,I09.png,2.35,0.698,13,05
1065,I09_14_01.png,I09.png,4.33,0.978,14,01
1066,I09_14_02.png,I09.png,3.1,0.87,14,02
1067,I09_14_03.png,I09.png,2.9,1.075,14,03
1068,I09_14_04.png,I09.png,2.27,0.929,14,04
1069,I09_14_05.png,I09.png,1.63,0.706,14,05
1070,I09_15_01.png,I09.png,3.37,1.016,15,01
1071,I09_15_02.png,I09.png,2.57,0.883,15,02
1072,I09_15_03.png,I09.png,2.23,0.761,15,03
1073,I09_15_04.png,I09.png,1.6,0.8,15,04
1074,I09_15_05.png,I09.png,1.5,0.619,15,05
1075,I09_16_01.png,I09.png,4.5,0.563,16,01
1076,I09_16_02.png,I09.png,3.97,0.752,16,02
1077,I09_16_03.png,I09.png,3.03,0.847,16,03
1078,I09_16_04.png,I09.png,2.33,0.978,16,04
1079,I09_16_05.png,I09.png,1.57,0.716,16,05
1080,I09_17_01.png,I09.png,4.6,0.49,17,01
1081,I09_17_02.png,I09.png,4.5,0.563,17,02
1082,I09_17_03.png,I09.png,4.13,0.67,17,03
1083,I09_17_04.png,I09.png,3.33,0.83,17,04
1084,I09_17_05.png,I09.png,1.87,0.763,17,05
1085,I09_18_01.png,I09.png,4.3,0.526,18,01
1086,I09_18_02.png,I09.png,4.53,0.67,18,02
1087,I09_18_03.png,I09.png,4.53,0.499,18,03
1088,I09_18_04.png,I09.png,4.43,0.559,18,04
1089,I09_18_05.png,I09.png,3.8,0.792,18,05
1090,I09_19_01.png,I09.png,4.17,0.687,19,01
1091,I09_19_02.png,I09.png,3.83,0.734,19,02
1092,I09_19_03.png,I09.png,3.43,0.989,19,03
1093,I09_19_04.png,I09.png,1.83,0.687,19,04
1094,I09_19_05.png,I09.png,1.27,0.512,19,05
1095,I09_20_01.png,I09.png,4.4,0.663,20,01
1096,I09_20_02.png,I09.png,4.37,0.605,20,02
1097,I09_20_03.png,I09.png,4.1,0.7,20,03
1098,I09_20_04.png,I09.png,3.73,1.236,20,04
1099,I09_20_05.png,I09.png,3.3,1.1,20,05
1100,I09_21_01.png,I09.png,3.83,0.969,21,01
1101,I09_21_02.png,I09.png,3.5,1.176,21,02
1102,I09_21_03.png,I09.png,3.07,1.153,21,03
1103,I09_21_04.png,I09.png,3.17,1.157,21,04
1104,I09_21_05.png,I09.png,1.57,0.667,21,05
1105,I09_22_01.png,I09.png,4.7,0.458,22,01
1106,I09_22_02.png,I09.png,4.33,0.65,22,02
1107,I09_22_03.png,I09.png,4.23,0.883,22,03
1108,I09_22_04.png,I09.png,4.1,0.651,22,04
1109,I09_22_05.png,I09.png,3.4,0.757,22,05
1110,I09_23_01.png,I09.png,2.39,0.973,23,01
1111,I09_23_02.png,I09.png,2.33,0.907,23,02
1112,I09_23_03.png,I09.png,2.17,0.82,23,03
1113,I09_23_04.png,I09.png,2.03,0.948,23,04
1114,I09_23_05.png,I09.png,1.83,0.86,23,05
1115,I09_24_01.png,I09.png,3.07,0.814,24,01
1116,I09_24_02.png,I09.png,2.2,0.748,24,02
1117,I09_24_03.png,I09.png,1.87,0.718,24,03
1118,I09_24_04.png,I09.png,1.23,0.423,24,04
1119,I09_24_05.png,I09.png,1.1,0.3,24,05
1120,I09_25_01.png,I09.png,3.07,0.814,25,01
1121,I09_25_02.png,I09.png,3.63,0.795,25,02
1122,I09_25_03.png,I09.png,4.23,0.667,25,03
1123,I09_25_04.png,I09.png,4.1,0.597,25,04
1124,I09_25_05.png,I09.png,3.57,0.716,25,05
1125,I10_01_01.png,I10.png,4.73,0.442,01,01
1126,I10_01_02.png,I10.png,4.53,0.499,01,02
1127,I10_01_03.png,I10.png,2.8,0.872,01,03
1128,I10_01_04.png,I10.png,1.67,0.789,01,04
1129,I10_01_05.png,I10.png,1.23,0.423,01,05
1130,I10_02_01.png,I10.png,3.9,0.746,02,01
1131,I10_02_02.png,I10.png,2.57,0.761,02,02
1132,I10_02_03.png,I10.png,1.77,0.716,02,03
1133,I10_02_04.png,I10.png,1.27,0.442,02,04
1134,I10_02_05.png,I10.png,1.33,0.471,02,05
1135,I10_03_01.png,I10.png,4.67,0.471,03,01
1136,I10_03_02.png,I10.png,4.2,0.702,03,02
1137,I10_03_03.png,I10.png,2.9,0.907,03,03
1138,I10_03_04.png,I10.png,2.17,0.734,03,04
1139,I10_03_05.png,I10.png,1.4,0.554,03,05
1140,I10_04_01.png,I10.png,4.63,0.482,04,01
1141,I10_04_02.png,I10.png,2.93,1.062,04,02
1142,I10_04_03.png,I10.png,1.93,0.772,04,03
1143,I10_04_04.png,I10.png,1.53,0.921,04,04
1144,I10_04_05.png,I10.png,1.27,0.442,04,05
1145,I10_05_01.png,I10.png,4.63,0.482,05,01
1146,I10_05_02.png,I10.png,2.5,0.957,05,02
1147,I10_05_03.png,I10.png,1.73,0.629,05,03
1148,I10_05_04.png,I10.png,1.63,0.706,05,04
1149,I10_05_05.png,I10.png,1.83,0.734,05,05
1150,I10_06_01.png,I10.png,3.63,0.706,06,01
1151,I10_06_02.png,I10.png,3.83,0.898,06,02
1152,I10_06_03.png,I10.png,3.8,0.833,06,03
1153,I10_06_04.png,I10.png,3.13,0.991,06,04
1154,I10_06_05.png,I10.png,2.03,0.948,06,05
1155,I10_07_01.png,I10.png,3.27,1.062,07,01
1156,I10_07_02.png,I10.png,2.27,0.892,07,02
1157,I10_07_03.png,I10.png,2.23,0.844,07,03
1158,I10_07_04.png,I10.png,2.33,1.075,07,04
1159,I10_07_05.png,I10.png,1.83,0.82,07,05
1160,I10_08_01.png,I10.png,4.73,0.442,08,01
1161,I10_08_02.png,I10.png,3.03,1.016,08,02
1162,I10_08_03.png,I10.png,2.33,0.83,08,03
1163,I10_08_04.png,I10.png,1.63,0.875,08,04
1164,I10_08_05.png,I10.png,1.27,0.629,08,05
1165,I10_09_01.png,I10.png,4.7,0.458,09,01
1166,I10_09_02.png,I10.png,4.47,0.67,09,02
1167,I10_09_03.png,I10.png,4.03,0.836,09,03
1168,I10_09_04.png,I10.png,1.97,0.547,09,04
1169,I10_09_05.png,I10.png,1.13,0.34,09,05
1170,I10_10_01.png,I10.png,4.07,0.573,10,01
1171,I10_10_02.png,I10.png,4.23,0.559,10,02
1172,I10_10_03.png,I10.png,3.4,0.8,10,03
1173,I10_10_04.png,I10.png,1.57,0.496,10,04
1174,I10_10_05.png,I10.png,1.17,0.373,10,05
1175,I10_11_01.png,I10.png,3.1,0.79,11,01
1176,I10_11_02.png,I10.png,2.9,0.597,11,02
1177,I10_11_03.png,I10.png,2.83,0.687,11,03
1178,I10_11_04.png,I10.png,2.27,0.772,11,04
1179,I10_11_05.png,I10.png,1.8,0.792,11,05
1180,I10_12_01.png,I10.png,4.03,0.605,12,01
1181,I10_12_02.png,I10.png,3.0,0.683,12,02
1182,I10_12_03.png,I10.png,2.6,0.712,12,03
1183,I10_12_04.png,I10.png,2.33,0.869,12,04
1184,I10_12_05.png,I10.png,2.1,0.7,12,05
1185,I10_13_01.png,I10.png,3.57,0.883,13,01
1186,I10_13_02.png,I10.png,2.7,0.862,13,02
1187,I10_13_03.png,I10.png,2.3,0.862,13,03
1188,I10_13_04.png,I10.png,2.17,0.637,13,04
1189,I10_13_05.png,I10.png,1.97,0.706,13,05
1190,I10_14_01.png,I10.png,4.5,0.619,14,01
1191,I10_14_02.png,I10.png,3.2,0.909,14,02
1192,I10_14_03.png,I10.png,2.47,0.763,14,03
1193,I10_14_04.png,I10.png,2.07,0.68,14,04
1194,I10_14_05.png,I10.png,1.87,0.718,14,05
1195,I10_15_01.png,I10.png,3.6,0.712,15,01
1196,I10_15_02.png,I10.png,2.3,0.781,15,02
1197,I10_15_03.png,I10.png,2.03,0.595,15,03
1198,I10_15_04.png,I10.png,1.63,0.482,15,04
1199,I10_15_05.png,I10.png,1.37,0.547,15,05
1200,I10_16_01.png,I10.png,4.43,0.716,16,01
1201,I10_16_02.png,I10.png,4.17,0.734,16,02
1202,I10_16_03.png,I10.png,3.73,0.772,16,03
1203,I10_16_04.png,I10.png,2.77,0.92,16,04
1204,I10_16_05.png,I10.png,1.73,0.617,16,05
1205,I10_17_01.png,I10.png,4.87,0.34,17,01
1206,I10_17_02.png,I10.png,4.3,0.526,17,02
1207,I10_17_03.png,I10.png,4.23,0.667,17,03
1208,I10_17_04.png,I10.png,3.41,0.785,17,04
1209,I10_17_05.png,I10.png,2.27,1.031,17,05
1210,I10_18_01.png,I10.png,4.33,0.65,18,01
1211,I10_18_02.png,I10.png,4.57,0.559,18,02
1212,I10_18_03.png,I10.png,4.73,0.442,18,03
1213,I10_18_04.png,I10.png,4.57,0.559,18,04
1214,I10_18_05.png,I10.png,3.8,0.653,18,05
1215,I10_19_01.png,I10.png,4.63,0.547,19,01
1216,I10_19_02.png,I10.png,4.23,0.716,19,02
1217,I10_19_03.png,I10.png,3.43,0.883,19,03
1218,I10_19_04.png,I10.png,1.63,0.657,19,04
1219,I10_19_05.png,I10.png,1.2,0.4,19,05
1220,I10_20_01.png,I10.png,4.57,0.559,20,01
1221,I10_20_02.png,I10.png,4.47,0.718,20,02
1222,I10_20_03.png,I10.png,4.43,0.92,20,03
1223,I10_20_04.png,I10.png,4.23,1.023,20,04
1224,I10_20_05.png,I10.png,3.97,1.016,20,05
1225,I10_21_01.png,I10.png,3.27,0.964,21,01
1226,I10_21_02.png,I10.png,2.4,0.757,21,02
1227,I10_21_03.png,I10.png,2.43,0.883,21,03
1228,I10_21_04.png,I10.png,2.27,0.998,21,04
1229,I10_21_05.png,I10.png,1.23,0.423,21,05
1230,I10_22_01.png,I10.png,3.81,0.895,22,01
1231,I10_22_02.png,I10.png,3.87,0.884,22,02
1232,I10_22_03.png,I10.png,2.97,0.948,22,03
1233,I10_22_04.png,I10.png,3.03,0.912,22,04
1234,I10_22_05.png,I10.png,2.1,0.746,22,05
1235,I10_23_01.png,I10.png,2.93,1.236,23,01
1236,I10_23_02.png,I10.png,2.03,0.933,23,02
1237,I10_23_03.png,I10.png,2.57,0.92,23,03
1238,I10_23_04.png,I10.png,1.97,0.983,23,04
1239,I10_23_05.png,I10.png,2.23,0.92,23,05
1240,I10_24_01.png,I10.png,3.67,0.907,24,01
1241,I10_24_02.png,I10.png,2.63,0.875,24,02
1242,I10_24_03.png,I10.png,2.17,0.687,24,03
1243,I10_24_04.png,I10.png,1.5,0.563,24,04
1244,I10_24_05.png,I10.png,1.3,0.526,24,05
1245,I10_25_01.png,I10.png,3.23,0.955,25,01
1246,I10_25_02.png,I10.png,3.6,0.879,25,02
1247,I10_25_03.png,I10.png,4.37,0.706,25,03
1248,I10_25_04.png,I10.png,4.33,0.596,25,04
1249,I10_25_05.png,I10.png,3.83,0.637,25,05
1250,I11_01_01.png,I11.png,4.6,0.49,01,01
1251,I11_01_02.png,I11.png,4.07,0.573,01,02
1252,I11_01_03.png,I11.png,2.5,0.847,01,03
1253,I11_01_04.png,I11.png,1.77,0.803,01,04
1254,I11_01_05.png,I11.png,1.35,0.542,01,05
1255,I11_02_01.png,I11.png,3.4,0.757,02,01
1256,I11_02_02.png,I11.png,2.07,0.814,02,02
1257,I11_02_03.png,I11.png,1.77,0.559,02,03
1258,I11_02_04.png,I11.png,1.4,0.554,02,04
1259,I11_02_05.png,I11.png,1.27,0.442,02,05
1260,I11_03_01.png,I11.png,4.7,0.458,03,01
1261,I11_03_02.png,I11.png,3.57,0.883,03,02
1262,I11_03_03.png,I11.png,2.47,0.67,03,03
1263,I11_03_04.png,I11.png,2.1,0.7,03,04
1264,I11_03_05.png,I11.png,1.47,0.618,03,05
1265,I11_04_01.png,I11.png,4.47,0.562,04,01
1266,I11_04_02.png,I11.png,2.83,1.186,04,02
1267,I11_04_03.png,I11.png,2.0,1.0,04,03
1268,I11_04_04.png,I11.png,1.73,0.727,04,04
1269,I11_04_05.png,I11.png,1.6,0.8,04,05
1270,I11_05_01.png,I11.png,4.5,0.563,05,01
1271,I11_05_02.png,I11.png,1.77,0.844,05,02
1272,I11_05_03.png,I11.png,1.97,0.795,05,03
1273,I11_05_04.png,I11.png,2.03,0.547,05,04
1274,I11_05_05.png,I11.png,1.6,0.663,05,05
1275,I11_06_01.png,I11.png,4.17,0.86,06,01
1276,I11_06_02.png,I11.png,4.03,0.875,06,02
1277,I11_06_03.png,I11.png,4.03,0.983,06,03
1278,I11_06_04.png,I11.png,3.0,0.803,06,04
1279,I11_06_05.png,I11.png,1.9,0.907,06,05
1280,I11_07_01.png,I11.png,3.2,0.792,07,01
1281,I11_07_02.png,I11.png,2.53,1.024,07,02
1282,I11_07_03.png,I11.png,2.5,0.922,07,03
1283,I11_07_04.png,I11.png,2.6,1.143,07,04
1284,I11_07_05.png,I11.png,2.03,1.048,07,05
1285,I11_08_01.png,I11.png,4.53,0.499,08,01
1286,I11_08_02.png,I11.png,3.43,0.883,08,02
1287,I11_08_03.png,I11.png,2.9,0.978,08,03
1288,I11_08_04.png,I11.png,2.0,0.931,08,04
1289,I11_08_05.png,I11.png,1.47,0.618,08,05
1290,I11_09_01.png,I11.png,4.63,0.482,09,01
1291,I11_09_02.png,I11.png,4.27,0.727,09,02
1292,I11_09_03.png,I11.png,4.1,0.597,09,03
1293,I11_09_04.png,I11.png,2.27,0.854,09,04
1294,I11_09_05.png,I11.png,1.4,0.49,09,05
1295,I11_10_01.png,I11.png,4.43,0.667,10,01
1296,I11_10_02.png,I11.png,4.17,0.687,10,02
1297,I11_10_03.png,I11.png,4.03,0.752,10,03
1298,I11_10_04.png,I11.png,1.63,0.657,10,04
1299,I11_10_05.png,I11.png,1.16,0.368,10,05
1300,I11_11_01.png,I11.png,3.97,0.706,11,01
1301,I11_11_02.png,I11.png,2.9,0.893,11,02
1302,I11_11_03.png,I11.png,2.8,0.748,11,03
1303,I11_11_04.png,I11.png,2.47,0.562,11,04
1304,I11_11_05.png,I11.png,2.13,0.718,11,05
1305,I11_12_01.png,I11.png,4.53,0.718,12,01
1306,I11_12_02.png,I11.png,3.2,0.748,12,02
1307,I11_12_03.png,I11.png,3.0,0.775,12,03
1308,I11_12_04.png,I11.png,2.57,0.803,12,04
1309,I11_12_05.png,I11.png,2.13,0.763,12,05
1310,I11_13_01.png,I11.png,3.57,1.023,13,01
1311,I11_13_02.png,I11.png,2.67,0.869,13,02
1312,I11_13_03.png,I11.png,2.27,0.814,13,03
1313,I11_13_04.png,I11.png,2.4,0.712,13,04
1314,I11_13_05.png,I11.png,1.93,0.727,13,05
1315,I11_14_01.png,I11.png,4.57,0.616,14,01
1316,I11_14_02.png,I11.png,3.8,0.909,14,02
1317,I11_14_03.png,I11.png,2.8,0.792,14,03
1318,I11_14_04.png,I11.png,2.63,0.836,14,04
1319,I11_14_05.png,I11.png,2.23,0.616,14,05
1320,I11_15_01.png,I11.png,3.13,0.763,15,01
1321,I11_15_02.png,I11.png,2.23,0.667,15,02
1322,I11_15_03.png,I11.png,1.73,0.892,15,03
1323,I11_15_04.png,I11.png,1.37,0.657,15,04
1324,I11_15_05.png,I11.png,1.43,0.559,15,05
1325,I11_16_01.png,I11.png,4.43,0.559,16,01
1326,I11_16_02.png,I11.png,4.07,0.629,16,02
1327,I11_16_03.png,I11.png,3.7,0.823,16,03
1328,I11_16_04.png,I11.png,3.2,0.98,16,04
1329,I11_16_05.png,I11.png,2.6,1.052,16,05
1330,I11_17_01.png,I11.png,4.7,0.458,17,01
1331,I11_17_02.png,I11.png,4.67,0.537,17,02
1332,I11_17_03.png,I11.png,4.6,0.49,17,03
1333,I11_17_04.png,I11.png,3.33,0.943,17,04
1334,I11_17_05.png,I11.png,1.37,0.547,17,05
1335,I11_18_01.png,I11.png,4.23,0.616,18,01
1336,I11_18_02.png,I11.png,4.6,0.49,18,02
1337,I11_18_03.png,I11.png,4.68,0.642,18,03
1338,I11_18_04.png,I11.png,4.27,0.772,18,04
1339,I11_18_05.png,I11.png,3.47,0.957,18,05
1340,I11_19_01.png,I11.png,4.3,0.458,19,01
1341,I11_19_02.png,I11.png,4.23,0.496,19,02
1342,I11_19_03.png,I11.png,3.13,0.751,19,03
1343,I11_19_04.png,I11.png,1.87,0.67,19,04
1344,I11_19_05.png,I11.png,1.4,0.49,19,05
1345,I11_20_01.png,I11.png,4.47,0.499,20,01
1346,I11_20_02.png,I11.png,4.67,0.471,20,02
1347,I11_20_03.png,I11.png,4.17,0.82,20,03
1348,I11_20_04.png,I11.png,4.17,0.86,20,04
1349,I11_20_05.png,I11.png,4.03,0.836,20,05
1350,I11_21_01.png,I11.png,4.5,0.619,21,01
1351,I11_21_02.png,I11.png,3.9,1.012,21,02
1352,I11_21_03.png,I11.png,3.47,0.921,21,03
1353,I11_21_04.png,I11.png,2.93,1.153,21,04
1354,I11_21_05.png,I11.png,1.47,0.562,21,05
1355,I11_22_01.png,I11.png,4.1,0.87,22,01
1356,I11_22_02.png,I11.png,3.53,0.921,22,02
1357,I11_22_03.png,I11.png,3.1,0.87,22,03
1358,I11_22_04.png,I11.png,2.5,0.847,22,04
1359,I11_22_05.png,I11.png,2.27,0.854,22,05
1360,I11_23_01.png,I11.png,1.93,0.727,23,01
1361,I11_23_02.png,I11.png,1.63,0.547,23,02
1362,I11_23_03.png,I11.png,2.5,0.764,23,03
1363,I11_23_04.png,I11.png,2.07,0.854,23,04
1364,I11_23_05.png,I11.png,1.6,0.49,23,05
1365,I11_24_01.png,I11.png,3.3,0.823,24,01
1366,I11_24_02.png,I11.png,2.5,0.885,24,02
1367,I11_24_03.png,I11.png,1.83,0.687,24,03
1368,I11_24_04.png,I11.png,1.6,0.757,24,04
1369,I11_24_05.png,I11.png,1.13,0.34,24,05
1370,I11_25_01.png,I11.png,3.3,0.936,25,01
1371,I11_25_02.png,I11.png,3.57,0.883,25,02
1372,I11_25_03.png,I11.png,4.3,0.862,25,03
1373,I11_25_04.png,I11.png,3.73,0.772,25,04
1374,I11_25_05.png,I11.png,2.83,1.157,25,05
1375,I12_01_01.png,I12.png,4.53,0.618,01,01
1376,I12_01_02.png,I12.png,3.87,0.718,01,02
1377,I12_01_03.png,I12.png,2.4,0.49,01,03
1378,I12_01_04.png,I12.png,1.67,0.745,01,04
1379,I12_01_05.png,I12.png,1.17,0.373,01,05
1380,I12_02_01.png,I12.png,3.13,0.957,02,01
1381,I12_02_02.png,I12.png,2.0,0.775,02,02
1382,I12_02_03.png,I12.png,1.23,0.423,02,03
1383,I12_02_04.png,I12.png,1.37,0.482,02,04
1384,I12_02_05.png,I12.png,1.2,0.4,02,05
1385,I12_03_01.png,I12.png,4.53,0.562,03,01
1386,I12_03_02.png,I12.png,3.7,0.936,03,02
1387,I12_03_03.png,I12.png,2.06,0.669,03,03
1388,I12_03_04.png,I12.png,1.6,0.554,03,04
1389,I12_03_05.png,I12.png,1.37,0.482,03,05
1390,I12_04_01.png,I12.png,4.5,0.719,04,01
1391,I12_04_02.png,I12.png,2.63,1.016,04,02
1392,I12_04_03.png,I12.png,1.73,0.727,04,03
1393,I12_04_04.png,I12.png,1.53,0.806,04,04
1394,I12_04_05.png,I12.png,1.3,0.586,04,05
1395,I12_05_01.png,I12.png,3.0,1.033,05,01
1396,I12_05_02.png,I12.png,2.17,0.687,05,02
1397,I12_05_03.png,I12.png,1.4,0.49,05,03
1398,I12_05_04.png,I12.png,1.17,0.373,05,04
1399,I12_05_05.png,I12.png,1.2,0.4,05,05
1400,I12_06_01.png,I12.png,4.45,0.664,06,01
1401,I12_06_02.png,I12.png,4.06,0.716,06,02
1402,I12_06_03.png,I12.png,4.0,0.931,06,03
1403,I12_06_04.png,I12.png,3.27,0.929,06,04
1404,I12_06_05.png,I12.png,2.36,1.123,06,05
1405,I12_07_01.png,I12.png,2.4,1.2,07,01
1406,I12_07_02.png,I12.png,1.87,0.921,07,02
1407,I12_07_03.png,I12.png,2.67,1.135,07,03
1408,I12_07_04.png,I12.png,2.37,1.197,07,04
1409,I12_07_05.png,I12.png,1.93,0.929,07,05
1410,I12_08_01.png,I12.png,4.47,0.846,08,01
1411,I12_08_02.png,I12.png,3.5,0.847,08,02
1412,I12_08_03.png,I12.png,3.13,0.921,08,03
1413,I12_08_04.png,I12.png,2.55,1.073,08,04
1414,I12_08_05.png,I12.png,1.6,0.712,08,05
1415,I12_09_01.png,I12.png,4.13,0.618,09,01
1416,I12_09_02.png,I12.png,3.07,0.998,09,02
1417,I12_09_03.png,I12.png,2.6,0.987,09,03
1418,I12_09_04.png,I12.png,1.43,0.559,09,04
1419,I12_09_05.png,I12.png,1.1,0.3,09,05
1420,I12_10_01.png,I12.png,4.5,0.719,10,01
1421,I12_10_02.png,I12.png,4.3,0.737,10,02
1422,I12_10_03.png,I12.png,4.0,0.73,10,03
1423,I12_10_04.png,I12.png,2.66,1.049,10,04
1424,I12_10_05.png,I12.png,1.93,0.629,10,05
1425,I12_11_01.png,I12.png,4.48,0.615,11,01
1426,I12_11_02.png,I12.png,4.0,0.856,11,02
1427,I12_11_03.png,I12.png,3.83,0.82,11,03
1428,I12_11_04.png,I12.png,3.07,0.772,11,04
1429,I12_11_05.png,I12.png,2.53,0.763,11,05
1430,I12_12_01.png,I12.png,4.63,0.547,12,01
1431,I12_12_02.png,I12.png,4.4,0.611,12,02
1432,I12_12_03.png,I12.png,3.93,0.68,12,03
1433,I12_12_04.png,I12.png,3.33,0.83,12,04
1434,I12_12_05.png,I12.png,2.97,0.875,12,05
1435,I12_13_01.png,I12.png,4.3,0.69,13,01
1436,I12_13_02.png,I12.png,3.83,0.82,13,02
1437,I12_13_03.png,I12.png,3.03,0.948,13,03
1438,I12_13_04.png,I12.png,2.73,0.772,13,04
1439,I12_13_05.png,I12.png,2.17,0.637,13,05
1440,I12_14_01.png,I12.png,4.4,0.554,14,01
1441,I12_14_02.png,I12.png,4.47,0.562,14,02
1442,I12_14_03.png,I12.png,3.5,0.764,14,03
1443,I12_14_04.png,I12.png,3.19,0.737,14,04
1444,I12_14_05.png,I12.png,2.47,0.718,14,05
1445,I12_15_01.png,I12.png,3.37,0.875,15,01
1446,I12_15_02.png,I12.png,2.57,0.803,15,02
1447,I12_15_03.png,I12.png,2.2,0.702,15,03
1448,I12_15_04.png,I12.png,1.87,0.618,15,04
1449,I12_15_05.png,I12.png,1.7,0.69,15,05
1450,I12_16_01.png,I12.png,4.3,0.781,16,01
1451,I12_16_02.png,I12.png,4.2,0.702,16,02
1452,I12_16_03.png,I12.png,3.3,0.9,16,03
1453,I12_16_04.png,I12.png,2.1,0.651,16,04
1454,I12_16_05.png,I12.png,1.57,0.559,16,05
1455,I12_17_01.png,I12.png,4.6,0.49,17,01
1456,I12_17_02.png,I12.png,4.6,0.554,17,02
1457,I12_17_03.png,I12.png,4.33,0.596,17,03
1458,I12_17_04.png,I12.png,3.9,0.7,17,04
1459,I12_17_05.png,I12.png,2.5,0.847,17,05
1460,I12_18_01.png,I12.png,4.43,0.559,18,01
1461,I12_18_02.png,I12.png,4.5,0.719,18,02
1462,I12_18_03.png,I12.png,4.41,0.744,18,03
1463,I12_18_04.png,I12.png,4.23,0.761,18,04
1464,I12_18_05.png,I12.png,3.87,0.499,18,05
1465,I12_19_01.png,I12.png,4.1,0.651,19,01
1466,I12_19_02.png,I12.png,4.13,0.562,19,02
1467,I12_19_03.png,I12.png,2.9,0.831,19,03
1468,I12_19_04.png,I12.png,1.47,0.499,19,04
1469,I12_19_05.png,I12.png,1.2,0.4,19,05
1470,I12_20_01.png,I12.png,4.37,0.875,20,01
1471,I12_20_02.png,I12.png,4.0,0.775,20,02
1472,I12_20_03.png,I12.png,4.17,0.86,20,03
1473,I12_20_04.png,I12.png,3.37,1.224,20,04
1474,I12_20_05.png,I12.png,2.93,1.365,20,05
1475,I12_21_01.png,I12.png,3.2,0.748,21,01
1476,I12_21_02.png,I12.png,2.17,0.86,21,02
1477,I12_21_03.png,I12.png,2.3,0.862,21,03
1478,I12_21_04.png,I12.png,2.17,0.734,21,04
1479,I12_21_05.png,I12.png,1.17,0.373,21,05
1480,I12_22_01.png,I12.png,4.53,0.499,22,01
1481,I12_22_02.png,I12.png,4.5,0.563,22,02
1482,I12_22_03.png,I12.png,4.27,0.727,22,03
1483,I12_22_04.png,I12.png,4.43,0.716,22,04
1484,I12_22_05.png,I12.png,4.1,0.831,22,05
1485,I12_23_01.png,I12.png,2.26,0.915,23,01
1486,I12_23_02.png,I12.png,2.17,0.934,23,02
1487,I12_23_03.png,I12.png,2.57,0.92,23,03
1488,I12_23_04.png,I12.png,2.27,0.814,23,04
1489,I12_23_05.png,I12.png,2.13,0.884,23,05
1490,I12_24_01.png,I12.png,3.03,0.983,24,01
1491,I12_24_02.png,I12.png,1.9,0.79,24,02
1492,I12_24_03.png,I12.png,2.03,1.016,24,03
1493,I12_24_04.png,I12.png,1.3,0.526,24,04
1494,I12_24_05.png,I12.png,1.23,0.496,24,05
1495,I12_25_01.png,I12.png,3.07,0.892,25,01
1496,I12_25_02.png,I12.png,3.87,0.718,25,02
1497,I12_25_03.png,I12.png,4.35,0.65,25,03
1498,I12_25_04.png,I12.png,4.33,0.596,25,04
1499,I12_25_05.png,I12.png,3.07,1.031,25,05
1500,I13_01_01.png,I13.png,4.74,0.506,01,01
1501,I13_01_02.png,I13.png,4.4,0.611,01,02
1502,I13_01_03.png,I13.png,3.33,0.83,01,03
1503,I13_01_04.png,I13.png,2.2,0.792,01,04
1504,I13_01_05.png,I13.png,1.5,0.5,01,05
1505,I13_02_01.png,I13.png,3.9,0.907,02,01
1506,I13_02_02.png,I13.png,2.63,0.875,02,02
1507,I13_02_03.png,I13.png,1.97,0.657,02,03
1508,I13_02_04.png,I13.png,1.5,0.563,02,04
1509,I13_02_05.png,I13.png,1.23,0.423,02,05
1510,I13_03_01.png,I13.png,4.4,0.8,03,01
1511,I13_03_02.png,I13.png,4.43,0.559,03,02
1512,I13_03_03.png,I13.png,3.43,0.761,03,03
1513,I13_03_04.png,I13.png,2.33,0.537,03,04
1514,I13_03_05.png,I13.png,1.47,0.562,03,05
1515,I13_04_01.png,I13.png,4.53,0.562,04,01
1516,I13_04_02.png,I13.png,2.97,1.08,04,02
1517,I13_04_03.png,I13.png,2.7,0.971,04,03
1518,I13_04_04.png,I13.png,2.03,0.912,04,04
1519,I13_04_05.png,I13.png,2.13,0.884,04,05
1520,I13_05_01.png,I13.png,4.0,0.775,05,01
1521,I13_05_02.png,I13.png,3.0,0.966,05,02
1522,I13_05_03.png,I13.png,2.2,0.945,05,03
1523,I13_05_04.png,I13.png,2.2,0.98,05,04
1524,I13_05_05.png,I13.png,2.07,0.854,05,05
1525,I13_06_01.png,I13.png,3.57,0.883,06,01
1526,I13_06_02.png,I13.png,3.5,0.992,06,02
1527,I13_06_03.png,I13.png,3.33,0.907,06,03
1528,I13_06_04.png,I13.png,3.13,0.921,06,04
1529,I13_06_05.png,I13.png,2.33,0.745,06,05
1530,I13_07_01.png,I13.png,3.03,0.74,07,01
1531,I13_07_02.png,I13.png,2.07,0.998,07,02
1532,I13_07_03.png,I13.png,2.5,1.025,07,03
1533,I13_07_04.png,I13.png,2.17,0.969,07,04
1534,I13_07_05.png,I13.png,2.1,0.978,07,05
1535,I13_08_01.png,I13.png,4.43,0.716,08,01
1536,I13_08_02.png,I13.png,3.73,0.814,08,02
1537,I13_08_03.png,I13.png,3.4,0.8,08,03
1538,I13_08_04.png,I13.png,2.17,1.098,08,04
1539,I13_08_05.png,I13.png,2.27,1.062,08,05
1540,I13_09_01.png,I13.png,4.53,0.67,09,01
1541,I13_09_02.png,I13.png,4.7,0.69,09,02
1542,I13_09_03.png,I13.png,4.48,0.561,09,03
1543,I13_09_04.png,I13.png,3.53,0.884,09,04
1544,I13_09_05.png,I13.png,1.73,0.573,09,05
1545,I13_10_01.png,I13.png,4.67,0.537,10,01
1546,I13_10_02.png,I13.png,4.53,0.618,10,02
1547,I13_10_03.png,I13.png,3.8,0.945,10,03
1548,I13_10_04.png,I13.png,2.03,0.836,10,04
1549,I13_10_05.png,I13.png,1.57,0.559,10,05
1550,I13_11_01.png,I13.png,3.83,0.898,11,01
1551,I13_11_02.png,I13.png,3.48,0.979,11,02
1552,I13_11_03.png,I13.png,3.1,0.79,11,03
1553,I13_11_04.png,I13.png,2.63,0.752,11,04
1554,I13_11_05.png,I13.png,2.13,0.67,11,05
1555,I13_12_01.png,I13.png,4.57,0.559,12,01
1556,I13_12_02.png,I13.png,3.67,0.869,12,02
1557,I13_12_03.png,I13.png,3.3,0.69,12,03
1558,I13_12_04.png,I13.png,2.43,0.716,12,04
1559,I13_12_05.png,I13.png,2.37,0.795,12,05
1560,I13_13_01.png,I13.png,3.33,0.978,13,01
1561,I13_13_02.png,I13.png,3.07,0.727,13,02
1562,I13_13_03.png,I13.png,2.77,0.761,13,03
1563,I13_13_04.png,I13.png,2.3,0.737,13,04
1564,I13_13_05.png,I13.png,2.1,0.597,13,05
1565,I13_14_01.png,I13.png,4.37,0.605,14,01
1566,I13_14_02.png,I13.png,3.9,1.012,14,02
1567,I13_14_03.png,I13.png,3.4,0.917,14,03
1568,I13_14_04.png,I13.png,2.8,0.98,14,04
1569,I13_14_05.png,I13.png,2.3,0.823,14,05
1570,I13_15_01.png,I13.png,4.1,0.651,15,01
1571,I13_15_02.png,I13.png,3.0,0.856,15,02
1572,I13_15_03.png,I13.png,2.57,0.667,15,03
1573,I13_15_04.png,I13.png,1.9,0.539,15,04
1574,I13_15_05.png,I13.png,1.9,0.651,15,05
1575,I13_16_01.png,I13.png,4.43,0.803,16,01
1576,I13_16_02.png,I13.png,4.47,0.499,16,02
1577,I13_16_03.png,I13.png,3.4,0.712,16,03
1578,I13_16_04.png,I13.png,2.93,0.854,16,04
1579,I13_16_05.png,I13.png,1.73,0.68,16,05
1580,I13_17_01.png,I13.png,4.77,0.423,17,01
1581,I13_17_02.png,I13.png,4.57,0.559,17,02
1582,I13_17_03.png,I13.png,4.37,0.657,17,03
1583,I13_17_04.png,I13.png,3.6,0.841,17,04
1584,I13_17_05.png,I13.png,2.57,0.844,17,05
1585,I13_18_01.png,I13.png,4.1,0.79,18,01
1586,I13_18_02.png,I13.png,4.43,0.559,18,02
1587,I13_18_03.png,I13.png,4.6,0.554,18,03
1588,I13_18_04.png,I13.png,4.63,0.482,18,04
1589,I13_18_05.png,I13.png,3.9,1.044,18,05
1590,I13_19_01.png,I13.png,4.3,0.69,19,01
1591,I13_19_02.png,I13.png,3.77,0.716,19,02
1592,I13_19_03.png,I13.png,3.17,0.687,19,03
1593,I13_19_04.png,I13.png,1.97,0.605,19,04
1594,I13_19_05.png,I13.png,1.47,0.618,19,05
1595,I13_20_01.png,I13.png,4.23,0.955,20,01
1596,I13_20_02.png,I13.png,4.1,1.117,20,02
1597,I13_20_03.png,I13.png,3.75,1.225,20,03
1598,I13_20_04.png,I13.png,3.57,0.883,20,04
1599,I13_20_05.png,I13.png,3.9,0.907,20,05
1600,I13_21_01.png,I13.png,4.23,0.761,21,01
1601,I13_21_02.png,I13.png,3.07,0.964,21,02
1602,I13_21_03.png,I13.png,3.2,1.046,21,03
1603,I13_21_04.png,I13.png,3.13,0.942,21,04
1604,I13_21_05.png,I13.png,1.93,0.772,21,05
1605,I13_22_01.png,I13.png,3.47,1.024,22,01
1606,I13_22_02.png,I13.png,3.9,0.943,22,02
1607,I13_22_03.png,I13.png,3.13,1.284,22,03
1608,I13_22_04.png,I13.png,2.77,0.989,22,04
1609,I13_22_05.png,I13.png,2.47,1.056,22,05
1610,I13_23_01.png,I13.png,2.97,1.08,23,01
1611,I13_23_02.png,I13.png,2.6,1.052,23,02
1612,I13_23_03.png,I13.png,2.33,1.011,23,03
1613,I13_23_04.png,I13.png,2.17,0.734,23,04
1614,I13_23_05.png,I13.png,1.8,0.6,23,05
1615,I13_24_01.png,I13.png,4.17,0.969,24,01
1616,I13_24_02.png,I13.png,3.0,1.033,24,02
1617,I13_24_03.png,I13.png,2.57,0.92,24,03
1618,I13_24_04.png,I13.png,1.93,0.573,24,04
1619,I13_24_05.png,I13.png,1.7,0.781,24,05
1620,I13_25_01.png,I13.png,3.97,0.875,25,01
1621,I13_25_02.png,I13.png,4.13,0.846,25,02
1622,I13_25_03.png,I13.png,4.63,0.547,25,03
1623,I13_25_04.png,I13.png,4.32,0.778,25,04
1624,I13_25_05.png,I13.png,3.4,0.8,25,05
1625,I14_01_01.png,I14.png,4.63,0.547,01,01
1626,I14_01_02.png,I14.png,4.1,0.79,01,02
1627,I14_01_03.png,I14.png,2.53,0.846,01,03
1628,I14_01_04.png,I14.png,1.68,0.59,01,04
1629,I14_01_05.png,I14.png,1.57,0.496,01,05
1630,I14_02_01.png,I14.png,3.77,0.716,02,01
1631,I14_02_02.png,I14.png,2.57,0.716,02,02
1632,I14_02_03.png,I14.png,1.63,0.657,02,03
1633,I14_02_04.png,I14.png,1.37,0.547,02,04
1634,I14_02_05.png,I14.png,1.27,0.512,02,05
1635,I14_03_01.png,I14.png,4.67,0.537,03,01
1636,I14_03_02.png,I14.png,3.55,0.836,03,02
1637,I14_03_03.png,I14.png,2.5,0.847,03,03
1638,I14_03_04.png,I14.png,1.9,0.597,03,04
1639,I14_03_05.png,I14.png,1.45,0.498,03,05
1640,I14_04_01.png,I14.png,4.53,0.67,04,01
1641,I14_04_02.png,I14.png,3.0,0.931,04,02
1642,I14_04_03.png,I14.png,2.27,0.854,04,03
1643,I14_04_04.png,I14.png,1.97,0.948,04,04
1644,I14_04_05.png,I14.png,1.9,0.831,04,05
1645,I14_05_01.png,I14.png,3.63,0.948,05,01
1646,I14_05_02.png,I14.png,2.33,0.699,05,02
1647,I14_05_03.png,I14.png,1.7,0.64,05,03
1648,I14_05_04.png,I14.png,1.53,0.499,05,04
1649,I14_05_05.png,I14.png,1.57,0.559,05,05
1650,I14_06_01.png,I14.png,4.23,0.667,06,01
1651,I14_06_02.png,I14.png,4.47,0.618,06,02
1652,I14_06_03.png,I14.png,3.9,0.79,06,03
1653,I14_06_04.png,I14.png,3.73,0.892,06,04
1654,I14_06_05.png,I14.png,2.37,0.795,06,05
1655,I14_07_01.png,I14.png,2.7,1.069,07,01
1656,I14_07_02.png,I14.png,1.93,0.854,07,02
1657,I14_07_03.png,I14.png,2.03,0.948,07,03
1658,I14_07_04.png,I14.png,1.97,0.912,07,04
1659,I14_07_05.png,I14.png,2.16,1.139,07,05
1660,I14_08_01.png,I14.png,4.43,0.496,08,01
1661,I14_08_02.png,I14.png,3.8,0.6,08,02
1662,I14_08_03.png,I14.png,2.83,0.934,08,03
1663,I14_08_04.png,I14.png,2.06,0.982,08,04
1664,I14_08_05.png,I14.png,1.67,0.83,08,05
1665,I14_09_01.png,I14.png,4.53,0.562,09,01
1666,I14_09_02.png,I14.png,4.1,0.978,09,02
1667,I14_09_03.png,I14.png,3.83,0.86,09,03
1668,I14_09_04.png,I14.png,2.37,0.706,09,04
1669,I14_09_05.png,I14.png,1.47,0.67,09,05
1670,I14_10_01.png,I14.png,4.3,0.781,10,01
1671,I14_10_02.png,I14.png,4.33,0.65,10,02
1672,I14_10_03.png,I14.png,3.73,0.964,10,03
1673,I14_10_04.png,I14.png,2.2,0.653,10,04
1674,I14_10_05.png,I14.png,1.37,0.706,10,05
1675,I14_11_01.png,I14.png,3.9,0.539,11,01
1676,I14_11_02.png,I14.png,3.03,0.657,11,02
1677,I14_11_03.png,I14.png,2.7,0.737,11,03
1678,I14_11_04.png,I14.png,2.43,0.716,11,04
1679,I14_11_05.png,I14.png,2.3,0.781,11,05
1680,I14_12_01.png,I14.png,4.3,0.823,12,01
1681,I14_12_02.png,I14.png,3.37,0.752,12,02
1682,I14_12_03.png,I14.png,3.07,0.772,12,03
1683,I14_12_04.png,I14.png,2.7,0.781,12,04
1684,I14_12_05.png,I14.png,2.43,0.844,12,05
1685,I14_13_01.png,I14.png,3.83,0.86,13,01
1686,I14_13_02.png,I14.png,2.83,0.898,13,02
1687,I14_13_03.png,I14.png,2.67,0.789,13,03
1688,I14_13_04.png,I14.png,2.27,0.892,13,04
1689,I14_13_05.png,I14.png,2.1,0.7,13,05
1690,I14_14_01.png,I14.png,3.93,1.062,14,01
1691,I14_14_02.png,I14.png,2.77,0.844,14,02
1692,I14_14_03.png,I14.png,2.63,0.752,14,03
1693,I14_14_04.png,I14.png,2.37,0.795,14,04
1694,I14_14_05.png,I14.png,2.13,0.806,14,05
1695,I14_15_01.png,I14.png,3.37,0.875,15,01
1696,I14_15_02.png,I14.png,3.03,0.983,15,02
1697,I14_15_03.png,I14.png,2.43,0.803,15,03
1698,I14_15_04.png,I14.png,1.83,0.734,15,04
1699,I14_15_05.png,I14.png,1.63,0.706,15,05
1700,I14_16_01.png,I14.png,4.47,0.499,16,01
1701,I14_16_02.png,I14.png,4.17,0.582,16,02
1702,I14_16_03.png,I14.png,3.33,0.745,16,03
1703,I14_16_04.png,I14.png,2.47,0.67,16,04
1704,I14_16_05.png,I14.png,1.97,0.795,16,05
1705,I14_17_01.png,I14.png,4.27,0.727,17,01
1706,I14_17_02.png,I14.png,4.37,0.605,17,02
1707,I14_17_03.png,I14.png,4.0,0.632,17,03
1708,I14_17_04.png,I14.png,3.27,0.892,17,04
1709,I14_17_05.png,I14.png,2.3,1.1,17,05
1710,I14_18_01.png,I14.png,3.6,0.841,18,01
1711,I14_18_02.png,I14.png,4.33,0.869,18,02
1712,I14_18_03.png,I14.png,4.67,0.471,18,03
1713,I14_18_04.png,I14.png,4.2,0.542,18,04
1714,I14_18_05.png,I14.png,4.0,0.632,18,05
1715,I14_19_01.png,I14.png,4.27,0.512,19,01
1716,I14_19_02.png,I14.png,4.07,0.772,19,02
1717,I14_19_03.png,I14.png,3.07,0.814,19,03
1718,I14_19_04.png,I14.png,2.07,0.727,19,04
1719,I14_19_05.png,I14.png,1.43,0.559,19,05
1720,I14_20_01.png,I14.png,4.4,0.712,20,01
1721,I14_20_02.png,I14.png,3.3,1.1,20,02
1722,I14_20_03.png,I14.png,4.37,0.795,20,03
1723,I14_20_04.png,I14.png,4.4,0.879,20,04
1724,I14_20_05.png,I14.png,4.1,1.012,20,05
1725,I14_21_01.png,I14.png,4.23,0.803,21,01
1726,I14_21_02.png,I14.png,3.47,1.118,21,02
1727,I14_21_03.png,I14.png,2.93,1.062,21,03
1728,I14_21_04.png,I14.png,3.0,0.894,21,04
1729,I14_21_05.png,I14.png,1.39,0.605,21,05
1730,I14_22_01.png,I14.png,4.07,0.998,22,01
1731,I14_22_02.png,I14.png,3.7,0.971,22,02
1732,I14_22_03.png,I14.png,3.7,0.971,22,03
1733,I14_22_04.png,I14.png,3.47,0.846,22,04
1734,I14_22_05.png,I14.png,2.67,1.106,22,05
1735,I14_23_01.png,I14.png,2.67,1.075,23,01
1736,I14_23_02.png,I14.png,2.07,0.964,23,02
1737,I14_23_03.png,I14.png,2.13,1.118,23,03
1738,I14_23_04.png,I14.png,1.83,0.778,23,04
1739,I14_23_05.png,I14.png,1.9,0.907,23,05
1740,I14_24_01.png,I14.png,3.27,1.153,24,01
1741,I14_24_02.png,I14.png,2.3,0.823,24,02
1742,I14_24_03.png,I14.png,1.7,0.69,24,03
1743,I14_24_04.png,I14.png,1.47,0.67,24,04
1744,I14_24_05.png,I14.png,1.4,0.663,24,05
1745,I14_25_01.png,I14.png,3.37,0.912,25,01
1746,I14_25_02.png,I14.png,3.63,0.875,25,02
1747,I14_25_03.png,I14.png,3.9,0.597,25,03
1748,I14_25_04.png,I14.png,4.03,0.706,25,04
1749,I14_25_05.png,I14.png,3.37,0.657,25,05
1750,I15_01_01.png,I15.png,4.63,0.482,01,01
1751,I15_01_02.png,I15.png,4.33,0.532,01,02
1752,I15_01_03.png,I15.png,2.43,0.761,01,03
1753,I15_01_04.png,I15.png,1.8,0.653,01,04
1754,I15_01_05.png,I15.png,1.23,0.423,01,05
1755,I15_02_01.png,I15.png,3.43,0.761,02,01
1756,I15_02_02.png,I15.png,2.1,0.7,02,02
1757,I15_02_03.png,I15.png,1.73,0.573,02,03
1758,I15_02_04.png,I15.png,1.33,0.471,02,04
1759,I15_02_05.png,I15.png,1.16,0.363,02,05
1760,I15_03_01.png,I15.png,4.6,0.712,03,01
1761,I15_03_02.png,I15.png,3.7,0.69,03,02
1762,I15_03_03.png,I15.png,2.0,0.632,03,03
1763,I15_03_04.png,I15.png,2.07,0.814,03,04
1764,I15_03_05.png,I15.png,1.33,0.537,03,05
1765,I15_04_01.png,I15.png,4.43,0.616,04,01
1766,I15_04_02.png,I15.png,2.4,1.083,04,02
1767,I15_04_03.png,I15.png,1.87,0.921,04,03
1768,I15_04_04.png,I15.png,1.9,0.734,04,04
1769,I15_04_05.png,I15.png,1.27,0.512,04,05
1770,I15_05_01.png,I15.png,4.2,0.872,05,01
1771,I15_05_02.png,I15.png,2.33,0.789,05,02
1772,I15_05_03.png,I15.png,1.63,0.605,05,03
1773,I15_05_04.png,I15.png,1.43,0.667,05,04
1774,I15_05_05.png,I15.png,1.3,0.64,05,05
1775,I15_06_01.png,I15.png,4.1,0.539,06,01
1776,I15_06_02.png,I15.png,3.97,0.795,06,02
1777,I15_06_03.png,I15.png,4.07,0.929,06,03
1778,I15_06_04.png,I15.png,3.67,0.907,06,04
1779,I15_06_05.png,I15.png,2.73,0.854,06,05
1780,I15_07_01.png,I15.png,3.06,1.014,07,01
1781,I15_07_02.png,I15.png,2.67,1.106,07,02
1782,I15_07_03.png,I15.png,2.63,1.048,07,03
1783,I15_07_04.png,I15.png,2.55,1.073,07,04
1784,I15_07_05.png,I15.png,2.63,1.08,07,05
1785,I15_08_01.png,I15.png,4.4,0.712,08,01
1786,I15_08_02.png,I15.png,3.27,0.892,08,02
1787,I15_08_03.png,I15.png,2.27,0.929,08,03
1788,I15_08_04.png,I15.png,1.67,0.83,08,04
1789,I15_08_05.png,I15.png,1.35,0.598,08,05
1790,I15_09_01.png,I15.png,4.23,0.844,09,01
1791,I15_09_02.png,I15.png,3.8,0.653,09,02
1792,I15_09_03.png,I15.png,3.43,0.955,09,03
1793,I15_09_04.png,I15.png,1.97,0.948,09,04
1794,I15_09_05.png,I15.png,1.23,0.423,09,05
1795,I15_10_01.png,I15.png,4.0,0.775,10,01
1796,I15_10_02.png,I15.png,4.2,0.702,10,02
1797,I15_10_03.png,I15.png,3.67,0.789,10,03
1798,I15_10_04.png,I15.png,1.77,0.803,10,04
1799,I15_10_05.png,I15.png,1.33,0.471,10,05
1800,I15_11_01.png,I15.png,3.83,1.098,11,01
1801,I15_11_02.png,I15.png,3.63,1.016,11,02
1802,I15_11_03.png,I15.png,2.8,0.872,11,03
1803,I15_11_04.png,I15.png,2.6,1.052,11,04
1804,I15_11_05.png,I15.png,2.3,0.69,11,05
1805,I15_12_01.png,I15.png,4.07,0.727,12,01
1806,I15_12_02.png,I15.png,3.8,0.833,12,02
1807,I15_12_03.png,I15.png,3.17,0.778,12,03
1808,I15_12_04.png,I15.png,2.63,0.795,12,04
1809,I15_12_05.png,I15.png,2.57,0.803,12,05
1810,I15_13_01.png,I15.png,3.9,0.87,13,01
1811,I15_13_02.png,I15.png,3.17,0.778,13,02
1812,I15_13_03.png,I15.png,2.4,0.8,13,03
1813,I15_13_04.png,I15.png,2.3,1.069,13,04
1814,I15_13_05.png,I15.png,1.7,0.526,13,05
1815,I15_14_01.png,I15.png,4.03,0.752,14,01
1816,I15_14_02.png,I15.png,3.27,1.153,14,02
1817,I15_14_03.png,I15.png,2.67,0.943,14,03
1818,I15_14_04.png,I15.png,2.63,0.948,14,04
1819,I15_14_05.png,I15.png,1.87,0.67,14,05
1820,I15_15_01.png,I15.png,3.53,0.718,15,01
1821,I15_15_02.png,I15.png,2.57,0.844,15,02
1822,I15_15_03.png,I15.png,1.93,0.727,15,03
1823,I15_15_04.png,I15.png,1.7,0.64,15,04
1824,I15_15_05.png,I15.png,1.4,0.49,15,05
1825,I15_16_01.png,I15.png,4.47,0.562,16,01
1826,I15_16_02.png,I15.png,3.77,0.559,16,02
1827,I15_16_03.png,I15.png,2.93,0.854,16,03
1828,I15_16_04.png,I15.png,1.73,0.727,16,04
1829,I15_16_05.png,I15.png,1.23,0.496,16,05
1830,I15_17_01.png,I15.png,4.43,0.761,17,01
1831,I15_17_02.png,I15.png,4.63,0.547,17,02
1832,I15_17_03.png,I15.png,4.1,0.79,17,03
1833,I15_17_04.png,I15.png,3.63,0.875,17,04
1834,I15_17_05.png,I15.png,1.97,0.836,17,05
1835,I15_18_01.png,I15.png,3.77,0.803,18,01
1836,I15_18_02.png,I15.png,3.87,0.884,18,02
1837,I15_18_03.png,I15.png,4.67,0.65,18,03
1838,I15_18_04.png,I15.png,4.37,0.605,18,04
1839,I15_18_05.png,I15.png,3.6,0.757,18,05
1840,I15_19_01.png,I15.png,3.93,0.772,19,01
1841,I15_19_02.png,I15.png,4.07,0.442,19,02
1842,I15_19_03.png,I15.png,3.03,0.706,19,03
1843,I15_19_04.png,I15.png,1.77,0.559,19,04
1844,I15_19_05.png,I15.png,1.27,0.442,19,05
1845,I15_20_01.png,I15.png,4.33,0.745,20,01
1846,I15_20_02.png,I15.png,4.2,0.702,20,02
1847,I15_20_03.png,I15.png,4.07,0.772,20,03
1848,I15_20_04.png,I15.png,3.9,1.136,20,04
1849,I15_20_05.png,I15.png,3.35,1.309,20,05
1850,I15_21_01.png,I15.png,3.43,1.023,21,01
1851,I15_21_02.png,I15.png,2.9,1.044,21,02
1852,I15_21_03.png,I15.png,2.57,1.086,21,03
1853,I15_21_04.png,I15.png,2.03,0.795,21,04
1854,I15_21_05.png,I15.png,1.17,0.373,21,05
1855,I15_22_01.png,I15.png,3.93,0.854,22,01
1856,I15_22_02.png,I15.png,3.57,0.883,22,02
1857,I15_22_03.png,I15.png,4.0,0.931,22,03
1858,I15_22_04.png,I15.png,3.7,0.9,22,04
1859,I15_22_05.png,I15.png,3.1,0.831,22,05
1860,I15_23_01.png,I15.png,2.5,0.847,23,01
1861,I15_23_02.png,I15.png,1.9,0.87,23,02
1862,I15_23_03.png,I15.png,2.27,0.854,23,03
1863,I15_23_04.png,I15.png,2.17,0.969,23,04
1864,I15_23_05.png,I15.png,1.93,0.772,23,05
1865,I15_24_01.png,I15.png,2.8,0.872,24,01
1866,I15_24_02.png,I15.png,2.1,0.79,24,02
1867,I15_24_03.png,I15.png,1.53,0.718,24,03
1868,I15_24_04.png,I15.png,1.57,0.844,24,04
1869,I15_24_05.png,I15.png,1.17,0.373,24,05
1870,I15_25_01.png,I15.png,2.97,0.795,25,01
1871,I15_25_02.png,I15.png,3.2,0.702,25,02
1872,I15_25_03.png,I15.png,3.63,0.912,25,03
1873,I15_25_04.png,I15.png,3.87,0.763,25,04
1874,I15_25_05.png,I15.png,3.2,0.909,25,05
1875,I16_01_01.png,I16.png,4.7,0.458,01,01
1876,I16_01_02.png,I16.png,4.3,0.737,01,02
1877,I16_01_03.png,I16.png,2.0,0.73,01,03
1878,I16_01_04.png,I16.png,1.4,0.49,01,04
1879,I16_01_05.png,I16.png,1.13,0.34,01,05
1880,I16_02_01.png,I16.png,3.4,0.841,02,01
1881,I16_02_02.png,I16.png,1.93,0.512,02,02
1882,I16_02_03.png,I16.png,1.33,0.537,02,03
1883,I16_02_04.png,I16.png,1.17,0.373,02,04
1884,I16_02_05.png,I16.png,1.33,0.471,02,05
1885,I16_03_01.png,I16.png,4.47,0.562,03,01
1886,I16_03_02.png,I16.png,3.47,0.846,03,02
1887,I16_03_03.png,I16.png,2.03,0.605,03,03
1888,I16_03_04.png,I16.png,1.63,0.547,03,04
1889,I16_03_05.png,I16.png,1.17,0.373,03,05
1890,I16_04_01.png,I16.png,4.4,0.841,04,01
1891,I16_04_02.png,I16.png,1.9,0.978,04,02
1892,I16_04_03.png,I16.png,1.2,0.476,04,03
1893,I16_04_04.png,I16.png,1.2,0.4,04,04
1894,I16_04_05.png,I16.png,1.07,0.249,04,05
1895,I16_05_01.png,I16.png,3.07,1.031,05,01
1896,I16_05_02.png,I16.png,1.58,0.794,05,02
1897,I16_05_03.png,I16.png,1.23,0.616,05,03
1898,I16_05_04.png,I16.png,1.17,0.373,05,04
1899,I16_05_05.png,I16.png,1.43,0.716,05,05
1900,I16_06_01.png,I16.png,4.0,1.065,06,01
1901,I16_06_02.png,I16.png,4.13,0.846,06,02
1902,I16_06_03.png,I16.png,3.97,0.875,06,03
1903,I16_06_04.png,I16.png,3.3,1.005,06,04
1904,I16_06_05.png,I16.png,2.16,0.627,06,05
1905,I16_07_01.png,I16.png,3.07,0.854,07,01
1906,I16_07_02.png,I16.png,2.13,1.056,07,02
1907,I16_07_03.png,I16.png,2.33,1.075,07,03
1908,I16_07_04.png,I16.png,2.07,1.062,07,04
1909,I16_07_05.png,I16.png,2.03,0.795,07,05
1910,I16_08_01.png,I16.png,4.7,0.586,08,01
1911,I16_08_02.png,I16.png,2.9,1.228,08,02
1912,I16_08_03.png,I16.png,2.07,0.998,08,03
1913,I16_08_04.png,I16.png,1.23,0.423,08,04
1914,I16_08_05.png,I16.png,1.07,0.249,08,05
1915,I16_09_01.png,I16.png,4.63,0.482,09,01
1916,I16_09_02.png,I16.png,4.23,0.716,09,02
1917,I16_09_03.png,I16.png,4.0,1.065,09,03
1918,I16_09_04.png,I16.png,1.61,0.6,09,04
1919,I16_09_05.png,I16.png,1.17,0.373,09,05
1920,I16_10_01.png,I16.png,4.0,0.816,10,01
1921,I16_10_02.png,I16.png,4.23,0.761,10,02
1922,I16_10_03.png,I16.png,3.9,0.651,10,03
1923,I16_10_04.png,I16.png,2.03,0.752,10,04
1924,I16_10_05.png,I16.png,1.4,0.611,10,05
1925,I16_11_01.png,I16.png,4.03,0.983,11,01
1926,I16_11_02.png,I16.png,3.17,0.82,11,02
1927,I16_11_03.png,I16.png,2.9,0.87,11,03
1928,I16_11_04.png,I16.png,2.19,0.534,11,04
1929,I16_11_05.png,I16.png,2.07,0.629,11,05
1930,I16_12_01.png,I16.png,4.5,0.671,12,01
1931,I16_12_02.png,I16.png,3.3,1.005,12,02
1932,I16_12_03.png,I16.png,3.13,0.751,12,03
1933,I16_12_04.png,I16.png,2.37,0.875,12,04
1934,I16_12_05.png,I16.png,2.47,0.806,12,05
1935,I16_13_01.png,I16.png,3.57,1.055,13,01
1936,I16_13_02.png,I16.png,2.73,0.68,13,02
1937,I16_13_03.png,I16.png,2.43,0.844,13,03
1938,I16_13_04.png,I16.png,2.07,0.772,13,04
1939,I16_13_05.png,I16.png,1.77,0.496,13,05
1940,I16_14_01.png,I16.png,4.2,0.653,14,01
1941,I16_14_02.png,I16.png,3.17,0.898,14,02
1942,I16_14_03.png,I16.png,3.23,0.803,14,03
1943,I16_14_04.png,I16.png,2.27,0.772,14,04
1944,I16_14_05.png,I16.png,1.9,0.79,14,05
1945,I16_15_01.png,I16.png,3.37,1.016,15,01
1946,I16_15_02.png,I16.png,2.4,0.712,15,02
1947,I16_15_03.png,I16.png,2.03,0.795,15,03
1948,I16_15_04.png,I16.png,1.23,0.496,15,04
1949,I16_15_05.png,I16.png,1.27,0.442,15,05
1950,I16_16_01.png,I16.png,4.37,0.706,16,01
1951,I16_16_02.png,I16.png,4.37,0.547,16,02
1952,I16_16_03.png,I16.png,3.87,0.907,16,03
1953,I16_16_04.png,I16.png,2.73,0.929,16,04
1954,I16_16_05.png,I16.png,2.0,0.816,16,05
1955,I16_17_01.png,I16.png,4.63,0.482,17,01
1956,I16_17_02.png,I16.png,4.57,0.496,17,02
1957,I16_17_03.png,I16.png,4.27,0.629,17,03
1958,I16_17_04.png,I16.png,3.67,0.869,17,04
1959,I16_17_05.png,I16.png,1.9,1.012,17,05
1960,I16_18_01.png,I16.png,4.47,0.67,18,01
1961,I16_18_02.png,I16.png,4.6,0.663,18,02
1962,I16_18_03.png,I16.png,4.43,0.667,18,03
1963,I16_18_04.png,I16.png,4.13,0.499,18,04
1964,I16_18_05.png,I16.png,3.93,0.727,18,05
1965,I16_19_01.png,I16.png,4.13,0.793,19,01
1966,I16_19_02.png,I16.png,3.6,0.841,19,02
1967,I16_19_03.png,I16.png,3.43,0.667,19,03
1968,I16_19_04.png,I16.png,1.57,0.616,19,04
1969,I16_19_05.png,I16.png,1.17,0.373,19,05
1970,I16_20_01.png,I16.png,4.39,0.704,20,01
1971,I16_20_02.png,I16.png,4.2,0.748,20,02
1972,I16_20_03.png,I16.png,4.43,0.667,20,03
1973,I16_20_04.png,I16.png,3.93,1.123,20,04
1974,I16_20_05.png,I16.png,3.7,0.971,20,05
1975,I16_21_01.png,I16.png,4.1,0.907,21,01
1976,I16_21_02.png,I16.png,3.3,0.9,21,02
1977,I16_21_03.png,I16.png,3.33,1.011,21,03
1978,I16_21_04.png,I16.png,3.53,1.231,21,04
1979,I16_21_05.png,I16.png,1.27,0.629,21,05
1980,I16_22_01.png,I16.png,4.03,0.875,22,01
1981,I16_22_02.png,I16.png,3.53,0.884,22,02
1982,I16_22_03.png,I16.png,2.9,1.012,22,03
1983,I16_22_04.png,I16.png,3.23,1.116,22,04
1984,I16_22_05.png,I16.png,2.53,0.921,22,05
1985,I16_23_01.png,I16.png,2.13,0.806,23,01
1986,I16_23_02.png,I16.png,2.47,0.884,23,02
1987,I16_23_03.png,I16.png,2.07,0.892,23,03
1988,I16_23_04.png,I16.png,1.87,0.806,23,04
1989,I16_23_05.png,I16.png,2.03,0.752,23,05
1990,I16_24_01.png,I16.png,3.43,0.989,24,01
1991,I16_24_02.png,I16.png,2.37,0.706,24,02
1992,I16_24_03.png,I16.png,1.93,0.629,24,03
1993,I16_24_04.png,I16.png,1.43,0.616,24,04
1994,I16_24_05.png,I16.png,1.2,0.4,24,05
1995,I16_25_01.png,I16.png,3.43,0.955,25,01
1996,I16_25_02.png,I16.png,3.5,0.806,25,02
1997,I16_25_03.png,I16.png,4.16,0.766,25,03
1998,I16_25_04.png,I16.png,4.17,0.969,25,04
1999,I16_25_05.png,I16.png,3.7,0.69,25,05
2000,I17_01_01.png,I17.png,4.73,0.442,01,01
2001,I17_01_02.png,I17.png,4.23,0.761,01,02
2002,I17_01_03.png,I17.png,2.73,0.772,01,03
2003,I17_01_04.png,I17.png,1.4,0.49,01,04
2004,I17_01_05.png,I17.png,1.07,0.249,01,05
2005,I17_02_01.png,I17.png,3.5,0.719,02,01
2006,I17_02_02.png,I17.png,2.07,0.772,02,02
2007,I17_02_03.png,I17.png,1.37,0.605,02,03
2008,I17_02_04.png,I17.png,1.2,0.476,02,04
2009,I17_02_05.png,I17.png,1.2,0.476,02,05
2010,I17_03_01.png,I17.png,4.61,0.487,03,01
2011,I17_03_02.png,I17.png,3.7,0.862,03,02
2012,I17_03_03.png,I17.png,2.27,0.772,03,03
2013,I17_03_04.png,I17.png,1.9,0.651,03,04
2014,I17_03_05.png,I17.png,1.47,0.499,03,05
2015,I17_04_01.png,I17.png,4.63,0.482,04,01
2016,I17_04_02.png,I17.png,2.47,1.087,04,02
2017,I17_04_03.png,I17.png,1.53,0.67,04,03
2018,I17_04_04.png,I17.png,1.57,0.716,04,04
2019,I17_04_05.png,I17.png,1.23,0.496,04,05
2020,I17_05_01.png,I17.png,3.2,0.702,05,01
2021,I17_05_02.png,I17.png,2.07,0.814,05,02
2022,I17_05_03.png,I17.png,1.5,0.563,05,03
2023,I17_05_04.png,I17.png,1.5,0.671,05,04
2024,I17_05_05.png,I17.png,1.6,0.712,05,05
2025,I17_06_01.png,I17.png,4.37,0.605,06,01
2026,I17_06_02.png,I17.png,4.8,0.4,06,02
2027,I17_06_03.png,I17.png,4.47,0.499,06,03
2028,I17_06_04.png,I17.png,4.17,0.778,06,04
2029,I17_06_05.png,I17.png,2.27,0.892,06,05
2030,I17_07_01.png,I17.png,2.5,0.957,07,01
2031,I17_07_02.png,I17.png,2.63,1.169,07,02
2032,I17_07_03.png,I17.png,2.33,1.043,07,03
2033,I17_07_04.png,I17.png,2.33,1.193,07,04
2034,I17_07_05.png,I17.png,1.83,0.898,07,05
2035,I17_08_01.png,I17.png,4.5,0.806,08,01
2036,I17_08_02.png,I17.png,2.9,0.978,08,02
2037,I17_08_03.png,I17.png,2.3,0.971,08,03
2038,I17_08_04.png,I17.png,1.43,0.667,08,04
2039,I17_08_05.png,I17.png,1.26,0.506,08,05
2040,I17_09_01.png,I17.png,4.67,0.471,09,01
2041,I17_09_02.png,I17.png,3.13,1.024,09,02
2042,I17_09_03.png,I17.png,2.63,1.048,09,03
2043,I17_09_04.png,I17.png,1.47,0.618,09,04
2044,I17_09_05.png,I17.png,1.13,0.34,09,05
2045,I17_10_01.png,I17.png,4.47,0.618,10,01
2046,I17_10_02.png,I17.png,4.43,0.667,10,02
2047,I17_10_03.png,I17.png,4.37,0.657,10,03
2048,I17_10_04.png,I17.png,2.47,0.957,10,04
2049,I17_10_05.png,I17.png,1.2,0.4,10,05
2050,I17_11_01.png,I17.png,4.5,0.563,11,01
2051,I17_11_02.png,I17.png,4.5,0.5,11,02
2052,I17_11_03.png,I17.png,4.2,0.833,11,03
2053,I17_11_04.png,I17.png,3.43,0.844,11,04
2054,I17_11_05.png,I17.png,2.87,0.957,11,05
2055,I17_12_01.png,I17.png,4.74,0.438,12,01
2056,I17_12_02.png,I17.png,4.63,0.657,12,02
2057,I17_12_03.png,I17.png,4.23,0.716,12,03
2058,I17_12_04.png,I17.png,3.7,0.69,12,04
2059,I17_12_05.png,I17.png,2.8,0.98,12,05
2060,I17_13_01.png,I17.png,4.07,0.892,13,01
2061,I17_13_02.png,I17.png,3.53,0.884,13,02
2062,I17_13_03.png,I17.png,2.93,0.892,13,03
2063,I17_13_04.png,I17.png,2.73,0.998,13,04
2064,I17_13_05.png,I17.png,2.4,0.841,13,05
2065,I17_14_01.png,I17.png,4.5,0.563,14,01
2066,I17_14_02.png,I17.png,4.7,0.458,14,02
2067,I17_14_03.png,I17.png,4.5,0.563,14,03
2068,I17_14_04.png,I17.png,4.03,0.752,14,04
2069,I17_14_05.png,I17.png,2.53,0.806,14,05
2070,I17_15_01.png,I17.png,3.67,0.789,15,01
2071,I17_15_02.png,I17.png,3.22,0.78,15,02
2072,I17_15_03.png,I17.png,2.63,0.795,15,03
2073,I17_15_04.png,I17.png,1.87,0.499,15,04
2074,I17_15_05.png,I17.png,1.5,0.563,15,05
2075,I17_16_01.png,I17.png,4.6,0.554,16,01
2076,I17_16_02.png,I17.png,4.4,0.8,16,02
2077,I17_16_03.png,I17.png,3.97,0.706,16,03
2078,I17_16_04.png,I17.png,2.47,0.846,16,04
2079,I17_16_05.png,I17.png,2.07,0.814,16,05
2080,I17_17_01.png,I17.png,4.53,0.499,17,01
2081,I17_17_02.png,I17.png,4.43,0.496,17,02
2082,I17_17_03.png,I17.png,4.33,0.537,17,03
2083,I17_17_04.png,I17.png,3.5,0.806,17,04
2084,I17_17_05.png,I17.png,1.83,0.934,17,05
2085,I17_18_01.png,I17.png,4.53,0.562,18,01
2086,I17_18_02.png,I17.png,4.43,0.803,18,02
2087,I17_18_03.png,I17.png,4.43,0.496,18,03
2088,I17_18_04.png,I17.png,4.17,0.687,18,04
2089,I17_18_05.png,I17.png,3.93,0.512,18,05
2090,I17_19_01.png,I17.png,4.1,0.473,19,01
2091,I17_19_02.png,I17.png,3.9,0.539,19,02
2092,I17_19_03.png,I17.png,2.8,0.792,19,03
2093,I17_19_04.png,I17.png,1.43,0.559,19,04
2094,I17_19_05.png,I17.png,1.23,0.496,19,05
2095,I17_20_01.png,I17.png,4.8,0.6,20,01
2096,I17_20_02.png,I17.png,4.57,0.716,20,02
2097,I17_20_03.png,I17.png,4.4,0.712,20,03
2098,I17_20_04.png,I17.png,4.6,0.554,20,04
2099,I17_20_05.png,I17.png,4.13,0.991,20,05
2100,I17_21_01.png,I17.png,4.13,0.718,21,01
2101,I17_21_02.png,I17.png,3.0,0.856,21,02
2102,I17_21_03.png,I17.png,2.8,1.013,21,03
2103,I17_21_04.png,I17.png,2.57,1.174,21,04
2104,I17_21_05.png,I17.png,1.13,0.34,21,05
2105,I17_22_01.png,I17.png,4.8,0.476,22,01
2106,I17_22_02.png,I17.png,4.57,0.559,22,02
2107,I17_22_03.png,I17.png,4.73,0.442,22,03
2108,I17_22_04.png,I17.png,4.6,0.49,22,04
2109,I17_22_05.png,I17.png,4.33,0.65,22,05
2110,I17_23_01.png,I17.png,2.93,0.964,23,01
2111,I17_23_02.png,I17.png,2.63,1.08,23,02
2112,I17_23_03.png,I17.png,2.5,0.957,23,03
2113,I17_23_04.png,I17.png,2.33,1.135,23,04
2114,I17_23_05.png,I17.png,2.32,0.857,23,05
2115,I17_24_01.png,I17.png,3.1,1.044,24,01
2116,I17_24_02.png,I17.png,2.33,0.745,24,02
2117,I17_24_03.png,I17.png,1.8,0.653,24,03
2118,I17_24_04.png,I17.png,1.33,0.65,24,04
2119,I17_24_05.png,I17.png,1.1,0.3,24,05
2120,I17_25_01.png,I17.png,3.4,0.917,25,01
2121,I17_25_02.png,I17.png,3.47,0.921,25,02
2122,I17_25_03.png,I17.png,4.33,0.537,25,03
2123,I17_25_04.png,I17.png,4.43,0.496,25,04
2124,I17_25_05.png,I17.png,3.4,0.987,25,05
2125,I18_01_01.png,I18.png,4.5,0.563,01,01
2126,I18_01_02.png,I18.png,4.23,0.667,01,02
2127,I18_01_03.png,I18.png,2.83,0.934,01,03
2128,I18_01_04.png,I18.png,1.77,0.496,01,04
2129,I18_01_05.png,I18.png,1.4,0.49,01,05
2130,I18_02_01.png,I18.png,3.7,0.586,02,01
2131,I18_02_02.png,I18.png,2.37,0.875,02,02
2132,I18_02_03.png,I18.png,1.53,0.562,02,03
2133,I18_02_04.png,I18.png,1.23,0.423,02,04
2134,I18_02_05.png,I18.png,1.43,0.559,02,05
2135,I18_03_01.png,I18.png,4.3,0.69,03,01
2136,I18_03_02.png,I18.png,3.97,0.795,03,02
2137,I18_03_03.png,I18.png,3.07,0.892,03,03
2138,I18_03_04.png,I18.png,2.33,0.978,03,04
2139,I18_03_05.png,I18.png,1.57,0.616,03,05
2140,I18_04_01.png,I18.png,4.4,0.554,04,01
2141,I18_04_02.png,I18.png,2.5,0.992,04,02
2142,I18_04_03.png,I18.png,1.43,0.667,04,03
2143,I18_04_04.png,I18.png,1.4,0.611,04,04
2144,I18_04_05.png,I18.png,1.43,0.716,04,05
2145,I18_05_01.png,I18.png,4.27,0.573,05,01
2146,I18_05_02.png,I18.png,2.1,0.87,05,02
2147,I18_05_03.png,I18.png,1.9,0.746,05,03
2148,I18_05_04.png,I18.png,1.57,0.616,05,04
2149,I18_05_05.png,I18.png,1.87,0.763,05,05
2150,I18_06_01.png,I18.png,3.97,0.752,06,01
2151,I18_06_02.png,I18.png,3.43,0.667,06,02
2152,I18_06_03.png,I18.png,3.1,1.012,06,03
2153,I18_06_04.png,I18.png,2.5,0.671,06,04
2154,I18_06_05.png,I18.png,2.0,0.683,06,05
2155,I18_07_01.png,I18.png,2.97,1.016,07,01
2156,I18_07_02.png,I18.png,2.13,0.884,07,02
2157,I18_07_03.png,I18.png,2.03,0.875,07,03
2158,I18_07_04.png,I18.png,2.03,0.752,07,04
2159,I18_07_05.png,I18.png,1.73,0.892,07,05
2160,I18_08_01.png,I18.png,4.3,0.64,08,01
2161,I18_08_02.png,I18.png,3.43,0.883,08,02
2162,I18_08_03.png,I18.png,2.7,0.781,08,03
2163,I18_08_04.png,I18.png,1.9,0.907,08,04
2164,I18_08_05.png,I18.png,1.37,0.482,08,05
2165,I18_09_01.png,I18.png,4.4,0.712,09,01
2166,I18_09_02.png,I18.png,4.43,0.496,09,02
2167,I18_09_03.png,I18.png,4.27,0.629,09,03
2168,I18_09_04.png,I18.png,2.97,0.983,09,04
2169,I18_09_05.png,I18.png,1.57,0.667,09,05
2170,I18_10_01.png,I18.png,4.07,0.772,10,01
2171,I18_10_02.png,I18.png,3.6,0.917,10,02
2172,I18_10_03.png,I18.png,3.1,0.79,10,03
2173,I18_10_04.png,I18.png,1.67,0.537,10,04
2174,I18_10_05.png,I18.png,1.17,0.373,10,05
2175,I18_11_01.png,I18.png,3.7,0.64,11,01
2176,I18_11_02.png,I18.png,3.17,0.86,11,02
2177,I18_11_03.png,I18.png,2.83,0.687,11,03
2178,I18_11_04.png,I18.png,2.5,0.719,11,04
2179,I18_11_05.png,I18.png,2.07,0.573,11,05
2180,I18_12_01.png,I18.png,3.97,0.795,12,01
2181,I18_12_02.png,I18.png,3.03,0.836,12,02
2182,I18_12_03.png,I18.png,2.6,0.712,12,03
2183,I18_12_04.png,I18.png,2.1,0.651,12,04
2184,I18_12_05.png,I18.png,2.03,0.795,12,05
2185,I18_13_01.png,I18.png,2.94,0.914,13,01
2186,I18_13_02.png,I18.png,2.87,0.921,13,02
2187,I18_13_03.png,I18.png,2.37,0.657,13,03
2188,I18_13_04.png,I18.png,2.07,0.772,13,04
2189,I18_13_05.png,I18.png,1.97,0.706,13,05
2190,I18_14_01.png,I18.png,4.07,0.814,14,01
2191,I18_14_02.png,I18.png,3.03,0.875,14,02
2192,I18_14_03.png,I18.png,2.67,0.869,14,03
2193,I18_14_04.png,I18.png,2.23,0.761,14,04
2194,I18_14_05.png,I18.png,1.93,0.629,14,05
2195,I18_15_01.png,I18.png,3.03,0.822,15,01
2196,I18_15_02.png,I18.png,2.47,0.67,15,02
2197,I18_15_03.png,I18.png,2.1,0.651,15,03
2198,I18_15_04.png,I18.png,1.5,0.619,15,04
2199,I18_15_05.png,I18.png,1.53,0.718,15,05
2200,I18_16_01.png,I18.png,4.43,0.716,16,01
2201,I18_16_02.png,I18.png,4.37,0.706,16,02
2202,I18_16_03.png,I18.png,4.07,0.442,16,03
2203,I18_16_04.png,I18.png,2.97,0.795,16,04
2204,I18_16_05.png,I18.png,2.17,0.82,16,05
2205,I18_17_01.png,I18.png,4.4,0.49,17,01
2206,I18_17_02.png,I18.png,4.3,0.586,17,02
2207,I18_17_03.png,I18.png,3.83,0.734,17,03
2208,I18_17_04.png,I18.png,3.7,0.737,17,04
2209,I18_17_05.png,I18.png,2.57,0.92,17,05
2210,I18_18_01.png,I18.png,4.27,0.512,18,01
2211,I18_18_02.png,I18.png,4.43,0.667,18,02
2212,I18_18_03.png,I18.png,4.45,0.614,18,03
2213,I18_18_04.png,I18.png,4.33,0.596,18,04
2214,I18_18_05.png,I18.png,3.77,0.94,18,05
2215,I18_19_01.png,I18.png,4.6,0.554,19,01
2216,I18_19_02.png,I18.png,4.27,0.68,19,02
2217,I18_19_03.png,I18.png,3.57,0.955,19,03
2218,I18_19_04.png,I18.png,2.1,0.831,19,04
2219,I18_19_05.png,I18.png,1.3,0.458,19,05
2220,I18_20_01.png,I18.png,4.33,0.699,20,01
2221,I18_20_02.png,I18.png,4.03,0.657,20,02
2222,I18_20_03.png,I18.png,4.17,0.778,20,03
2223,I18_20_04.png,I18.png,3.97,0.912,20,04
2224,I18_20_05.png,I18.png,4.1,0.907,20,05
2225,I18_21_01.png,I18.png,3.74,1.015,21,01
2226,I18_21_02.png,I18.png,3.07,1.093,21,02
2227,I18_21_03.png,I18.png,3.33,1.106,21,03
2228,I18_21_04.png,I18.png,2.9,1.075,21,04
2229,I18_21_05.png,I18.png,1.63,0.752,21,05
2230,I18_22_01.png,I18.png,3.13,0.957,22,01
2231,I18_22_02.png,I18.png,2.63,1.016,22,02
2232,I18_22_03.png,I18.png,2.83,0.734,22,03
2233,I18_22_04.png,I18.png,2.4,1.052,22,04
2234,I18_22_05.png,I18.png,2.2,0.833,22,05
2235,I18_23_01.png,I18.png,2.77,1.055,23,01
2236,I18_23_02.png,I18.png,2.0,0.816,23,02
2237,I18_23_03.png,I18.png,2.4,0.917,23,03
2238,I18_23_04.png,I18.png,2.2,0.872,23,04
2239,I18_23_05.png,I18.png,2.1,0.907,23,05
2240,I18_24_01.png,I18.png,4.1,0.597,24,01
2241,I18_24_02.png,I18.png,2.97,0.836,24,02
2242,I18_24_03.png,I18.png,2.57,0.716,24,03
2243,I18_24_04.png,I18.png,1.57,0.716,24,04
2244,I18_24_05.png,I18.png,1.34,0.537,24,05
2245,I18_25_01.png,I18.png,3.7,0.781,25,01
2246,I18_25_02.png,I18.png,3.87,0.806,25,02
2247,I18_25_03.png,I18.png,3.9,0.746,25,03
2248,I18_25_04.png,I18.png,4.03,0.752,25,04
2249,I18_25_05.png,I18.png,3.33,0.907,25,05
2250,I19_01_01.png,I19.png,4.4,0.611,01,01
2251,I19_01_02.png,I19.png,4.23,0.616,01,02
2252,I19_01_03.png,I19.png,2.77,0.716,01,03
2253,I19_01_04.png,I19.png,1.93,0.629,01,04
2254,I19_01_05.png,I19.png,1.27,0.442,01,05
2255,I19_02_01.png,I19.png,3.8,0.909,02,01
2256,I19_02_02.png,I19.png,2.5,0.719,02,02
2257,I19_02_03.png,I19.png,2.0,0.856,02,03
2258,I19_02_04.png,I19.png,1.5,0.5,02,04
2259,I19_02_05.png,I19.png,1.4,0.554,02,05
2260,I19_03_01.png,I19.png,4.57,0.716,03,01
2261,I19_03_02.png,I19.png,3.73,0.772,03,02
2262,I19_03_03.png,I19.png,3.03,0.948,03,03
2263,I19_03_04.png,I19.png,2.17,0.969,03,04
2264,I19_03_05.png,I19.png,1.84,0.573,03,05
2265,I19_04_01.png,I19.png,4.13,0.763,04,01
2266,I19_04_02.png,I19.png,2.8,0.833,04,02
2267,I19_04_03.png,I19.png,1.61,0.79,04,03
2268,I19_04_04.png,I19.png,1.53,0.67,04,04
2269,I19_04_05.png,I19.png,1.37,0.547,04,05
2270,I19_05_01.png,I19.png,4.3,0.64,05,01
2271,I19_05_02.png,I19.png,2.33,0.745,05,02
2272,I19_05_03.png,I19.png,1.6,0.757,05,03
2273,I19_05_04.png,I19.png,1.57,0.761,05,04
2274,I19_05_05.png,I19.png,1.8,0.833,05,05
2275,I19_06_01.png,I19.png,3.9,0.831,06,01
2276,I19_06_02.png,I19.png,3.0,0.894,06,02
2277,I19_06_03.png,I19.png,3.4,0.879,06,03
2278,I19_06_04.png,I19.png,2.8,0.98,06,04
2279,I19_06_05.png,I19.png,1.9,0.597,06,05
2280,I19_07_01.png,I19.png,2.83,1.186,07,01
2281,I19_07_02.png,I19.png,1.97,1.048,07,02
2282,I19_07_03.png,I19.png,2.37,1.169,07,03
2283,I19_07_04.png,I19.png,2.1,0.978,07,04
2284,I19_07_05.png,I19.png,1.87,0.806,07,05
2285,I19_08_01.png,I19.png,4.87,0.34,08,01
2286,I19_08_02.png,I19.png,3.4,0.841,08,02
2287,I19_08_03.png,I19.png,2.87,1.118,08,03
2288,I19_08_04.png,I19.png,2.17,0.82,08,04
2289,I19_08_05.png,I19.png,1.6,0.757,08,05
2290,I19_09_01.png,I19.png,4.63,0.547,09,01
2291,I19_09_02.png,I19.png,4.37,0.706,09,02
2292,I19_09_03.png,I19.png,4.33,0.83,09,03
2293,I19_09_04.png,I19.png,3.37,1.016,09,04
2294,I19_09_05.png,I19.png,1.73,0.629,09,05
2295,I19_10_01.png,I19.png,4.0,0.931,10,01
2296,I19_10_02.png,I19.png,3.87,0.884,10,02
2297,I19_10_03.png,I19.png,3.87,0.975,10,03
2298,I19_10_04.png,I19.png,2.03,0.706,10,04
2299,I19_10_05.png,I19.png,1.3,0.526,10,05
2300,I19_11_01.png,I19.png,3.73,0.772,11,01
2301,I19_11_02.png,I19.png,3.33,0.83,11,02
2302,I19_11_03.png,I19.png,2.7,0.862,11,03
2303,I19_11_04.png,I19.png,2.3,0.69,11,04
2304,I19_11_05.png,I19.png,1.87,0.718,11,05
2305,I19_12_01.png,I19.png,4.6,0.554,12,01
2306,I19_12_02.png,I19.png,3.33,1.106,12,02
2307,I19_12_03.png,I19.png,2.83,0.898,12,03
2308,I19_12_04.png,I19.png,2.37,0.657,12,04
2309,I19_12_05.png,I19.png,2.13,0.763,12,05
2310,I19_13_01.png,I19.png,2.93,0.892,13,01
2311,I19_13_02.png,I19.png,2.47,0.806,13,02
2312,I19_13_03.png,I19.png,2.13,0.67,13,03
2313,I19_13_04.png,I19.png,2.3,0.586,13,04
2314,I19_13_05.png,I19.png,1.9,0.597,13,05
2315,I19_14_01.png,I19.png,4.2,0.748,14,01
2316,I19_14_02.png,I19.png,3.0,0.894,14,02
2317,I19_14_03.png,I19.png,2.57,0.844,14,03
2318,I19_14_04.png,I19.png,2.47,0.618,14,04
2319,I19_14_05.png,I19.png,1.73,0.573,14,05
2320,I19_15_01.png,I19.png,3.93,1.031,15,01
2321,I19_15_02.png,I19.png,3.0,0.856,15,02
2322,I19_15_03.png,I19.png,2.87,0.957,15,03
2323,I19_15_04.png,I19.png,1.87,0.763,15,04
2324,I19_15_05.png,I19.png,1.6,0.49,15,05
2325,I19_16_01.png,I19.png,4.57,0.667,16,01
2326,I19_16_02.png,I19.png,4.57,0.496,16,02
2327,I19_16_03.png,I19.png,4.13,0.884,16,03
2328,I19_16_04.png,I19.png,2.5,0.922,16,04
2329,I19_16_05.png,I19.png,1.77,0.803,16,05
2330,I19_17_01.png,I19.png,4.5,0.563,17,01
2331,I19_17_02.png,I19.png,4.47,0.562,17,02
2332,I19_17_03.png,I19.png,4.5,0.5,17,03
2333,I19_17_04.png,I19.png,3.82,0.716,17,04
2334,I19_17_05.png,I19.png,2.47,0.991,17,05
2335,I19_18_01.png,I19.png,4.5,0.563,18,01
2336,I19_18_02.png,I19.png,4.27,1.062,18,02
2337,I19_18_03.png,I19.png,4.7,0.458,18,03
2338,I19_18_04.png,I19.png,4.27,0.998,18,04
2339,I19_18_05.png,I19.png,3.9,0.831,18,05
2340,I19_19_01.png,I19.png,4.27,0.772,19,01
2341,I19_19_02.png,I19.png,3.83,0.687,19,02
2342,I19_19_03.png,I19.png,2.67,0.789,19,03
2343,I19_19_04.png,I19.png,1.57,0.559,19,04
2344,I19_19_05.png,I19.png,1.19,0.395,19,05
2345,I19_20_01.png,I19.png,4.13,0.907,20,01
2346,I19_20_02.png,I19.png,3.93,0.998,20,02
2347,I19_20_03.png,I19.png,3.07,1.181,20,03
2348,I19_20_04.png,I19.png,2.67,0.943,20,04
2349,I19_20_05.png,I19.png,2.37,1.11,20,05
2350,I19_21_01.png,I19.png,4.0,0.816,21,01
2351,I19_21_02.png,I19.png,3.47,0.921,21,02
2352,I19_21_03.png,I19.png,2.8,1.137,21,03
2353,I19_21_04.png,I19.png,2.8,0.909,21,04
2354,I19_21_05.png,I19.png,1.83,0.82,21,05
2355,I19_22_01.png,I19.png,4.4,0.712,22,01
2356,I19_22_02.png,I19.png,4.1,1.012,22,02
2357,I19_22_03.png,I19.png,3.37,1.016,22,03
2358,I19_22_04.png,I19.png,3.3,0.971,22,04
2359,I19_22_05.png,I19.png,2.67,0.978,22,05
2360,I19_23_01.png,I19.png,2.9,1.136,23,01
2361,I19_23_02.png,I19.png,2.37,1.197,23,02
2362,I19_23_03.png,I19.png,2.4,0.841,23,03
2363,I19_23_04.png,I19.png,2.33,0.943,23,04
2364,I19_23_05.png,I19.png,1.9,0.831,23,05
2365,I19_24_01.png,I19.png,3.3,1.1,24,01
2366,I19_24_02.png,I19.png,2.0,0.775,24,02
2367,I19_24_03.png,I19.png,1.63,0.547,24,03
2368,I19_24_04.png,I19.png,1.43,0.496,24,04
2369,I19_24_05.png,I19.png,1.23,0.423,24,05
2370,I19_25_01.png,I19.png,3.53,0.957,25,01
2371,I19_25_02.png,I19.png,4.17,0.453,25,02
2372,I19_25_03.png,I19.png,4.45,0.614,25,03
2373,I19_25_04.png,I19.png,4.43,0.883,25,04
2374,I19_25_05.png,I19.png,3.53,0.991,25,05
2375,I20_01_01.png,I20.png,4.63,0.605,01,01
2376,I20_01_02.png,I20.png,4.37,0.482,01,02
2377,I20_01_03.png,I20.png,2.73,0.854,01,03
2378,I20_01_04.png,I20.png,1.97,0.605,01,04
2379,I20_01_05.png,I20.png,1.33,0.537,01,05
2380,I20_02_01.png,I20.png,3.9,0.597,02,01
2381,I20_02_02.png,I20.png,2.53,0.806,02,02
2382,I20_02_03.png,I20.png,1.63,0.605,02,03
2383,I20_02_04.png,I20.png,1.7,0.526,02,04
2384,I20_02_05.png,I20.png,1.53,0.562,02,05
2385,I20_03_01.png,I20.png,4.4,0.663,03,01
2386,I20_03_02.png,I20.png,4.03,0.657,03,02
2387,I20_03_03.png,I20.png,3.13,0.67,03,03
2388,I20_03_04.png,I20.png,2.13,0.806,03,04
2389,I20_03_05.png,I20.png,1.87,0.618,03,05
2390,I20_04_01.png,I20.png,4.19,0.591,04,01
2391,I20_04_02.png,I20.png,2.17,0.82,04,02
2392,I20_04_03.png,I20.png,1.26,0.438,04,03
2393,I20_04_04.png,I20.png,1.23,0.616,04,04
2394,I20_04_05.png,I20.png,1.17,0.373,04,05
2395,I20_05_01.png,I20.png,3.9,0.79,05,01
2396,I20_05_02.png,I20.png,2.33,0.789,05,02
2397,I20_05_03.png,I20.png,1.83,0.522,05,03
2398,I20_05_04.png,I20.png,1.87,0.718,05,04
2399,I20_05_05.png,I20.png,2.13,0.806,05,05
2400,I20_06_01.png,I20.png,3.77,0.989,06,01
2401,I20_06_02.png,I20.png,4.07,0.772,06,02
2402,I20_06_03.png,I20.png,3.7,0.69,06,03
2403,I20_06_04.png,I20.png,3.73,0.998,06,04
2404,I20_06_05.png,I20.png,2.27,1.062,06,05
2405,I20_07_01.png,I20.png,2.57,0.989,07,01
2406,I20_07_02.png,I20.png,2.3,0.9,07,02
2407,I20_07_03.png,I20.png,2.3,1.005,07,03
2408,I20_07_04.png,I20.png,2.4,1.02,07,04
2409,I20_07_05.png,I20.png,2.17,1.128,07,05
2410,I20_08_01.png,I20.png,4.53,0.499,08,01
2411,I20_08_02.png,I20.png,3.3,0.971,08,02
2412,I20_08_03.png,I20.png,2.7,0.971,08,03
2413,I20_08_04.png,I20.png,1.7,0.862,08,04
2414,I20_08_05.png,I20.png,1.37,0.482,08,05
2415,I20_09_01.png,I20.png,4.53,0.67,09,01
2416,I20_09_02.png,I20.png,4.4,0.554,09,02
2417,I20_09_03.png,I20.png,3.8,0.945,09,03
2418,I20_09_04.png,I20.png,2.3,0.64,09,04
2419,I20_09_05.png,I20.png,1.37,0.482,09,05
2420,I20_10_01.png,I20.png,4.13,0.499,10,01
2421,I20_10_02.png,I20.png,3.9,0.79,10,02
2422,I20_10_03.png,I20.png,3.53,0.921,10,03
2423,I20_10_04.png,I20.png,1.67,0.699,10,04
2424,I20_10_05.png,I20.png,1.23,0.496,10,05
2425,I20_11_01.png,I20.png,3.47,0.763,11,01
2426,I20_11_02.png,I20.png,3.2,0.909,11,02
2427,I20_11_03.png,I20.png,2.6,0.554,11,03
2428,I20_11_04.png,I20.png,2.57,0.955,11,04
2429,I20_11_05.png,I20.png,1.87,0.846,11,05
2430,I20_12_01.png,I20.png,4.33,0.537,12,01
2431,I20_12_02.png,I20.png,3.57,0.803,12,02
2432,I20_12_03.png,I20.png,2.97,0.983,12,03
2433,I20_12_04.png,I20.png,2.53,0.67,12,04
2434,I20_12_05.png,I20.png,2.33,0.745,12,05
2435,I20_13_01.png,I20.png,3.07,0.814,13,01
2436,I20_13_02.png,I20.png,2.6,0.841,13,02
2437,I20_13_03.png,I20.png,2.57,0.716,13,03
2438,I20_13_04.png,I20.png,2.27,0.629,13,04
2439,I20_13_05.png,I20.png,1.9,0.746,13,05
2440,I20_14_01.png,I20.png,4.07,0.772,14,01
2441,I20_14_02.png,I20.png,3.37,0.795,14,02
2442,I20_14_03.png,I20.png,3.17,0.637,14,03
2443,I20_14_04.png,I20.png,2.43,0.616,14,04
2444,I20_14_05.png,I20.png,2.1,0.651,14,05
2445,I20_15_01.png,I20.png,3.47,0.763,15,01
2446,I20_15_02.png,I20.png,2.33,0.596,15,02
2447,I20_15_03.png,I20.png,1.87,0.67,15,03
2448,I20_15_04.png,I20.png,1.67,0.699,15,04
2449,I20_15_05.png,I20.png,1.17,0.373,15,05
2450,I20_16_01.png,I20.png,4.5,0.5,16,01
2451,I20_16_02.png,I20.png,4.37,0.547,16,02
2452,I20_16_03.png,I20.png,3.83,0.637,16,03
2453,I20_16_04.png,I20.png,3.23,1.023,16,04
2454,I20_16_05.png,I20.png,1.93,0.772,16,05
2455,I20_17_01.png,I20.png,4.53,0.806,17,01
2456,I20_17_02.png,I20.png,4.27,0.573,17,02
2457,I20_17_03.png,I20.png,4.03,0.875,17,03
2458,I20_17_04.png,I20.png,3.07,1.031,17,04
2459,I20_17_05.png,I20.png,1.77,0.92,17,05
2460,I20_18_01.png,I20.png,4.4,0.663,18,01
2461,I20_18_02.png,I20.png,4.5,0.719,18,02
2462,I20_18_03.png,I20.png,4.5,0.671,18,03
2463,I20_18_04.png,I20.png,3.9,0.831,18,04
2464,I20_18_05.png,I20.png,3.2,0.872,18,05
2465,I20_19_01.png,I20.png,4.6,0.663,19,01
2466,I20_19_02.png,I20.png,4.23,0.616,19,02
2467,I20_19_03.png,I20.png,3.37,0.948,19,03
2468,I20_19_04.png,I20.png,1.93,0.772,19,04
2469,I20_19_05.png,I20.png,1.37,0.547,19,05
2470,I20_20_01.png,I20.png,4.3,0.737,20,01
2471,I20_20_02.png,I20.png,4.2,0.748,20,02
2472,I20_20_03.png,I20.png,4.03,0.836,20,03
2473,I20_20_04.png,I20.png,4.27,0.854,20,04
2474,I20_20_05.png,I20.png,3.3,1.069,20,05
2475,I20_21_01.png,I20.png,4.07,1.062,21,01
2476,I20_21_02.png,I20.png,3.3,1.1,21,02
2477,I20_21_03.png,I20.png,3.1,1.027,21,03
2478,I20_21_04.png,I20.png,3.2,0.98,21,04
2479,I20_21_05.png,I20.png,1.57,0.667,21,05
2480,I20_22_01.png,I20.png,3.7,0.823,22,01
2481,I20_22_02.png,I20.png,3.57,0.883,22,02
2482,I20_22_03.png,I20.png,3.3,1.038,22,03
2483,I20_22_04.png,I20.png,2.97,0.912,22,04
2484,I20_22_05.png,I20.png,2.67,0.907,22,05
2485,I20_23_01.png,I20.png,3.03,1.104,23,01
2486,I20_23_02.png,I20.png,2.03,0.983,23,02
2487,I20_23_03.png,I20.png,2.37,1.016,23,03
2488,I20_23_04.png,I20.png,2.17,0.898,23,04
2489,I20_23_05.png,I20.png,2.03,0.752,23,05
2490,I20_24_01.png,I20.png,3.69,0.95,24,01
2491,I20_24_02.png,I20.png,3.0,0.95,24,02
2492,I20_24_03.png,I20.png,2.17,0.898,24,03
2493,I20_24_04.png,I20.png,1.53,0.562,24,04
2494,I20_24_05.png,I20.png,1.37,0.482,24,05
2495,I20_25_01.png,I20.png,2.97,0.875,25,01
2496,I20_25_02.png,I20.png,3.73,0.68,25,02
2497,I20_25_03.png,I20.png,3.87,0.707,25,03
2498,I20_25_04.png,I20.png,4.03,0.547,25,04
2499,I20_25_05.png,I20.png,3.0,0.775,25,05
2500,I21_01_01.png,I21.png,4.7,0.64,01,01
2501,I21_01_02.png,I21.png,4.0,0.73,01,02
2502,I21_01_03.png,I21.png,2.5,0.764,01,03
2503,I21_01_04.png,I21.png,1.6,0.554,01,04
2504,I21_01_05.png,I21.png,1.13,0.34,01,05
2505,I21_02_01.png,I21.png,3.2,0.872,02,01
2506,I21_02_02.png,I21.png,2.4,0.663,02,02
2507,I21_02_03.png,I21.png,1.33,0.596,02,03
2508,I21_02_04.png,I21.png,1.47,0.562,02,04
2509,I21_02_05.png,I21.png,1.27,0.442,02,05
2510,I21_03_01.png,I21.png,4.7,0.458,03,01
2511,I21_03_02.png,I21.png,3.6,0.8,03,02
2512,I21_03_03.png,I21.png,2.23,0.844,03,03
2513,I21_03_04.png,I21.png,1.9,0.597,03,04
2514,I21_03_05.png,I21.png,1.53,0.562,03,05
2515,I21_04_01.png,I21.png,4.43,0.496,04,01
2516,I21_04_02.png,I21.png,2.8,1.166,04,02
2517,I21_04_03.png,I21.png,1.9,0.79,04,03
2518,I21_04_04.png,I21.png,1.67,0.978,04,04
2519,I21_04_05.png,I21.png,1.27,0.573,04,05
2520,I21_05_01.png,I21.png,3.77,0.989,05,01
2521,I21_05_02.png,I21.png,2.33,0.789,05,02
2522,I21_05_03.png,I21.png,1.93,0.814,05,03
2523,I21_05_04.png,I21.png,1.77,0.92,05,04
2524,I21_05_05.png,I21.png,1.93,0.727,05,05
2525,I21_06_01.png,I21.png,4.03,0.795,06,01
2526,I21_06_02.png,I21.png,4.23,0.667,06,02
2527,I21_06_03.png,I21.png,3.63,0.875,06,03
2528,I21_06_04.png,I21.png,3.43,0.92,06,04
2529,I21_06_05.png,I21.png,2.3,0.823,06,05
2530,I21_07_01.png,I21.png,2.7,1.13,07,01
2531,I21_07_02.png,I21.png,2.43,0.92,07,02
2532,I21_07_03.png,I21.png,2.57,1.086,07,03
2533,I21_07_04.png,I21.png,2.07,0.892,07,04
2534,I21_07_05.png,I21.png,2.07,0.998,07,05
2535,I21_08_01.png,I21.png,4.37,0.752,08,01
2536,I21_08_02.png,I21.png,3.4,0.952,08,02
2537,I21_08_03.png,I21.png,3.1,1.075,08,03
2538,I21_08_04.png,I21.png,2.2,1.013,08,04
2539,I21_08_05.png,I21.png,1.43,0.559,08,05
2540,I21_09_01.png,I21.png,4.6,0.49,09,01
2541,I21_09_02.png,I21.png,3.43,0.955,09,02
2542,I21_09_03.png,I21.png,2.17,0.82,09,03
2543,I21_09_04.png,I21.png,1.87,0.991,09,04
2544,I21_09_05.png,I21.png,1.27,0.442,09,05
2545,I21_10_01.png,I21.png,4.23,0.716,10,01
2546,I21_10_02.png,I21.png,3.9,0.87,10,02
2547,I21_10_03.png,I21.png,3.53,0.991,10,03
2548,I21_10_04.png,I21.png,1.93,0.929,10,04
2549,I21_10_05.png,I21.png,1.17,0.453,10,05
2550,I21_11_01.png,I21.png,3.53,0.618,11,01
2551,I21_11_02.png,I21.png,3.33,0.699,11,02
2552,I21_11_03.png,I21.png,2.87,0.763,11,03
2553,I21_11_04.png,I21.png,2.3,0.823,11,04
2554,I21_11_05.png,I21.png,2.2,0.653,11,05
2555,I21_12_01.png,I21.png,4.03,0.782,12,01
2556,I21_12_02.png,I21.png,3.47,0.921,12,02
2557,I21_12_03.png,I21.png,2.9,0.79,12,03
2558,I21_12_04.png,I21.png,2.63,0.836,12,04
2559,I21_12_05.png,I21.png,2.13,0.618,12,05
2560,I21_13_01.png,I21.png,3.03,0.912,13,01
2561,I21_13_02.png,I21.png,2.73,0.68,13,02
2562,I21_13_03.png,I21.png,2.53,0.67,13,03
2563,I21_13_04.png,I21.png,1.93,0.442,13,04
2564,I21_13_05.png,I21.png,1.87,0.763,13,05
2565,I21_14_01.png,I21.png,4.47,0.618,14,01
2566,I21_14_02.png,I21.png,3.52,0.875,14,02
2567,I21_14_03.png,I21.png,3.07,0.814,14,03
2568,I21_14_04.png,I21.png,2.73,0.727,14,04
2569,I21_14_05.png,I21.png,2.27,0.727,14,05
2570,I21_15_01.png,I21.png,3.4,0.8,15,01
2571,I21_15_02.png,I21.png,2.1,0.597,15,02
2572,I21_15_03.png,I21.png,1.87,0.562,15,03
2573,I21_15_04.png,I21.png,1.4,0.49,15,04
2574,I21_15_05.png,I21.png,1.33,0.471,15,05
2575,I21_16_01.png,I21.png,4.6,0.49,16,01
2576,I21_16_02.png,I21.png,4.3,0.737,16,02
2577,I21_16_03.png,I21.png,3.67,0.471,16,03
2578,I21_16_04.png,I21.png,3.13,1.07,16,04
2579,I21_16_05.png,I21.png,2.17,0.898,16,05
2580,I21_17_01.png,I21.png,4.6,0.49,17,01
2581,I21_17_02.png,I21.png,4.37,0.482,17,02
2582,I21_17_03.png,I21.png,4.0,0.816,17,03
2583,I21_17_04.png,I21.png,2.87,1.024,17,04
2584,I21_17_05.png,I21.png,1.63,0.795,17,05
2585,I21_18_01.png,I21.png,4.37,0.547,18,01
2586,I21_18_02.png,I21.png,4.7,0.458,18,02
2587,I21_18_03.png,I21.png,4.43,0.716,18,03
2588,I21_18_04.png,I21.png,4.03,0.782,18,04
2589,I21_18_05.png,I21.png,3.53,0.846,18,05
2590,I21_19_01.png,I21.png,4.3,0.64,19,01
2591,I21_19_02.png,I21.png,3.77,0.616,19,02
2592,I21_19_03.png,I21.png,2.77,0.803,19,03
2593,I21_19_04.png,I21.png,1.67,0.596,19,04
2594,I21_19_05.png,I21.png,1.07,0.249,19,05
2595,I21_20_01.png,I21.png,4.53,0.718,20,01
2596,I21_20_02.png,I21.png,4.07,0.727,20,02
2597,I21_20_03.png,I21.png,3.47,1.087,20,03
2598,I21_20_04.png,I21.png,4.03,0.983,20,04
2599,I21_20_05.png,I21.png,3.17,1.241,20,05
2600,I21_21_01.png,I21.png,3.77,1.023,21,01
2601,I21_21_02.png,I21.png,3.03,1.14,21,02
2602,I21_21_03.png,I21.png,2.63,0.983,21,03
2603,I21_21_04.png,I21.png,2.2,0.653,21,04
2604,I21_21_05.png,I21.png,1.33,0.537,21,05
2605,I21_22_01.png,I21.png,3.57,1.086,22,01
2606,I21_22_02.png,I21.png,2.83,1.067,22,02
2607,I21_22_03.png,I21.png,2.93,1.062,22,03
2608,I21_22_04.png,I21.png,2.53,1.118,22,04
2609,I21_22_05.png,I21.png,2.07,0.814,22,05
2610,I21_23_01.png,I21.png,2.77,1.023,23,01
2611,I21_23_02.png,I21.png,2.3,0.862,23,02
2612,I21_23_03.png,I21.png,2.13,0.763,23,03
2613,I21_23_04.png,I21.png,2.13,0.846,23,04
2614,I21_23_05.png,I21.png,1.7,0.69,23,05
2615,I21_24_01.png,I21.png,3.73,0.964,24,01
2616,I21_24_02.png,I21.png,2.33,0.596,24,02
2617,I21_24_03.png,I21.png,1.77,0.761,24,03
2618,I21_24_04.png,I21.png,1.39,0.704,24,04
2619,I21_24_05.png,I21.png,1.37,0.482,24,05
2620,I21_25_01.png,I21.png,3.5,0.885,25,01
2621,I21_25_02.png,I21.png,3.77,0.883,25,02
2622,I21_25_03.png,I21.png,3.97,0.836,25,03
2623,I21_25_04.png,I21.png,3.87,0.67,25,04
2624,I21_25_05.png,I21.png,3.2,0.98,25,05
2625,I22_01_01.png,I22.png,4.7,0.458,01,01
2626,I22_01_02.png,I22.png,4.57,0.559,01,02
2627,I22_01_03.png,I22.png,3.13,0.921,01,03
2628,I22_01_04.png,I22.png,2.3,0.64,01,04
2629,I22_01_05.png,I22.png,1.5,0.563,01,05
2630,I22_02_01.png,I22.png,3.8,0.872,02,01
2631,I22_02_02.png,I22.png,2.67,0.699,02,02
2632,I22_02_03.png,I22.png,2.17,0.637,02,03
2633,I22_02_04.png,I22.png,1.57,0.616,02,04
2634,I22_02_05.png,I22.png,1.3,0.458,02,05
2635,I22_03_01.png,I22.png,4.77,0.423,03,01
2636,I22_03_02.png,I22.png,4.33,0.789,03,02
2637,I22_03_03.png,I22.png,2.73,0.814,03,03
2638,I22_03_04.png,I22.png,2.33,0.537,03,04
2639,I22_03_05.png,I22.png,1.9,0.539,03,05
2640,I22_04_01.png,I22.png,4.5,0.563,04,01
2641,I22_04_02.png,I22.png,1.5,0.619,04,02
2642,I22_04_03.png,I22.png,1.3,0.586,04,03
2643,I22_04_04.png,I22.png,1.23,0.496,04,04
2644,I22_04_05.png,I22.png,1.07,0.249,04,05
2645,I22_05_01.png,I22.png,4.13,0.806,05,01
2646,I22_05_02.png,I22.png,2.73,0.854,05,02
2647,I22_05_03.png,I22.png,1.97,0.795,05,03
2648,I22_05_04.png,I22.png,1.93,0.629,05,04
2649,I22_05_05.png,I22.png,1.47,0.718,05,05
2650,I22_06_01.png,I22.png,4.4,0.757,06,01
2651,I22_06_02.png,I22.png,4.07,0.854,06,02
2652,I22_06_03.png,I22.png,4.27,0.814,06,03
2653,I22_06_04.png,I22.png,3.23,0.803,06,04
2654,I22_06_05.png,I22.png,2.47,0.67,06,05
2655,I22_07_01.png,I22.png,2.77,0.92,07,01
2656,I22_07_02.png,I22.png,2.57,0.955,07,02
2657,I22_07_03.png,I22.png,2.2,1.137,07,03
2658,I22_07_04.png,I22.png,2.27,1.031,07,04
2659,I22_07_05.png,I22.png,1.9,0.907,07,05
2660,I22_08_01.png,I22.png,4.68,0.467,08,01
2661,I22_08_02.png,I22.png,2.4,0.952,08,02
2662,I22_08_03.png,I22.png,1.37,0.547,08,03
2663,I22_08_04.png,I22.png,1.13,0.34,08,04
2664,I22_08_05.png,I22.png,1.1,0.396,08,05
2665,I22_09_01.png,I22.png,4.73,0.442,09,01
2666,I22_09_02.png,I22.png,4.53,0.562,09,02
2667,I22_09_03.png,I22.png,4.77,0.423,09,03
2668,I22_09_04.png,I22.png,2.97,0.948,09,04
2669,I22_09_05.png,I22.png,1.63,0.547,09,05
2670,I22_10_01.png,I22.png,4.47,0.763,10,01
2671,I22_10_02.png,I22.png,4.43,0.883,10,02
2672,I22_10_03.png,I22.png,4.03,0.875,10,03
2673,I22_10_04.png,I22.png,1.83,0.86,10,04
2674,I22_10_05.png,I22.png,1.47,0.499,10,05
2675,I22_11_01.png,I22.png,3.8,0.833,11,01
2676,I22_11_02.png,I22.png,2.97,0.795,11,02
2677,I22_11_03.png,I22.png,2.8,0.792,11,03
2678,I22_11_04.png,I22.png,2.93,0.772,11,04
2679,I22_11_05.png,I22.png,2.27,0.814,11,05
2680,I22_12_01.png,I22.png,4.73,0.442,12,01
2681,I22_12_02.png,I22.png,3.5,0.885,12,02
2682,I22_12_03.png,I22.png,2.87,0.957,12,03
2683,I22_12_04.png,I22.png,2.63,0.706,12,04
2684,I22_12_05.png,I22.png,2.5,0.719,12,05
2685,I22_13_01.png,I22.png,3.93,0.964,13,01
2686,I22_13_02.png,I22.png,3.23,0.803,13,02
2687,I22_13_03.png,I22.png,2.8,0.748,13,03
2688,I22_13_04.png,I22.png,2.3,0.69,13,04
2689,I22_13_05.png,I22.png,2.1,0.597,13,05
2690,I22_14_01.png,I22.png,4.53,0.618,14,01
2691,I22_14_02.png,I22.png,3.23,0.94,14,02
2692,I22_14_03.png,I22.png,3.0,0.856,14,03
2693,I22_14_04.png,I22.png,2.61,0.904,14,04
2694,I22_14_05.png,I22.png,1.97,0.706,14,05
2695,I22_15_01.png,I22.png,3.5,0.957,15,01
2696,I22_15_02.png,I22.png,2.53,0.67,15,02
2697,I22_15_03.png,I22.png,2.27,0.68,15,03
2698,I22_15_04.png,I22.png,1.97,0.605,15,04
2699,I22_15_05.png,I22.png,1.53,0.562,15,05
2700,I22_16_01.png,I22.png,4.53,0.499,16,01
2701,I22_16_02.png,I22.png,4.37,0.547,16,02
2702,I22_16_03.png,I22.png,3.43,0.844,16,03
2703,I22_16_04.png,I22.png,2.2,0.872,16,04
2704,I22_16_05.png,I22.png,1.26,0.438,16,05
2705,I22_17_01.png,I22.png,4.87,0.34,17,01
2706,I22_17_02.png,I22.png,4.47,0.499,17,02
2707,I22_17_03.png,I22.png,4.3,0.586,17,03
2708,I22_17_04.png,I22.png,3.6,0.917,17,04
2709,I22_17_05.png,I22.png,2.5,0.885,17,05
2710,I22_18_01.png,I22.png,4.07,0.854,18,01
2711,I22_18_02.png,I22.png,4.6,0.49,18,02
2712,I22_18_03.png,I22.png,4.7,0.526,18,03
2713,I22_18_04.png,I22.png,4.5,0.563,18,04
2714,I22_18_05.png,I22.png,4.3,0.69,18,05
2715,I22_19_01.png,I22.png,4.63,0.482,19,01
2716,I22_19_02.png,I22.png,4.23,0.496,19,02
2717,I22_19_03.png,I22.png,3.77,0.761,19,03
2718,I22_19_04.png,I22.png,2.27,0.814,19,04
2719,I22_19_05.png,I22.png,1.5,0.5,19,05
2720,I22_20_01.png,I22.png,4.7,0.458,20,01
2721,I22_20_02.png,I22.png,3.83,1.128,20,02
2722,I22_20_03.png,I22.png,3.47,1.204,20,03
2723,I22_20_04.png,I22.png,4.17,1.157,20,04
2724,I22_20_05.png,I22.png,2.37,1.08,20,05
2725,I22_21_01.png,I22.png,4.53,0.618,21,01
2726,I22_21_02.png,I22.png,3.8,0.872,21,02
2727,I22_21_03.png,I22.png,3.6,0.952,21,03
2728,I22_21_04.png,I22.png,3.77,1.023,21,04
2729,I22_21_05.png,I22.png,1.87,0.806,21,05
2730,I22_22_01.png,I22.png,4.07,0.892,22,01
2731,I22_22_02.png,I22.png,3.67,1.075,22,02
2732,I22_22_03.png,I22.png,3.7,0.971,22,03
2733,I22_22_04.png,I22.png,3.33,1.247,22,04
2734,I22_22_05.png,I22.png,3.13,0.957,22,05
2735,I22_23_01.png,I22.png,1.97,0.836,23,01
2736,I22_23_02.png,I22.png,2.73,0.998,23,02
2737,I22_23_03.png,I22.png,1.7,0.737,23,03
2738,I22_23_04.png,I22.png,1.93,0.854,23,04
2739,I22_23_05.png,I22.png,2.03,0.836,23,05
2740,I22_24_01.png,I22.png,3.83,0.778,24,01
2741,I22_24_02.png,I22.png,2.8,0.909,24,02
2742,I22_24_03.png,I22.png,2.3,0.586,24,03
2743,I22_24_04.png,I22.png,1.93,0.727,24,04
2744,I22_24_05.png,I22.png,1.5,0.671,24,05
2745,I22_25_01.png,I22.png,3.33,0.869,25,01
2746,I22_25_02.png,I22.png,4.03,0.657,25,02
2747,I22_25_03.png,I22.png,4.3,0.737,25,03
2748,I22_25_04.png,I22.png,4.03,0.482,25,04
2749,I22_25_05.png,I22.png,2.9,0.907,25,05
2750,I23_01_01.png,I23.png,4.73,0.629,01,01
2751,I23_01_02.png,I23.png,4.47,0.618,01,02
2752,I23_01_03.png,I23.png,3.03,0.752,01,03
2753,I23_01_04.png,I23.png,2.2,0.653,01,04
2754,I23_01_05.png,I23.png,1.33,0.471,01,05
2755,I23_02_01.png,I23.png,3.87,0.751,02,01
2756,I23_02_02.png,I23.png,2.97,0.795,02,02
2757,I23_02_03.png,I23.png,1.97,0.637,02,03
2758,I23_02_04.png,I23.png,1.5,0.563,02,04
2759,I23_02_05.png,I23.png,1.29,0.52,02,05
2760,I23_03_01.png,I23.png,4.93,0.249,03,01
2761,I23_03_02.png,I23.png,4.47,0.67,03,02
2762,I23_03_03.png,I23.png,3.3,0.737,03,03
2763,I23_03_04.png,I23.png,2.77,0.844,03,04
2764,I23_03_05.png,I23.png,2.07,0.629,03,05
2765,I23_04_01.png,I23.png,4.8,0.4,04,01
2766,I23_04_02.png,I23.png,2.53,0.846,04,02
2767,I23_04_03.png,I23.png,1.37,0.482,04,03
2768,I23_04_04.png,I23.png,1.17,0.373,04,04
2769,I23_04_05.png,I23.png,1.1,0.3,04,05
2770,I23_05_01.png,I23.png,4.71,0.454,05,01
2771,I23_05_02.png,I23.png,2.33,0.789,05,02
2772,I23_05_03.png,I23.png,2.06,0.878,05,03
2773,I23_05_04.png,I23.png,1.83,0.637,05,04
2774,I23_05_05.png,I23.png,1.91,0.805,05,05
2775,I23_06_01.png,I23.png,4.07,0.929,06,01
2776,I23_06_02.png,I23.png,3.8,1.166,06,02
2777,I23_06_03.png,I23.png,3.43,0.92,06,03
2778,I23_06_04.png,I23.png,3.1,0.817,06,04
2779,I23_06_05.png,I23.png,2.8,0.909,06,05
2780,I23_07_01.png,I23.png,2.97,0.983,07,01
2781,I23_07_02.png,I23.png,2.1,0.87,07,02
2782,I23_07_03.png,I23.png,1.93,0.772,07,03
2783,I23_07_04.png,I23.png,2.13,0.991,07,04
2784,I23_07_05.png,I23.png,1.7,0.781,07,05
2785,I23_08_01.png,I23.png,4.73,0.442,08,01
2786,I23_08_02.png,I23.png,3.57,0.989,08,02
2787,I23_08_03.png,I23.png,3.03,1.14,08,03
2788,I23_08_04.png,I23.png,2.2,1.046,08,04
2789,I23_08_05.png,I23.png,2.03,0.795,08,05
2790,I23_09_01.png,I23.png,4.67,0.537,09,01
2791,I23_09_02.png,I23.png,3.8,0.702,09,02
2792,I23_09_03.png,I23.png,3.13,0.806,09,03
2793,I23_09_04.png,I23.png,2.0,0.672,09,04
2794,I23_09_05.png,I23.png,1.23,0.423,09,05
2795,I23_10_01.png,I23.png,4.57,0.496,10,01
2796,I23_10_02.png,I23.png,4.4,0.663,10,02
2797,I23_10_03.png,I23.png,4.13,0.718,10,03
2798,I23_10_04.png,I23.png,2.57,0.883,10,04
2799,I23_10_05.png,I23.png,1.7,0.458,10,05
2800,I23_11_01.png,I23.png,4.17,0.86,11,01
2801,I23_11_02.png,I23.png,4.0,0.856,11,02
2802,I23_11_03.png,I23.png,3.3,0.971,11,03
2803,I23_11_04.png,I23.png,2.93,0.727,11,04
2804,I23_11_05.png,I23.png,2.63,0.752,11,05
2805,I23_12_01.png,I23.png,4.77,0.423,12,01
2806,I23_12_02.png,I23.png,4.33,0.65,12,02
2807,I23_12_03.png,I23.png,3.53,0.806,12,03
2808,I23_12_04.png,I23.png,3.1,0.87,12,04
2809,I23_12_05.png,I23.png,2.93,0.929,12,05
2810,I23_13_01.png,I23.png,4.03,0.795,13,01
2811,I23_13_02.png,I23.png,3.45,0.945,13,02
2812,I23_13_03.png,I23.png,2.83,0.82,13,03
2813,I23_13_04.png,I23.png,2.7,0.737,13,04
2814,I23_13_05.png,I23.png,2.77,1.055,13,05
2815,I23_14_01.png,I23.png,4.53,0.67,14,01
2816,I23_14_02.png,I23.png,3.47,0.921,14,02
2817,I23_14_03.png,I23.png,3.03,0.948,14,03
2818,I23_14_04.png,I23.png,2.9,0.978,14,04
2819,I23_14_05.png,I23.png,2.27,0.629,14,05
2820,I23_15_01.png,I23.png,3.97,0.795,15,01
2821,I23_15_02.png,I23.png,3.27,0.814,15,02
2822,I23_15_03.png,I23.png,2.53,0.806,15,03
2823,I23_15_04.png,I23.png,1.71,0.811,15,04
2824,I23_15_05.png,I23.png,1.67,0.596,15,05
2825,I23_16_01.png,I23.png,4.73,0.442,16,01
2826,I23_16_02.png,I23.png,4.47,0.499,16,02
2827,I23_16_03.png,I23.png,3.8,0.872,16,03
2828,I23_16_04.png,I23.png,3.2,0.748,16,04
2829,I23_16_05.png,I23.png,1.97,0.657,16,05
2830,I23_17_01.png,I23.png,4.67,0.537,17,01
2831,I23_17_02.png,I23.png,4.8,0.4,17,02
2832,I23_17_03.png,I23.png,4.53,0.562,17,03
2833,I23_17_04.png,I23.png,3.57,0.844,17,04
2834,I23_17_05.png,I23.png,2.67,1.164,17,05
2835,I23_18_01.png,I23.png,4.53,0.718,18,01
2836,I23_18_02.png,I23.png,4.6,0.49,18,02
2837,I23_18_03.png,I23.png,4.7,0.458,18,03
2838,I23_18_04.png,I23.png,4.43,0.496,18,04
2839,I23_18_05.png,I23.png,4.23,0.761,18,05
2840,I23_19_01.png,I23.png,4.6,0.49,19,01
2841,I23_19_02.png,I23.png,4.4,0.663,19,02
2842,I23_19_03.png,I23.png,3.4,0.8,19,03
2843,I23_19_04.png,I23.png,1.77,0.559,19,04
2844,I23_19_05.png,I23.png,1.23,0.423,19,05
2845,I23_20_01.png,I23.png,3.97,0.948,20,01
2846,I23_20_02.png,I23.png,2.72,1.152,20,02
2847,I23_20_03.png,I23.png,2.67,1.011,20,03
2848,I23_20_04.png,I23.png,2.3,0.971,20,04
2849,I23_20_05.png,I23.png,2.03,0.795,20,05
2850,I23_21_01.png,I23.png,4.27,0.772,21,01
2851,I23_21_02.png,I23.png,3.3,0.9,21,02
2852,I23_21_03.png,I23.png,2.97,0.836,21,03
2853,I23_21_04.png,I23.png,3.07,1.062,21,04
2854,I23_21_05.png,I23.png,1.47,0.618,21,05
2855,I23_22_01.png,I23.png,4.63,0.657,22,01
2856,I23_22_02.png,I23.png,4.77,0.496,22,02
2857,I23_22_03.png,I23.png,4.53,0.618,22,03
2858,I23_22_04.png,I23.png,4.43,0.761,22,04
2859,I23_22_05.png,I23.png,4.03,0.795,22,05
2860,I23_23_01.png,I23.png,2.57,0.883,23,01
2861,I23_23_02.png,I23.png,2.07,0.854,23,02
2862,I23_23_03.png,I23.png,2.0,0.816,23,03
2863,I23_23_04.png,I23.png,2.23,0.92,23,04
2864,I23_23_05.png,I23.png,2.47,1.087,23,05
2865,I23_24_01.png,I23.png,4.3,0.737,24,01
2866,I23_24_02.png,I23.png,3.13,0.957,24,02
2867,I23_24_03.png,I23.png,2.57,0.883,24,03
2868,I23_24_04.png,I23.png,1.83,0.734,24,04
2869,I23_24_05.png,I23.png,1.33,0.537,24,05
2870,I23_25_01.png,I23.png,4.23,0.616,25,01
2871,I23_25_02.png,I23.png,4.27,0.727,25,02
2872,I23_25_03.png,I23.png,4.37,0.547,25,03
2873,I23_25_04.png,I23.png,4.4,0.663,25,04
2874,I23_25_05.png,I23.png,3.9,0.651,25,05
2875,I24_01_01.png,I24.png,4.2,0.98,01,01
2876,I24_01_02.png,I24.png,4.03,0.912,01,02
2877,I24_01_03.png,I24.png,2.77,0.955,01,03
2878,I24_01_04.png,I24.png,1.7,0.64,01,04
2879,I24_01_05.png,I24.png,1.4,0.49,01,05
2880,I24_02_01.png,I24.png,3.57,0.883,02,01
2881,I24_02_02.png,I24.png,2.47,0.718,02,02
2882,I24_02_03.png,I24.png,1.77,0.616,02,03
2883,I24_02_04.png,I24.png,1.7,0.586,02,04
2884,I24_02_05.png,I24.png,1.33,0.537,02,05
2885,I24_03_01.png,I24.png,4.5,0.671,03,01
2886,I24_03_02.png,I24.png,4.0,0.931,03,02
2887,I24_03_03.png,I24.png,3.03,0.983,03,03
2888,I24_03_04.png,I24.png,2.4,0.8,03,04
2889,I24_03_05.png,I24.png,1.83,0.637,03,05
2890,I24_04_01.png,I24.png,4.53,0.562,04,01
2891,I24_04_02.png,I24.png,2.97,0.948,04,02
2892,I24_04_03.png,I24.png,2.03,0.795,04,03
2893,I24_04_04.png,I24.png,1.63,0.657,04,04
2894,I24_04_05.png,I24.png,1.26,0.438,04,05
2895,I24_05_01.png,I24.png,4.47,0.763,05,01
2896,I24_05_02.png,I24.png,2.47,0.718,05,02
2897,I24_05_03.png,I24.png,2.0,0.632,05,03
2898,I24_05_04.png,I24.png,2.0,0.931,05,04
2899,I24_05_05.png,I24.png,2.47,0.884,05,05
2900,I24_06_01.png,I24.png,4.27,0.772,06,01
2901,I24_06_02.png,I24.png,3.93,0.814,06,02
2902,I24_06_03.png,I24.png,3.8,0.945,06,03
2903,I24_06_04.png,I24.png,2.73,0.892,06,04
2904,I24_06_05.png,I24.png,2.67,0.83,06,05
2905,I24_07_01.png,I24.png,2.8,0.702,07,01
2906,I24_07_02.png,I24.png,2.43,1.086,07,02
2907,I24_07_03.png,I24.png,1.93,0.772,07,03
2908,I24_07_04.png,I24.png,2.23,1.023,07,04
2909,I24_07_05.png,I24.png,1.4,0.712,07,05
2910,I24_08_01.png,I24.png,4.5,0.5,08,01
2911,I24_08_02.png,I24.png,3.63,0.875,08,02
2912,I24_08_03.png,I24.png,2.83,0.898,08,03
2913,I24_08_04.png,I24.png,1.93,0.573,08,04
2914,I24_08_05.png,I24.png,1.7,0.69,08,05
2915,I24_09_01.png,I24.png,4.37,0.875,09,01
2916,I24_09_02.png,I24.png,4.19,0.591,09,02
2917,I24_09_03.png,I24.png,4.2,0.748,09,03
2918,I24_09_04.png,I24.png,2.13,0.806,09,04
2919,I24_09_05.png,I24.png,1.4,0.554,09,05
2920,I24_10_01.png,I24.png,4.47,0.763,10,01
2921,I24_10_02.png,I24.png,4.3,0.69,10,02
2922,I24_10_03.png,I24.png,3.97,1.016,10,03
2923,I24_10_04.png,I24.png,1.9,0.651,10,04
2924,I24_10_05.png,I24.png,1.57,0.559,10,05
2925,I24_11_01.png,I24.png,3.53,0.957,11,01
2926,I24_11_02.png,I24.png,3.07,0.929,11,02
2927,I24_11_03.png,I24.png,2.7,0.971,11,03
2928,I24_11_04.png,I24.png,2.53,0.957,11,04
2929,I24_11_05.png,I24.png,1.97,0.547,11,05
2930,I24_12_01.png,I24.png,4.3,0.737,12,01
2931,I24_12_02.png,I24.png,3.37,0.983,12,02
2932,I24_12_03.png,I24.png,2.33,0.65,12,03
2933,I24_12_04.png,I24.png,2.43,0.667,12,04
2934,I24_12_05.png,I24.png,2.0,0.632,12,05
2935,I24_13_01.png,I24.png,3.43,0.716,13,01
2936,I24_13_02.png,I24.png,3.0,0.856,13,02
2937,I24_13_03.png,I24.png,2.43,0.803,13,03
2938,I24_13_04.png,I24.png,2.1,0.831,13,04
2939,I24_13_05.png,I24.png,2.2,0.748,13,05
2940,I24_14_01.png,I24.png,4.3,0.64,14,01
2941,I24_14_02.png,I24.png,2.97,0.836,14,02
2942,I24_14_03.png,I24.png,2.8,0.98,14,03
2943,I24_14_04.png,I24.png,2.3,0.69,14,04
2944,I24_14_05.png,I24.png,1.93,0.629,14,05
2945,I24_15_01.png,I24.png,3.47,1.056,15,01
2946,I24_15_02.png,I24.png,2.43,1.023,15,02
2947,I24_15_03.png,I24.png,1.9,0.597,15,03
2948,I24_15_04.png,I24.png,1.53,0.618,15,04
2949,I24_15_05.png,I24.png,1.67,0.537,15,05
2950,I24_16_01.png,I24.png,4.5,0.619,16,01
2951,I24_16_02.png,I24.png,4.1,0.79,16,02
2952,I24_16_03.png,I24.png,3.94,0.669,16,03
2953,I24_16_04.png,I24.png,2.07,0.68,16,04
2954,I24_16_05.png,I24.png,1.43,0.559,16,05
2955,I24_17_01.png,I24.png,4.57,0.559,17,01
2956,I24_17_02.png,I24.png,4.37,0.875,17,02
2957,I24_17_03.png,I24.png,4.0,0.856,17,03
2958,I24_17_04.png,I24.png,3.57,0.883,17,04
2959,I24_17_05.png,I24.png,2.3,0.936,17,05
2960,I24_18_01.png,I24.png,4.0,0.816,18,01
2961,I24_18_02.png,I24.png,4.3,0.781,18,02
2962,I24_18_03.png,I24.png,4.7,0.458,18,03
2963,I24_18_04.png,I24.png,4.37,0.795,18,04
2964,I24_18_05.png,I24.png,4.27,0.512,18,05
2965,I24_19_01.png,I24.png,4.67,0.596,19,01
2966,I24_19_02.png,I24.png,4.5,0.671,19,02
2967,I24_19_03.png,I24.png,4.07,0.892,19,03
2968,I24_19_04.png,I24.png,2.67,0.869,19,04
2969,I24_19_05.png,I24.png,1.53,0.499,19,05
2970,I24_20_01.png,I24.png,4.0,0.966,20,01
2971,I24_20_02.png,I24.png,3.67,1.011,20,02
2972,I24_20_03.png,I24.png,3.73,1.123,20,03
2973,I24_20_04.png,I24.png,3.7,0.971,20,04
2974,I24_20_05.png,I24.png,2.53,0.957,20,05
2975,I24_21_01.png,I24.png,4.27,0.854,21,01
2976,I24_21_02.png,I24.png,3.53,1.147,21,02
2977,I24_21_03.png,I24.png,3.5,1.147,21,03
2978,I24_21_04.png,I24.png,2.97,1.048,21,04
2979,I24_21_05.png,I24.png,1.4,0.554,21,05
2980,I24_22_01.png,I24.png,4.07,0.892,22,01
2981,I24_22_02.png,I24.png,3.63,0.912,22,02
2982,I24_22_03.png,I24.png,3.07,0.929,22,03
2983,I24_22_04.png,I24.png,3.33,0.907,22,04
2984,I24_22_05.png,I24.png,2.9,0.831,22,05
2985,I24_23_01.png,I24.png,2.73,0.998,23,01
2986,I24_23_02.png,I24.png,2.1,0.746,23,02
2987,I24_23_03.png,I24.png,2.17,0.82,23,03
2988,I24_23_04.png,I24.png,1.57,0.559,23,04
2989,I24_23_05.png,I24.png,2.1,0.928,23,05
2990,I24_24_01.png,I24.png,3.73,0.929,24,01
2991,I24_24_02.png,I24.png,2.63,0.781,24,02
2992,I24_24_03.png,I24.png,2.07,0.68,24,03
2993,I24_24_04.png,I24.png,1.63,0.657,24,04
2994,I24_24_05.png,I24.png,1.16,0.368,24,05
2995,I24_25_01.png,I24.png,3.2,1.013,25,01
2996,I24_25_02.png,I24.png,3.83,0.934,25,02
2997,I24_25_03.png,I24.png,4.33,0.789,25,03
2998,I24_25_04.png,I24.png,3.83,0.969,25,04
2999,I24_25_05.png,I24.png,3.53,0.806,25,05
3000,I25_01_01.png,I25.png,4.43,0.667,01,01
3001,I25_01_02.png,I25.png,4.63,0.482,01,02
3002,I25_01_03.png,I25.png,3.2,0.945,01,03
3003,I25_01_04.png,I25.png,2.3,0.971,01,04
3004,I25_01_05.png,I25.png,1.37,0.482,01,05
3005,I25_02_01.png,I25.png,4.17,0.687,02,01
3006,I25_02_02.png,I25.png,2.87,1.056,02,02
3007,I25_02_03.png,I25.png,1.87,0.67,02,03
3008,I25_02_04.png,I25.png,1.73,0.629,02,04
3009,I25_02_05.png,I25.png,1.3,0.458,02,05
3010,I25_03_01.png,I25.png,4.77,0.423,03,01
3011,I25_03_02.png,I25.png,4.43,0.716,03,02
3012,I25_03_03.png,I25.png,3.1,0.87,03,03
3013,I25_03_04.png,I25.png,2.9,1.012,03,04
3014,I25_03_05.png,I25.png,1.73,0.629,03,05
3015,I25_04_01.png,I25.png,4.53,0.921,04,01
3016,I25_04_02.png,I25.png,3.03,1.104,04,02
3017,I25_04_03.png,I25.png,2.0,1.065,04,03
3018,I25_04_04.png,I25.png,2.07,0.998,04,04
3019,I25_04_05.png,I25.png,1.65,0.785,04,05
3020,I25_05_01.png,I25.png,4.5,0.671,05,01
3021,I25_05_02.png,I25.png,2.8,1.013,05,02
3022,I25_05_03.png,I25.png,2.23,0.844,05,03
3023,I25_05_04.png,I25.png,2.53,1.176,05,04
3024,I25_05_05.png,I25.png,2.73,1.236,05,05
3025,I25_06_01.png,I25.png,4.2,0.748,06,01
3026,I25_06_02.png,I25.png,4.07,0.772,06,02
3027,I25_06_03.png,I25.png,4.07,0.929,06,03
3028,I25_06_04.png,I25.png,3.2,1.013,06,04
3029,I25_06_05.png,I25.png,2.33,0.789,06,05
3030,I25_07_01.png,I25.png,2.5,1.025,07,01
3031,I25_07_02.png,I25.png,2.43,1.309,07,02
3032,I25_07_03.png,I25.png,2.43,1.116,07,03
3033,I25_07_04.png,I25.png,2.37,1.251,07,04
3034,I25_07_05.png,I25.png,1.97,0.795,07,05
3035,I25_08_01.png,I25.png,4.73,0.512,08,01
3036,I25_08_02.png,I25.png,3.13,0.957,08,02
3037,I25_08_03.png,I25.png,3.13,0.884,08,03
3038,I25_08_04.png,I25.png,1.7,0.737,08,04
3039,I25_08_05.png,I25.png,1.33,0.699,08,05
3040,I25_09_01.png,I25.png,4.7,0.458,09,01
3041,I25_09_02.png,I25.png,4.6,0.49,09,02
3042,I25_09_03.png,I25.png,4.2,0.653,09,03
3043,I25_09_04.png,I25.png,3.03,1.016,09,04
3044,I25_09_05.png,I25.png,1.53,0.763,09,05
3045,I25_10_01.png,I25.png,4.53,0.562,10,01
3046,I25_10_02.png,I25.png,4.63,0.547,10,02
3047,I25_10_03.png,I25.png,4.3,0.862,10,03
3048,I25_10_04.png,I25.png,1.6,0.611,10,04
3049,I25_10_05.png,I25.png,1.07,0.249,10,05
3050,I25_11_01.png,I25.png,4.1,0.79,11,01
3051,I25_11_02.png,I25.png,3.5,0.957,11,02
3052,I25_11_03.png,I25.png,2.9,0.831,11,03
3053,I25_11_04.png,I25.png,2.77,0.761,11,04
3054,I25_11_05.png,I25.png,2.37,0.912,11,05
3055,I25_12_01.png,I25.png,4.57,0.496,12,01
3056,I25_12_02.png,I25.png,3.53,0.991,12,02
3057,I25_12_03.png,I25.png,2.9,0.79,12,03
3058,I25_12_04.png,I25.png,2.43,0.761,12,04
3059,I25_12_05.png,I25.png,2.23,0.844,12,05
3060,I25_13_01.png,I25.png,3.47,0.562,13,01
3061,I25_13_02.png,I25.png,2.81,0.916,13,02
3062,I25_13_03.png,I25.png,2.3,0.737,13,03
3063,I25_13_04.png,I25.png,2.17,0.82,13,04
3064,I25_13_05.png,I25.png,1.94,0.878,13,05
3065,I25_14_01.png,I25.png,4.57,0.496,14,01
3066,I25_14_02.png,I25.png,4.03,0.752,14,02
3067,I25_14_03.png,I25.png,3.63,1.14,14,03
3068,I25_14_04.png,I25.png,2.27,0.629,14,04
3069,I25_14_05.png,I25.png,1.83,0.637,14,05
3070,I25_15_01.png,I25.png,3.63,0.948,15,01
3071,I25_15_02.png,I25.png,2.53,0.806,15,02
3072,I25_15_03.png,I25.png,1.97,0.795,15,03
3073,I25_15_04.png,I25.png,1.2,0.4,15,04
3074,I25_15_05.png,I25.png,1.3,0.458,15,05
3075,I25_16_01.png,I25.png,4.67,0.537,16,01
3076,I25_16_02.png,I25.png,4.27,0.629,16,02
3077,I25_16_03.png,I25.png,4.32,0.59,16,03
3078,I25_16_04.png,I25.png,3.43,0.883,16,04
3079,I25_16_05.png,I25.png,2.07,0.854,16,05
3080,I25_17_01.png,I25.png,4.73,0.442,17,01
3081,I25_17_02.png,I25.png,4.7,0.458,17,02
3082,I25_17_03.png,I25.png,4.5,0.719,17,03
3083,I25_17_04.png,I25.png,3.7,0.781,17,04
3084,I25_17_05.png,I25.png,1.8,0.792,17,05
3085,I25_18_01.png,I25.png,4.43,0.496,18,01
3086,I25_18_02.png,I25.png,4.73,0.442,18,02
3087,I25_18_03.png,I25.png,4.57,0.559,18,03
3088,I25_18_04.png,I25.png,4.47,0.618,18,04
3089,I25_18_05.png,I25.png,3.73,0.854,18,05
3090,I25_19_01.png,I25.png,4.77,0.423,19,01
3091,I25_19_02.png,I25.png,4.33,0.537,19,02
3092,I25_19_03.png,I25.png,4.3,0.781,19,03
3093,I25_19_04.png,I25.png,2.63,0.983,19,04
3094,I25_19_05.png,I25.png,1.73,0.68,19,05
3095,I25_20_01.png,I25.png,4.63,0.795,20,01
3096,I25_20_02.png,I25.png,3.93,0.854,20,02
3097,I25_20_03.png,I25.png,2.8,1.137,20,03
3098,I25_20_04.png,I25.png,3.53,1.147,20,04
3099,I25_20_05.png,I25.png,3.4,1.332,20,05
3100,I25_21_01.png,I25.png,4.63,0.547,21,01
3101,I25_21_02.png,I25.png,4.0,0.966,21,02
3102,I25_21_03.png,I25.png,3.57,1.23,21,03
3103,I25_21_04.png,I25.png,4.03,0.752,21,04
3104,I25_21_05.png,I25.png,2.57,0.883,21,05
3105,I25_22_01.png,I25.png,4.57,0.496,22,01
3106,I25_22_02.png,I25.png,4.33,0.65,22,02
3107,I25_22_03.png,I25.png,4.3,0.64,22,03
3108,I25_22_04.png,I25.png,3.87,1.087,22,04
3109,I25_22_05.png,I25.png,2.8,1.137,22,05
3110,I25_23_01.png,I25.png,2.43,0.883,23,01
3111,I25_23_02.png,I25.png,2.37,0.752,23,02
3112,I25_23_03.png,I25.png,2.23,0.989,23,03
3113,I25_23_04.png,I25.png,2.17,0.734,23,04
3114,I25_23_05.png,I25.png,2.0,0.856,23,05
3115,I25_24_01.png,I25.png,4.0,0.73,24,01
3116,I25_24_02.png,I25.png,2.63,0.948,24,02
3117,I25_24_03.png,I25.png,2.2,0.909,24,03
3118,I25_24_04.png,I25.png,1.57,0.761,24,04
3119,I25_24_05.png,I25.png,1.27,0.573,24,05
3120,I25_25_01.png,I25.png,3.53,0.884,25,01
3121,I25_25_02.png,I25.png,3.93,0.512,25,02
3122,I25_25_03.png,I25.png,4.5,0.5,25,03
3123,I25_25_04.png,I25.png,4.67,0.537,25,04
3124,I25_25_05.png,I25.png,3.53,1.056,25,05
3125,I26_01_01.png,I26.png,4.74,0.438,01,01
3126,I26_01_02.png,I26.png,4.43,0.616,01,02
3127,I26_01_03.png,I26.png,2.83,0.637,01,03
3128,I26_01_04.png,I26.png,1.8,0.6,01,04
3129,I26_01_05.png,I26.png,1.3,0.458,01,05
3130,I26_02_01.png,I26.png,4.1,0.746,02,01
3131,I26_02_02.png,I26.png,2.67,0.65,02,02
3132,I26_02_03.png,I26.png,2.0,0.683,02,03
3133,I26_02_04.png,I26.png,1.57,0.616,02,04
3134,I26_02_05.png,I26.png,1.27,0.442,02,05
3135,I26_03_01.png,I26.png,4.67,0.471,03,01
3136,I26_03_02.png,I26.png,4.33,0.699,03,02
3137,I26_03_03.png,I26.png,3.0,0.816,03,03
3138,I26_03_04.png,I26.png,2.37,0.706,03,04
3139,I26_03_05.png,I26.png,1.87,0.67,03,05
3140,I26_04_01.png,I26.png,4.8,0.6,04,01
3141,I26_04_02.png,I26.png,3.29,1.053,04,02
3142,I26_04_03.png,I26.png,2.9,1.106,04,03
3143,I26_04_04.png,I26.png,2.33,1.135,04,04
3144,I26_04_05.png,I26.png,2.07,1.093,04,05
3145,I26_05_01.png,I26.png,4.43,0.761,05,01
3146,I26_05_02.png,I26.png,2.64,1.096,05,02
3147,I26_05_03.png,I26.png,1.57,0.616,05,03
3148,I26_05_04.png,I26.png,1.77,0.667,05,04
3149,I26_05_05.png,I26.png,1.53,0.67,05,05
3150,I26_06_01.png,I26.png,4.57,0.496,06,01
3151,I26_06_02.png,I26.png,4.39,0.704,06,02
3152,I26_06_03.png,I26.png,4.0,0.816,06,03
3153,I26_06_04.png,I26.png,3.53,0.921,06,04
3154,I26_06_05.png,I26.png,2.6,1.083,06,05
3155,I26_07_01.png,I26.png,2.6,1.02,07,01
3156,I26_07_02.png,I26.png,2.3,1.005,07,02
3157,I26_07_03.png,I26.png,2.47,1.056,07,03
3158,I26_07_04.png,I26.png,2.47,1.087,07,04
3159,I26_07_05.png,I26.png,2.6,1.083,07,05
3160,I26_08_01.png,I26.png,4.67,0.471,08,01
3161,I26_08_02.png,I26.png,3.37,0.948,08,02
3162,I26_08_03.png,I26.png,3.53,0.957,08,03
3163,I26_08_04.png,I26.png,2.73,0.929,08,04
3164,I26_08_05.png,I26.png,1.77,0.844,08,05
3165,I26_09_01.png,I26.png,4.57,0.496,09,01
3166,I26_09_02.png,I26.png,4.63,0.482,09,02
3167,I26_09_03.png,I26.png,4.3,0.586,09,03
3168,I26_09_04.png,I26.png,2.67,0.869,09,04
3169,I26_09_05.png,I26.png,1.57,0.616,09,05
3170,I26_10_01.png,I26.png,4.6,0.611,10,01
3171,I26_10_02.png,I26.png,4.1,0.7,10,02
3172,I26_10_03.png,I26.png,3.93,0.814,10,03
3173,I26_10_04.png,I26.png,2.53,0.763,10,04
3174,I26_10_05.png,I26.png,1.5,0.719,10,05
3175,I26_11_01.png,I26.png,3.9,0.7,11,01
3176,I26_11_02.png,I26.png,3.3,0.936,11,02
3177,I26_11_03.png,I26.png,3.27,0.892,11,03
3178,I26_11_04.png,I26.png,2.8,0.833,11,04
3179,I26_11_05.png,I26.png,2.47,0.763,11,05
3180,I26_12_01.png,I26.png,4.53,0.562,12,01
3181,I26_12_02.png,I26.png,3.77,1.023,12,02
3182,I26_12_03.png,I26.png,2.9,0.87,12,03
3183,I26_12_04.png,I26.png,2.8,0.792,12,04
3184,I26_12_05.png,I26.png,2.3,0.737,12,05
3185,I26_13_01.png,I26.png,3.4,0.952,13,01
3186,I26_13_02.png,I26.png,2.9,0.831,13,02
3187,I26_13_03.png,I26.png,2.73,0.772,13,03
3188,I26_13_04.png,I26.png,2.29,0.77,13,04
3189,I26_13_05.png,I26.png,2.3,1.005,13,05
3190,I26_14_01.png,I26.png,4.67,0.471,14,01
3191,I26_14_02.png,I26.png,3.84,0.795,14,02
3192,I26_14_03.png,I26.png,3.03,0.836,14,03
3193,I26_14_04.png,I26.png,2.73,0.772,14,04
3194,I26_14_05.png,I26.png,2.23,0.761,14,05
3195,I26_15_01.png,I26.png,3.87,0.921,15,01
3196,I26_15_02.png,I26.png,3.43,0.883,15,02
3197,I26_15_03.png,I26.png,2.5,0.764,15,03
3198,I26_15_04.png,I26.png,2.07,0.814,15,04
3199,I26_15_05.png,I26.png,1.47,0.562,15,05
3200,I26_16_01.png,I26.png,4.83,0.373,16,01
3201,I26_16_02.png,I26.png,4.3,0.781,16,02
3202,I26_16_03.png,I26.png,3.57,0.955,16,03
3203,I26_16_04.png,I26.png,2.93,0.929,16,04
3204,I26_16_05.png,I26.png,1.97,0.795,16,05
3205,I26_17_01.png,I26.png,4.5,0.563,17,01
3206,I26_17_02.png,I26.png,4.37,0.605,17,02
3207,I26_17_03.png,I26.png,4.0,0.661,17,03
3208,I26_17_04.png,I26.png,3.37,0.795,17,04
3209,I26_17_05.png,I26.png,1.77,0.844,17,05
3210,I26_18_01.png,I26.png,4.5,0.5,18,01
3211,I26_18_02.png,I26.png,4.57,0.496,18,02
3212,I26_18_03.png,I26.png,4.74,0.438,18,03
3213,I26_18_04.png,I26.png,4.23,0.803,18,04
3214,I26_18_05.png,I26.png,3.87,0.553,18,05
3215,I26_19_01.png,I26.png,4.27,0.814,19,01
3216,I26_19_02.png,I26.png,3.6,0.8,19,02
3217,I26_19_03.png,I26.png,2.87,0.763,19,03
3218,I26_19_04.png,I26.png,1.77,0.616,19,04
3219,I26_19_05.png,I26.png,1.1,0.3,19,05
3220,I26_20_01.png,I26.png,4.23,0.761,20,01
3221,I26_20_02.png,I26.png,3.9,0.87,20,02
3222,I26_20_03.png,I26.png,4.2,1.046,20,03
3223,I26_20_04.png,I26.png,3.87,1.118,20,04
3224,I26_20_05.png,I26.png,3.57,1.116,20,05
3225,I26_21_01.png,I26.png,3.1,1.044,21,01
3226,I26_21_02.png,I26.png,2.57,0.761,21,02
3227,I26_21_03.png,I26.png,2.43,0.844,21,03
3228,I26_21_04.png,I26.png,2.57,0.92,21,04
3229,I26_21_05.png,I26.png,1.43,0.616,21,05
3230,I26_22_01.png,I26.png,4.35,0.785,22,01
3231,I26_22_02.png,I26.png,4.47,0.562,22,02
3232,I26_22_03.png,I26.png,4.0,0.775,22,03
3233,I26_22_04.png,I26.png,3.8,0.909,22,04
3234,I26_22_05.png,I26.png,2.5,1.088,22,05
3235,I26_23_01.png,I26.png,2.47,0.921,23,01
3236,I26_23_02.png,I26.png,2.2,0.909,23,02
3237,I26_23_03.png,I26.png,2.67,0.978,23,03
3238,I26_23_04.png,I26.png,2.53,0.921,23,04
3239,I26_23_05.png,I26.png,1.8,0.653,23,05
3240,I26_24_01.png,I26.png,3.6,0.757,24,01
3241,I26_24_02.png,I26.png,2.81,0.895,24,02
3242,I26_24_03.png,I26.png,2.2,0.833,24,03
3243,I26_24_04.png,I26.png,1.53,0.562,24,04
3244,I26_24_05.png,I26.png,1.43,0.559,24,05
3245,I26_25_01.png,I26.png,3.07,0.964,25,01
3246,I26_25_02.png,I26.png,3.7,0.781,25,02
3247,I26_25_03.png,I26.png,4.37,0.752,25,03
3248,I26_25_04.png,I26.png,4.0,0.931,25,04
3249,I26_25_05.png,I26.png,3.03,0.912,25,05
3250,I27_01_01.png,I27.png,4.53,0.499,01,01
3251,I27_01_02.png,I27.png,4.17,0.637,01,02
3252,I27_01_03.png,I27.png,2.4,0.841,01,03
3253,I27_01_04.png,I27.png,1.67,0.596,01,04
3254,I27_01_05.png,I27.png,1.2,0.4,01,05
3255,I27_02_01.png,I27.png,3.53,0.562,02,01
3256,I27_02_02.png,I27.png,2.1,0.539,02,02
3257,I27_02_03.png,I27.png,1.7,0.526,02,03
3258,I27_02_04.png,I27.png,1.33,0.471,02,04
3259,I27_02_05.png,I27.png,1.17,0.373,02,05
3260,I27_03_01.png,I27.png,4.4,0.611,03,01
3261,I27_03_02.png,I27.png,3.27,0.772,03,02
3262,I27_03_03.png,I27.png,2.5,0.719,03,03
3263,I27_03_04.png,I27.png,1.5,0.5,03,04
3264,I27_03_05.png,I27.png,1.67,0.596,03,05
3265,I27_04_01.png,I27.png,4.1,0.597,04,01
3266,I27_04_02.png,I27.png,2.27,0.814,04,02
3267,I27_04_03.png,I27.png,1.77,0.716,04,03
3268,I27_04_04.png,I27.png,1.17,0.373,04,04
3269,I27_04_05.png,I27.png,1.27,0.512,04,05
3270,I27_05_01.png,I27.png,4.0,0.856,05,01
3271,I27_05_02.png,I27.png,1.93,0.727,05,02
3272,I27_05_03.png,I27.png,1.57,0.559,05,03
3273,I27_05_04.png,I27.png,1.63,0.657,05,04
3274,I27_05_05.png,I27.png,1.37,0.482,05,05
3275,I27_06_01.png,I27.png,4.37,0.795,06,01
3276,I27_06_02.png,I27.png,4.1,0.831,06,02
3277,I27_06_03.png,I27.png,3.53,0.806,06,03
3278,I27_06_04.png,I27.png,3.17,1.067,06,04
3279,I27_06_05.png,I27.png,2.17,0.82,06,05
3280,I27_07_01.png,I27.png,2.4,1.02,07,01
3281,I27_07_02.png,I27.png,2.0,0.916,07,02
3282,I27_07_03.png,I27.png,1.67,0.869,07,03
3283,I27_07_04.png,I27.png,2.0,0.894,07,04
3284,I27_07_05.png,I27.png,1.7,0.586,07,05
3285,I27_08_01.png,I27.png,4.43,0.559,08,01
3286,I27_08_02.png,I27.png,3.13,1.147,08,02
3287,I27_08_03.png,I27.png,2.33,0.869,08,03
3288,I27_08_04.png,I27.png,1.5,0.619,08,04
3289,I27_08_05.png,I27.png,1.5,0.619,08,05
3290,I27_09_01.png,I27.png,4.47,0.718,09,01
3291,I27_09_02.png,I27.png,4.23,0.423,09,02
3292,I27_09_03.png,I27.png,4.27,0.629,09,03
3293,I27_09_04.png,I27.png,2.37,0.912,09,04
3294,I27_09_05.png,I27.png,1.17,0.373,09,05
3295,I27_10_01.png,I27.png,3.97,0.657,10,01
3296,I27_10_02.png,I27.png,3.9,0.597,10,02
3297,I27_10_03.png,I27.png,3.57,0.92,10,03
3298,I27_10_04.png,I27.png,1.67,0.65,10,04
3299,I27_10_05.png,I27.png,1.47,0.499,10,05
3300,I27_11_01.png,I27.png,3.23,0.844,11,01
3301,I27_11_02.png,I27.png,3.0,0.718,11,02
3302,I27_11_03.png,I27.png,2.63,0.706,11,03
3303,I27_11_04.png,I27.png,2.33,0.65,11,04
3304,I27_11_05.png,I27.png,1.87,0.618,11,05
3305,I27_12_01.png,I27.png,4.23,0.716,12,01
3306,I27_12_02.png,I27.png,3.2,0.653,12,02
3307,I27_12_03.png,I27.png,2.63,0.795,12,03
3308,I27_12_04.png,I27.png,2.3,0.586,12,04
3309,I27_12_05.png,I27.png,1.97,0.547,12,05
3310,I27_13_01.png,I27.png,3.73,0.929,13,01
3311,I27_13_02.png,I27.png,3.0,0.775,13,02
3312,I27_13_03.png,I27.png,2.63,0.657,13,03
3313,I27_13_04.png,I27.png,2.3,0.69,13,04
3314,I27_13_05.png,I27.png,2.1,0.79,13,05
3315,I27_14_01.png,I27.png,3.67,0.83,14,01
3316,I27_14_02.png,I27.png,2.97,0.875,14,02
3317,I27_14_03.png,I27.png,2.16,0.723,14,03
3318,I27_14_04.png,I27.png,2.1,0.746,14,04
3319,I27_14_05.png,I27.png,1.63,0.657,14,05
3320,I27_15_01.png,I27.png,3.77,0.989,15,01
3321,I27_15_02.png,I27.png,2.4,0.757,15,02
3322,I27_15_03.png,I27.png,2.13,0.763,15,03
3323,I27_15_04.png,I27.png,1.77,0.423,15,04
3324,I27_15_05.png,I27.png,1.52,0.561,15,05
3325,I27_16_01.png,I27.png,4.27,0.629,16,01
3326,I27_16_02.png,I27.png,3.7,0.64,16,02
3327,I27_16_03.png,I27.png,2.77,0.803,16,03
3328,I27_16_04.png,I27.png,1.8,0.748,16,04
3329,I27_16_05.png,I27.png,1.47,0.661,16,05
3330,I27_17_01.png,I27.png,4.57,0.616,17,01
3331,I27_17_02.png,I27.png,4.43,0.496,17,02
3332,I27_17_03.png,I27.png,3.97,0.752,17,03
3333,I27_17_04.png,I27.png,3.8,0.476,17,04
3334,I27_17_05.png,I27.png,3.23,1.086,17,05
3335,I27_18_01.png,I27.png,3.6,0.757,18,01
3336,I27_18_02.png,I27.png,4.03,0.547,18,02
3337,I27_18_03.png,I27.png,4.57,0.496,18,03
3338,I27_18_04.png,I27.png,4.53,0.562,18,04
3339,I27_18_05.png,I27.png,4.03,0.647,18,05
3340,I27_19_01.png,I27.png,4.03,0.875,19,01
3341,I27_19_02.png,I27.png,3.8,0.702,19,02
3342,I27_19_03.png,I27.png,2.5,0.719,19,03
3343,I27_19_04.png,I27.png,1.53,0.718,19,04
3344,I27_19_05.png,I27.png,1.1,0.3,19,05
3345,I27_20_01.png,I27.png,4.53,0.562,20,01
3346,I27_20_02.png,I27.png,2.77,1.257,20,02
3347,I27_20_03.png,I27.png,3.47,1.087,20,03
3348,I27_20_04.png,I27.png,2.23,1.086,20,04
3349,I27_20_05.png,I27.png,2.47,1.087,20,05
3350,I27_21_01.png,I27.png,3.47,0.884,21,01
3351,I27_21_02.png,I27.png,2.13,0.718,21,02
3352,I27_21_03.png,I27.png,2.37,0.983,21,03
3353,I27_21_04.png,I27.png,1.84,0.712,21,04
3354,I27_21_05.png,I27.png,1.17,0.373,21,05
3355,I27_22_01.png,I27.png,3.9,0.79,22,01
3356,I27_22_02.png,I27.png,3.7,0.9,22,02
3357,I27_22_03.png,I27.png,3.4,0.987,22,03
3358,I27_22_04.png,I27.png,2.2,0.702,22,04
3359,I27_22_05.png,I27.png,1.97,0.752,22,05
3360,I27_23_01.png,I27.png,2.53,0.806,23,01
3361,I27_23_02.png,I27.png,2.4,1.052,23,02
3362,I27_23_03.png,I27.png,2.47,0.991,23,03
3363,I27_23_04.png,I27.png,2.33,0.907,23,04
3364,I27_23_05.png,I27.png,2.13,0.763,23,05
3365,I27_24_01.png,I27.png,2.83,1.098,24,01
3366,I27_24_02.png,I27.png,2.1,0.831,24,02
3367,I27_24_03.png,I27.png,1.67,0.699,24,03
3368,I27_24_04.png,I27.png,1.37,0.482,24,04
3369,I27_24_05.png,I27.png,1.13,0.34,24,05
3370,I27_25_01.png,I27.png,3.23,1.007,25,01
3371,I27_25_02.png,I27.png,3.73,0.814,25,02
3372,I27_25_03.png,I27.png,4.03,0.706,25,03
3373,I27_25_04.png,I27.png,4.0,0.577,25,04
3374,I27_25_05.png,I27.png,3.07,1.123,25,05
3375,I28_01_01.png,I28.png,4.57,0.496,01,01
3376,I28_01_02.png,I28.png,4.68,0.467,01,02
3377,I28_01_03.png,I28.png,4.0,0.775,01,03
3378,I28_01_04.png,I28.png,2.19,0.82,01,04
3379,I28_01_05.png,I28.png,1.37,0.482,01,05
3380,I28_02_01.png,I28.png,4.23,0.761,02,01
3381,I28_02_02.png,I28.png,3.2,0.833,02,02
3382,I28_02_03.png,I28.png,1.93,0.629,02,03
3383,I28_02_04.png,I28.png,1.67,0.537,02,04
3384,I28_02_05.png,I28.png,1.57,0.559,02,05
3385,I28_03_01.png,I28.png,4.47,0.718,03,01
3386,I28_03_02.png,I28.png,4.43,0.844,03,02
3387,I28_03_03.png,I28.png,3.9,0.907,03,03
3388,I28_03_04.png,I28.png,2.73,0.964,03,04
3389,I28_03_05.png,I28.png,2.17,0.687,03,05
3390,I28_04_01.png,I28.png,4.17,0.82,04,01
3391,I28_04_02.png,I28.png,2.43,0.844,04,02
3392,I28_04_03.png,I28.png,1.5,0.619,04,03
3393,I28_04_04.png,I28.png,1.33,0.596,04,04
3394,I28_04_05.png,I28.png,1.07,0.249,04,05
3395,I28_05_01.png,I28.png,4.33,0.83,05,01
3396,I28_05_02.png,I28.png,3.27,0.964,05,02
3397,I28_05_03.png,I28.png,3.43,0.761,05,03
3398,I28_05_04.png,I28.png,3.1,1.075,05,04
3399,I28_05_05.png,I28.png,3.0,0.931,05,05
3400,I28_06_01.png,I28.png,3.73,0.854,06,01
3401,I28_06_02.png,I28.png,3.6,0.841,06,02
3402,I28_06_03.png,I28.png,3.55,0.874,06,03
3403,I28_06_04.png,I28.png,3.4,0.879,06,04
3404,I28_06_05.png,I28.png,2.47,0.991,06,05
3405,I28_07_01.png,I28.png,2.47,0.991,07,01
3406,I28_07_02.png,I28.png,2.4,1.143,07,02
3407,I28_07_03.png,I28.png,1.93,0.68,07,03
3408,I28_07_04.png,I28.png,1.87,1.056,07,04
3409,I28_07_05.png,I28.png,2.0,1.033,07,05
3410,I28_08_01.png,I28.png,4.73,0.509,08,01
3411,I28_08_02.png,I28.png,3.53,1.056,08,02
3412,I28_08_03.png,I28.png,2.47,0.846,08,03
3413,I28_08_04.png,I28.png,1.57,0.616,08,04
3414,I28_08_05.png,I28.png,1.4,0.49,08,05
3415,I28_09_01.png,I28.png,4.4,0.757,09,01
3416,I28_09_02.png,I28.png,4.23,0.883,09,02
3417,I28_09_03.png,I28.png,4.47,0.763,09,03
3418,I28_09_04.png,I28.png,3.0,0.966,09,04
3419,I28_09_05.png,I28.png,1.4,0.554,09,05
3420,I28_10_01.png,I28.png,4.23,0.761,10,01
3421,I28_10_02.png,I28.png,4.13,0.991,10,02
3422,I28_10_03.png,I28.png,3.8,0.833,10,03
3423,I28_10_04.png,I28.png,2.03,0.657,10,04
3424,I28_10_05.png,I28.png,1.3,0.526,10,05
3425,I28_11_01.png,I28.png,4.1,0.79,11,01
3426,I28_11_02.png,I28.png,3.47,0.884,11,02
3427,I28_11_03.png,I28.png,2.93,0.964,11,03
3428,I28_11_04.png,I28.png,2.7,0.971,11,04
3429,I28_11_05.png,I28.png,2.33,0.83,11,05
3430,I28_12_01.png,I28.png,4.47,0.718,12,01
3431,I28_12_02.png,I28.png,3.6,0.841,12,02
3432,I28_12_03.png,I28.png,3.2,0.792,12,03
3433,I28_12_04.png,I28.png,2.67,0.65,12,04
3434,I28_12_05.png,I28.png,2.5,0.885,12,05
3435,I28_13_01.png,I28.png,3.13,0.846,13,01
3436,I28_13_02.png,I28.png,2.83,0.778,13,02
3437,I28_13_03.png,I28.png,2.6,0.917,13,03
3438,I28_13_04.png,I28.png,1.97,0.657,13,04
3439,I28_13_05.png,I28.png,2.17,0.778,13,05
3440,I28_14_01.png,I28.png,4.57,0.716,14,01
3441,I28_14_02.png,I28.png,3.97,0.706,14,02
3442,I28_14_03.png,I28.png,3.37,0.795,14,03
3443,I28_14_04.png,I28.png,2.73,0.727,14,04
3444,I28_14_05.png,I28.png,2.43,0.92,14,05
3445,I28_15_01.png,I28.png,3.53,0.763,15,01
3446,I28_15_02.png,I28.png,3.13,0.957,15,02
3447,I28_15_03.png,I28.png,2.27,0.68,15,03
3448,I28_15_04.png,I28.png,1.77,0.616,15,04
3449,I28_15_05.png,I28.png,1.57,0.496,15,05
3450,I28_16_01.png,I28.png,4.63,0.482,16,01
3451,I28_16_02.png,I28.png,4.53,0.618,16,02
3452,I28_16_03.png,I28.png,4.23,0.667,16,03
3453,I28_16_04.png,I28.png,3.1,0.978,16,04
3454,I28_16_05.png,I28.png,2.3,0.971,16,05
3455,I28_17_01.png,I28.png,4.77,0.423,17,01
3456,I28_17_02.png,I28.png,4.57,0.716,17,02
3457,I28_17_03.png,I28.png,4.2,0.872,17,03
3458,I28_17_04.png,I28.png,3.53,0.957,17,04
3459,I28_17_05.png,I28.png,2.0,0.683,17,05
3460,I28_18_01.png,I28.png,4.37,0.657,18,01
3461,I28_18_02.png,I28.png,4.6,0.663,18,02
3462,I28_18_03.png,I28.png,4.23,0.92,18,03
3463,I28_18_04.png,I28.png,4.53,0.618,18,04
3464,I28_18_05.png,I28.png,4.23,0.616,18,05
3465,I28_19_01.png,I28.png,4.5,0.671,19,01
3466,I28_19_02.png,I28.png,4.43,0.616,19,02
3467,I28_19_03.png,I28.png,3.77,0.716,19,03
3468,I28_19_04.png,I28.png,2.23,0.667,19,04
3469,I28_19_05.png,I28.png,1.53,0.499,19,05
3470,I28_20_01.png,I28.png,4.23,0.761,20,01
3471,I28_20_02.png,I28.png,3.5,0.957,20,02
3472,I28_20_03.png,I28.png,3.37,1.14,20,03
3473,I28_20_04.png,I28.png,3.13,1.176,20,04
3474,I28_20_05.png,I28.png,2.93,1.093,20,05
3475,I28_21_01.png,I28.png,4.0,0.775,21,01
3476,I28_21_02.png,I28.png,3.57,0.92,21,02
3477,I28_21_03.png,I28.png,3.23,1.174,21,03
3478,I28_21_04.png,I28.png,3.07,1.263,21,04
3479,I28_21_05.png,I28.png,1.77,0.955,21,05
3480,I28_22_01.png,I28.png,4.2,0.748,22,01
3481,I28_22_02.png,I28.png,3.53,1.147,22,02
3482,I28_22_03.png,I28.png,3.67,0.869,22,03
3483,I28_22_04.png,I28.png,2.93,1.062,22,04
3484,I28_22_05.png,I28.png,2.3,0.971,22,05
3485,I28_23_01.png,I28.png,3.3,1.242,23,01
3486,I28_23_02.png,I28.png,2.03,0.706,23,02
3487,I28_23_03.png,I28.png,2.69,1.014,23,03
3488,I28_23_04.png,I28.png,2.27,0.929,23,04
3489,I28_23_05.png,I28.png,2.03,0.948,23,05
3490,I28_24_01.png,I28.png,4.2,0.748,24,01
3491,I28_24_02.png,I28.png,3.0,0.966,24,02
3492,I28_24_03.png,I28.png,2.87,0.846,24,03
3493,I28_24_04.png,I28.png,2.13,0.763,24,04
3494,I28_24_05.png,I28.png,1.6,0.611,24,05
3495,I28_25_01.png,I28.png,3.48,0.911,25,01
3496,I28_25_02.png,I28.png,4.13,0.618,25,02
3497,I28_25_03.png,I28.png,4.43,0.716,25,03
3498,I28_25_04.png,I28.png,4.4,0.663,25,04
3499,I28_25_05.png,I28.png,3.73,0.929,25,05
3500,I29_01_01.png,I29.png,4.73,0.442,01,01
3501,I29_01_02.png,I29.png,4.4,0.554,01,02
3502,I29_01_03.png,I29.png,3.47,0.763,01,03
3503,I29_01_04.png,I29.png,1.87,0.67,01,04
3504,I29_01_05.png,I29.png,1.23,0.423,01,05
3505,I29_02_01.png,I29.png,4.2,0.702,02,01
3506,I29_02_02.png,I29.png,3.13,0.884,02,02
3507,I29_02_03.png,I29.png,1.73,0.727,02,03
3508,I29_02_04.png,I29.png,1.33,0.471,02,04
3509,I29_02_05.png,I29.png,1.17,0.373,02,05
3510,I29_03_01.png,I29.png,4.77,0.423,03,01
3511,I29_03_02.png,I29.png,4.4,0.611,03,02
3512,I29_03_03.png,I29.png,3.5,0.992,03,03
3513,I29_03_04.png,I29.png,2.33,0.471,03,04
3514,I29_03_05.png,I29.png,2.03,0.657,03,05
3515,I29_04_01.png,I29.png,4.5,0.563,04,01
3516,I29_04_02.png,I29.png,1.97,0.836,04,02
3517,I29_04_03.png,I29.png,1.27,0.442,04,03
3518,I29_04_04.png,I29.png,1.17,0.373,04,04
3519,I29_04_05.png,I29.png,1.03,0.18,04,05
3520,I29_05_01.png,I29.png,4.13,0.763,05,01
3521,I29_05_02.png,I29.png,2.87,0.763,05,02
3522,I29_05_03.png,I29.png,1.73,0.68,05,03
3523,I29_05_04.png,I29.png,1.57,0.616,05,04
3524,I29_05_05.png,I29.png,1.63,0.657,05,05
3525,I29_06_01.png,I29.png,3.83,0.934,06,01
3526,I29_06_02.png,I29.png,3.47,0.806,06,02
3527,I29_06_03.png,I29.png,3.47,0.957,06,03
3528,I29_06_04.png,I29.png,3.1,0.907,06,04
3529,I29_06_05.png,I29.png,2.87,0.806,06,05
3530,I29_07_01.png,I29.png,2.6,1.114,07,01
3531,I29_07_02.png,I29.png,2.2,1.046,07,02
3532,I29_07_03.png,I29.png,2.37,0.983,07,03
3533,I29_07_04.png,I29.png,2.43,1.146,07,04
3534,I29_07_05.png,I29.png,1.93,0.772,07,05
3535,I29_08_01.png,I29.png,4.57,0.559,08,01
3536,I29_08_02.png,I29.png,2.77,1.023,08,02
3537,I29_08_03.png,I29.png,1.93,0.892,08,03
3538,I29_08_04.png,I29.png,1.3,0.458,08,04
3539,I29_08_05.png,I29.png,1.13,0.34,08,05
3540,I29_09_01.png,I29.png,4.67,0.471,09,01
3541,I29_09_02.png,I29.png,4.77,0.423,09,02
3542,I29_09_03.png,I29.png,4.57,0.496,09,03
3543,I29_09_04.png,I29.png,4.23,0.869,09,04
3544,I29_09_05.png,I29.png,2.73,0.964,09,05
3545,I29_10_01.png,I29.png,4.53,0.618,10,01
3546,I29_10_02.png,I29.png,4.33,0.699,10,02
3547,I29_10_03.png,I29.png,3.63,0.795,10,03
3548,I29_10_04.png,I29.png,2.0,0.775,10,04
3549,I29_10_05.png,I29.png,1.3,0.526,10,05
3550,I29_11_01.png,I29.png,3.8,0.748,11,01
3551,I29_11_02.png,I29.png,3.37,1.016,11,02
3552,I29_11_03.png,I29.png,3.2,0.945,11,03
3553,I29_11_04.png,I29.png,2.9,0.943,11,04
3554,I29_11_05.png,I29.png,2.37,0.706,11,05
3555,I29_12_01.png,I29.png,4.57,0.496,12,01
3556,I29_12_02.png,I29.png,3.87,0.884,12,02
3557,I29_12_03.png,I29.png,3.33,0.789,12,03
3558,I29_12_04.png,I29.png,2.67,0.699,12,04
3559,I29_12_05.png,I29.png,2.23,0.716,12,05
3560,I29_13_01.png,I29.png,3.23,0.761,13,01
3561,I29_13_02.png,I29.png,2.83,0.82,13,02
3562,I29_13_03.png,I29.png,2.63,0.795,13,03
3563,I29_13_04.png,I29.png,2.27,0.772,13,04
3564,I29_13_05.png,I29.png,2.07,0.629,13,05
3565,I29_14_01.png,I29.png,4.63,0.657,14,01
3566,I29_14_02.png,I29.png,4.43,0.716,14,02
3567,I29_14_03.png,I29.png,3.7,0.69,14,03
3568,I29_14_04.png,I29.png,3.07,0.929,14,04
3569,I29_14_05.png,I29.png,2.17,0.687,14,05
3570,I29_15_01.png,I29.png,3.87,0.763,15,01
3571,I29_15_02.png,I29.png,2.73,0.854,15,02
3572,I29_15_03.png,I29.png,2.3,0.737,15,03
3573,I29_15_04.png,I29.png,1.67,0.537,15,04
3574,I29_15_05.png,I29.png,1.58,0.61,15,05
3575,I29_16_01.png,I29.png,4.6,0.49,16,01
3576,I29_16_02.png,I29.png,4.4,0.611,16,02
3577,I29_16_03.png,I29.png,3.57,0.716,16,03
3578,I29_16_04.png,I29.png,2.97,0.875,16,04
3579,I29_16_05.png,I29.png,1.87,0.806,16,05
3580,I29_17_01.png,I29.png,4.77,0.423,17,01
3581,I29_17_02.png,I29.png,4.57,0.496,17,02
3582,I29_17_03.png,I29.png,4.3,0.458,17,03
3583,I29_17_04.png,I29.png,3.57,0.844,17,04
3584,I29_17_05.png,I29.png,2.17,0.86,17,05
3585,I29_18_01.png,I29.png,4.13,0.67,18,01
3586,I29_18_02.png,I29.png,4.53,0.562,18,02
3587,I29_18_03.png,I29.png,4.83,0.373,18,03
3588,I29_18_04.png,I29.png,4.37,0.605,18,04
3589,I29_18_05.png,I29.png,3.83,0.582,18,05
3590,I29_19_01.png,I29.png,4.71,0.454,19,01
3591,I29_19_02.png,I29.png,4.23,0.423,19,02
3592,I29_19_03.png,I29.png,4.0,0.577,19,03
3593,I29_19_04.png,I29.png,2.1,0.7,19,04
3594,I29_19_05.png,I29.png,1.27,0.442,19,05
3595,I29_20_01.png,I29.png,4.53,0.763,20,01
3596,I29_20_02.png,I29.png,2.37,0.948,20,02
3597,I29_20_03.png,I29.png,3.03,1.169,20,03
3598,I29_20_04.png,I29.png,2.3,1.295,20,04
3599,I29_20_05.png,I29.png,4.03,1.11,20,05
3600,I29_21_01.png,I29.png,3.9,0.907,21,01
3601,I29_21_02.png,I29.png,3.4,1.02,21,02
3602,I29_21_03.png,I29.png,3.0,0.894,21,03
3603,I29_21_04.png,I29.png,3.4,0.952,21,04
3604,I29_21_05.png,I29.png,1.8,0.702,21,05
3605,I29_22_01.png,I29.png,3.5,0.885,22,01
3606,I29_22_02.png,I29.png,2.73,1.062,22,02
3607,I29_22_03.png,I29.png,2.5,0.922,22,03
3608,I29_22_04.png,I29.png,2.47,0.846,22,04
3609,I29_22_05.png,I29.png,1.97,0.657,22,05
3610,I29_23_01.png,I29.png,2.67,0.907,23,01
3611,I29_23_02.png,I29.png,1.8,0.792,23,02
3612,I29_23_03.png,I29.png,2.3,0.9,23,03
3613,I29_23_04.png,I29.png,2.3,0.69,23,04
3614,I29_23_05.png,I29.png,2.33,0.699,23,05
3615,I29_24_01.png,I29.png,4.0,0.73,24,01
3616,I29_24_02.png,I29.png,2.77,0.761,24,02
3617,I29_24_03.png,I29.png,2.1,0.7,24,03
3618,I29_24_04.png,I29.png,1.53,0.67,24,04
3619,I29_24_05.png,I29.png,1.53,0.763,24,05
3620,I29_25_01.png,I29.png,3.2,0.792,25,01
3621,I29_25_02.png,I29.png,3.74,0.566,25,02
3622,I29_25_03.png,I29.png,4.17,0.687,25,03
3623,I29_25_04.png,I29.png,4.07,0.727,25,04
3624,I29_25_05.png,I29.png,2.63,0.912,25,05
3625,I30_01_01.png,I30.png,4.6,0.49,01,01
3626,I30_01_02.png,I30.png,4.6,0.663,01,02
3627,I30_01_03.png,I30.png,3.93,0.814,01,03
3628,I30_01_04.png,I30.png,2.63,0.795,01,04
3629,I30_01_05.png,I30.png,1.26,0.566,01,05
3630,I30_02_01.png,I30.png,4.67,0.537,02,01
3631,I30_02_02.png,I30.png,3.71,0.887,02,02
3632,I30_02_03.png,I30.png,2.2,0.542,02,03
3633,I30_02_04.png,I30.png,1.77,0.559,02,04
3634,I30_02_05.png,I30.png,1.5,0.563,02,05
3635,I30_03_01.png,I30.png,4.67,0.471,03,01
3636,I30_03_02.png,I30.png,4.7,0.458,03,02
3637,I30_03_03.png,I30.png,3.7,1.069,03,03
3638,I30_03_04.png,I30.png,3.0,0.856,03,04
3639,I30_03_05.png,I30.png,2.33,0.745,03,05
3640,I30_04_01.png,I30.png,4.63,0.482,04,01
3641,I30_04_02.png,I30.png,3.3,0.737,04,02
3642,I30_04_03.png,I30.png,1.9,0.7,04,03
3643,I30_04_04.png,I30.png,1.5,0.619,04,04
3644,I30_04_05.png,I30.png,1.07,0.249,04,05
3645,I30_05_01.png,I30.png,4.77,0.423,05,01
3646,I30_05_02.png,I30.png,3.83,1.003,05,02
3647,I30_05_03.png,I30.png,2.9,1.165,05,03
3648,I30_05_04.png,I30.png,2.8,1.046,05,04
3649,I30_05_05.png,I30.png,2.5,0.922,05,05
3650,I30_06_01.png,I30.png,4.4,0.611,06,01
3651,I30_06_02.png,I30.png,4.37,0.795,06,02
3652,I30_06_03.png,I30.png,3.87,0.921,06,03
3653,I30_06_04.png,I30.png,3.83,1.003,06,04
3654,I30_06_05.png,I30.png,3.13,1.147,06,05
3655,I30_07_01.png,I30.png,3.4,0.663,07,01
3656,I30_07_02.png,I30.png,2.07,0.892,07,02
3657,I30_07_03.png,I30.png,2.2,0.98,07,03
3658,I30_07_04.png,I30.png,2.19,1.044,07,04
3659,I30_07_05.png,I30.png,1.93,0.892,07,05
3660,I30_08_01.png,I30.png,4.67,0.471,08,01
3661,I30_08_02.png,I30.png,4.3,0.586,08,02
3662,I30_08_03.png,I30.png,3.33,0.943,08,03
3663,I30_08_04.png,I30.png,2.6,1.052,08,04
3664,I30_08_05.png,I30.png,1.43,0.559,08,05
3665,I30_09_01.png,I30.png,4.68,0.467,09,01
3666,I30_09_02.png,I30.png,4.6,0.49,09,02
3667,I30_09_03.png,I30.png,4.73,0.442,09,03
3668,I30_09_04.png,I30.png,3.7,1.038,09,04
3669,I30_09_05.png,I30.png,1.73,0.772,09,05
3670,I30_10_01.png,I30.png,4.53,0.562,10,01
3671,I30_10_02.png,I30.png,4.47,0.499,10,02
3672,I30_10_03.png,I30.png,4.37,0.605,10,03
3673,I30_10_04.png,I30.png,1.77,0.489,10,04
3674,I30_10_05.png,I30.png,1.23,0.423,10,05
3675,I30_11_01.png,I30.png,3.67,0.907,11,01
3676,I30_11_02.png,I30.png,3.2,0.872,11,02
3677,I30_11_03.png,I30.png,2.97,0.752,11,03
3678,I30_11_04.png,I30.png,2.73,0.629,11,04
3679,I30_11_05.png,I30.png,2.32,0.642,11,05
3680,I30_12_01.png,I30.png,4.43,0.559,12,01
3681,I30_12_02.png,I30.png,3.4,0.663,12,02
3682,I30_12_03.png,I30.png,3.03,0.836,12,03
3683,I30_12_04.png,I30.png,2.77,1.116,12,04
3684,I30_12_05.png,I30.png,2.23,0.616,12,05
3685,I30_13_01.png,I30.png,3.77,0.883,13,01
3686,I30_13_02.png,I30.png,2.97,0.875,13,02
3687,I30_13_03.png,I30.png,2.53,0.846,13,03
3688,I30_13_04.png,I30.png,2.63,0.706,13,04
3689,I30_13_05.png,I30.png,2.26,0.566,13,05
3690,I30_14_01.png,I30.png,4.4,0.841,14,01
3691,I30_14_02.png,I30.png,3.17,0.778,14,02
3692,I30_14_03.png,I30.png,2.83,0.687,14,03
3693,I30_14_04.png,I30.png,2.3,0.69,14,04
3694,I30_14_05.png,I30.png,2.1,0.746,14,05
3695,I30_15_01.png,I30.png,3.87,0.991,15,01
3696,I30_15_02.png,I30.png,2.6,0.757,15,02
3697,I30_15_03.png,I30.png,2.13,0.67,15,03
3698,I30_15_04.png,I30.png,1.33,0.537,15,04
3699,I30_15_05.png,I30.png,1.3,0.458,15,05
3700,I30_16_01.png,I30.png,4.63,0.482,16,01
3701,I30_16_02.png,I30.png,4.2,0.542,16,02
3702,I30_16_03.png,I30.png,3.6,0.917,16,03
3703,I30_16_04.png,I30.png,2.5,0.764,16,04
3704,I30_16_05.png,I30.png,1.48,0.5,16,05
3705,I30_17_01.png,I30.png,4.73,0.629,17,01
3706,I30_17_02.png,I30.png,4.5,0.5,17,02
3707,I30_17_03.png,I30.png,4.4,0.49,17,03
3708,I30_17_04.png,I30.png,3.67,0.789,17,04
3709,I30_17_05.png,I30.png,2.67,0.869,17,05
3710,I30_18_01.png,I30.png,4.0,0.931,18,01
3711,I30_18_02.png,I30.png,4.53,0.67,18,02
3712,I30_18_03.png,I30.png,4.83,0.373,18,03
3713,I30_18_04.png,I30.png,4.61,0.487,18,04
3714,I30_18_05.png,I30.png,4.3,0.823,18,05
3715,I30_19_01.png,I30.png,4.9,0.3,19,01
3716,I30_19_02.png,I30.png,4.6,0.49,19,02
3717,I30_19_03.png,I30.png,4.27,0.727,19,03
3718,I30_19_04.png,I30.png,2.53,1.024,19,04
3719,I30_19_05.png,I30.png,1.83,0.453,19,05
3720,I30_20_01.png,I30.png,4.33,0.869,20,01
3721,I30_20_02.png,I30.png,3.67,1.011,20,02
3722,I30_20_03.png,I30.png,3.8,1.013,20,03
3723,I30_20_04.png,I30.png,3.81,1.044,20,04
3724,I30_20_05.png,I30.png,3.03,1.08,20,05
3725,I30_21_01.png,I30.png,4.27,0.772,21,01
3726,I30_21_02.png,I30.png,3.73,0.964,21,02
3727,I30_21_03.png,I30.png,3.68,1.028,21,03
3728,I30_21_04.png,I30.png,3.73,0.964,21,04
3729,I30_21_05.png,I30.png,2.0,0.816,21,05
3730,I30_22_01.png,I30.png,4.3,0.781,22,01
3731,I30_22_02.png,I30.png,3.67,0.907,22,02
3732,I30_22_03.png,I30.png,3.27,1.062,22,03
3733,I30_22_04.png,I30.png,2.77,0.955,22,04
3734,I30_22_05.png,I30.png,2.57,0.883,22,05
3735,I30_23_01.png,I30.png,2.33,0.83,23,01
3736,I30_23_02.png,I30.png,2.13,0.846,23,02
3737,I30_23_03.png,I30.png,2.27,0.929,23,03
3738,I30_23_04.png,I30.png,2.13,0.806,23,04
3739,I30_23_05.png,I30.png,2.4,0.8,23,05
3740,I30_24_01.png,I30.png,4.33,0.869,24,01
3741,I30_24_02.png,I30.png,3.7,0.781,24,02
3742,I30_24_03.png,I30.png,3.07,0.892,24,03
3743,I30_24_04.png,I30.png,2.2,0.792,24,04
3744,I30_24_05.png,I30.png,1.57,0.559,24,05
3745,I30_25_01.png,I30.png,3.63,0.948,25,01
3746,I30_25_02.png,I30.png,4.4,0.554,25,02
3747,I30_25_03.png,I30.png,4.8,0.4,25,03
3748,I30_25_04.png,I30.png,4.4,0.611,25,04
3749,I30_25_05.png,I30.png,3.73,0.929,25,05
3750,I31_01_01.png,I31.png,4.83,0.373,01,01
3751,I31_01_02.png,I31.png,4.63,0.657,01,02
3752,I31_01_03.png,I31.png,3.03,0.836,01,03
3753,I31_01_04.png,I31.png,1.83,0.522,01,04
3754,I31_01_05.png,I31.png,1.27,0.442,01,05
3755,I31_02_01.png,I31.png,4.2,0.653,02,01
3756,I31_02_02.png,I31.png,3.23,0.844,02,02
3757,I31_02_03.png,I31.png,1.87,0.763,02,03
3758,I31_02_04.png,I31.png,1.5,0.5,02,04
3759,I31_02_05.png,I31.png,1.37,0.482,02,05
3760,I31_03_01.png,I31.png,4.63,0.482,03,01
3761,I31_03_02.png,I31.png,4.23,0.616,03,02
3762,I31_03_03.png,I31.png,3.13,0.921,03,03
3763,I31_03_04.png,I31.png,2.33,0.699,03,04
3764,I31_03_05.png,I31.png,1.57,0.559,03,05
3765,I31_04_01.png,I31.png,4.63,0.547,04,01
3766,I31_04_02.png,I31.png,2.97,1.169,04,02
3767,I31_04_03.png,I31.png,2.53,0.884,04,03
3768,I31_04_04.png,I31.png,1.8,0.748,04,04
3769,I31_04_05.png,I31.png,1.5,0.619,04,05
3770,I31_05_01.png,I31.png,4.67,0.471,05,01
3771,I31_05_02.png,I31.png,2.7,0.69,05,02
3772,I31_05_03.png,I31.png,2.2,0.909,05,03
3773,I31_05_04.png,I31.png,1.9,0.79,05,04
3774,I31_05_05.png,I31.png,1.7,0.862,05,05
3775,I31_06_01.png,I31.png,4.5,0.5,06,01
3776,I31_06_02.png,I31.png,4.1,0.7,06,02
3777,I31_06_03.png,I31.png,3.63,1.08,06,03
3778,I31_06_04.png,I31.png,3.4,0.8,06,04
3779,I31_06_05.png,I31.png,2.4,0.841,06,05
3780,I31_07_01.png,I31.png,2.4,0.917,07,01
3781,I31_07_02.png,I31.png,2.53,1.145,07,02
3782,I31_07_03.png,I31.png,2.4,1.143,07,03
3783,I31_07_04.png,I31.png,2.57,1.023,07,04
3784,I31_07_05.png,I31.png,2.33,1.135,07,05
3785,I31_08_01.png,I31.png,4.61,0.487,08,01
3786,I31_08_02.png,I31.png,3.63,0.875,08,02
3787,I31_08_03.png,I31.png,3.23,0.955,08,03
3788,I31_08_04.png,I31.png,2.03,1.048,08,04
3789,I31_08_05.png,I31.png,1.83,0.734,08,05
3790,I31_09_01.png,I31.png,4.47,0.562,09,01
3791,I31_09_02.png,I31.png,4.23,0.716,09,02
3792,I31_09_03.png,I31.png,3.97,0.795,09,03
3793,I31_09_04.png,I31.png,2.47,0.806,09,04
3794,I31_09_05.png,I31.png,1.5,0.563,09,05
3795,I31_10_01.png,I31.png,4.63,0.482,10,01
3796,I31_10_02.png,I31.png,4.63,0.482,10,02
3797,I31_10_03.png,I31.png,4.27,0.772,10,03
3798,I31_10_04.png,I31.png,2.03,0.795,10,04
3799,I31_10_05.png,I31.png,1.67,0.789,10,05
3800,I31_11_01.png,I31.png,3.87,0.87,11,01
3801,I31_11_02.png,I31.png,3.57,0.92,11,02
3802,I31_11_03.png,I31.png,3.13,0.991,11,03
3803,I31_11_04.png,I31.png,2.87,0.846,11,04
3804,I31_11_05.png,I31.png,2.43,0.716,11,05
3805,I31_12_01.png,I31.png,4.57,0.496,12,01
3806,I31_12_02.png,I31.png,3.9,0.79,12,02
3807,I31_12_03.png,I31.png,3.33,0.745,12,03
3808,I31_12_04.png,I31.png,2.87,0.763,12,04
3809,I31_12_05.png,I31.png,2.57,0.844,12,05
3810,I31_13_01.png,I31.png,3.77,0.883,13,01
3811,I31_13_02.png,I31.png,3.2,0.792,13,02
3812,I31_13_03.png,I31.png,2.77,0.716,13,03
3813,I31_13_04.png,I31.png,2.27,0.814,13,04
3814,I31_13_05.png,I31.png,2.03,0.706,13,05
3815,I31_14_01.png,I31.png,4.6,0.49,14,01
3816,I31_14_02.png,I31.png,3.93,0.929,14,02
3817,I31_14_03.png,I31.png,3.23,0.92,14,03
3818,I31_14_04.png,I31.png,2.77,0.844,14,04
3819,I31_14_05.png,I31.png,2.43,0.716,14,05
3820,I31_15_01.png,I31.png,4.07,0.772,15,01
3821,I31_15_02.png,I31.png,3.27,0.727,15,02
3822,I31_15_03.png,I31.png,3.17,0.86,15,03
3823,I31_15_04.png,I31.png,2.03,0.605,15,04
3824,I31_15_05.png,I31.png,1.87,0.609,15,05
3825,I31_16_01.png,I31.png,4.57,0.496,16,01
3826,I31_16_02.png,I31.png,4.43,0.716,16,02
3827,I31_16_03.png,I31.png,3.8,0.748,16,03
3828,I31_16_04.png,I31.png,3.0,0.775,16,04
3829,I31_16_05.png,I31.png,1.93,0.772,16,05
3830,I31_17_01.png,I31.png,4.67,0.471,17,01
3831,I31_17_02.png,I31.png,4.47,0.499,17,02
3832,I31_17_03.png,I31.png,4.43,0.716,17,03
3833,I31_17_04.png,I31.png,3.73,0.814,17,04
3834,I31_17_05.png,I31.png,2.27,0.772,17,05
3835,I31_18_01.png,I31.png,4.6,0.49,18,01
3836,I31_18_02.png,I31.png,4.73,0.442,18,02
3837,I31_18_03.png,I31.png,4.81,0.395,18,03
3838,I31_18_04.png,I31.png,4.33,0.65,18,04
3839,I31_18_05.png,I31.png,3.87,0.763,18,05
3840,I31_19_01.png,I31.png,4.23,0.667,19,01
3841,I31_19_02.png,I31.png,4.1,0.7,19,02
3842,I31_19_03.png,I31.png,3.48,0.666,19,03
3843,I31_19_04.png,I31.png,2.07,0.772,19,04
3844,I31_19_05.png,I31.png,1.4,0.611,19,05
3845,I31_20_01.png,I31.png,4.7,0.458,20,01
3846,I31_20_02.png,I31.png,3.9,0.831,20,02
3847,I31_20_03.png,I31.png,4.17,1.003,20,03
3848,I31_20_04.png,I31.png,3.67,1.193,20,04
3849,I31_20_05.png,I31.png,4.27,0.772,20,05
3850,I31_21_01.png,I31.png,4.5,0.619,21,01
3851,I31_21_02.png,I31.png,3.43,0.989,21,02
3852,I31_21_03.png,I31.png,3.17,1.067,21,03
3853,I31_21_04.png,I31.png,3.47,0.846,21,04
3854,I31_21_05.png,I31.png,1.6,0.663,21,05
3855,I31_22_01.png,I31.png,4.17,0.637,22,01
3856,I31_22_02.png,I31.png,3.5,0.957,22,02
3857,I31_22_03.png,I31.png,3.3,1.005,22,03
3858,I31_22_04.png,I31.png,3.03,1.251,22,04
3859,I31_22_05.png,I31.png,3.03,1.224,22,05
3860,I31_23_01.png,I31.png,2.5,0.806,23,01
3861,I31_23_02.png,I31.png,2.6,0.987,23,02
3862,I31_23_03.png,I31.png,2.4,0.8,23,03
3863,I31_23_04.png,I31.png,2.23,1.007,23,04
3864,I31_23_05.png,I31.png,1.77,0.667,23,05
3865,I31_24_01.png,I31.png,3.77,0.761,24,01
3866,I31_24_02.png,I31.png,3.07,0.892,24,02
3867,I31_24_03.png,I31.png,2.17,0.734,24,03
3868,I31_24_04.png,I31.png,2.03,0.706,24,04
3869,I31_24_05.png,I31.png,1.48,0.561,24,05
3870,I31_25_01.png,I31.png,3.6,0.987,25,01
3871,I31_25_02.png,I31.png,4.1,0.64,25,02
3872,I31_25_03.png,I31.png,4.4,0.712,25,03
3873,I31_25_04.png,I31.png,4.3,0.781,25,04
3874,I31_25_05.png,I31.png,3.27,0.892,25,05
3875,I32_01_01.png,I32.png,4.5,0.719,01,01
3876,I32_01_02.png,I32.png,4.39,0.704,01,02
3877,I32_01_03.png,I32.png,2.73,0.998,01,03
3878,I32_01_04.png,I32.png,1.6,0.611,01,04
3879,I32_01_05.png,I32.png,1.1,0.3,01,05
3880,I32_02_01.png,I32.png,3.7,0.737,02,01
3881,I32_02_02.png,I32.png,2.37,0.795,02,02
3882,I32_02_03.png,I32.png,1.73,0.629,02,03
3883,I32_02_04.png,I32.png,1.27,0.512,02,04
3884,I32_02_05.png,I32.png,1.27,0.442,02,05
3885,I32_03_01.png,I32.png,4.57,0.716,03,01
3886,I32_03_02.png,I32.png,3.73,0.892,03,02
3887,I32_03_03.png,I32.png,2.77,0.716,03,03
3888,I32_03_04.png,I32.png,1.93,0.727,03,04
3889,I32_03_05.png,I32.png,1.6,0.554,03,05
3890,I32_04_01.png,I32.png,4.53,0.67,04,01
3891,I32_04_02.png,I32.png,1.77,0.616,04,02
3892,I32_04_03.png,I32.png,1.57,0.803,04,03
3893,I32_04_04.png,I32.png,1.5,0.619,04,04
3894,I32_04_05.png,I32.png,1.17,0.373,04,05
3895,I32_05_01.png,I32.png,4.3,0.737,05,01
3896,I32_05_02.png,I32.png,2.6,0.757,05,02
3897,I32_05_03.png,I32.png,1.73,0.68,05,03
3898,I32_05_04.png,I32.png,1.8,0.702,05,04
3899,I32_05_05.png,I32.png,1.6,0.611,05,05
3900,I32_06_01.png,I32.png,4.0,0.632,06,01
3901,I32_06_02.png,I32.png,3.72,0.717,06,02
3902,I32_06_03.png,I32.png,3.43,0.955,06,03
3903,I32_06_04.png,I32.png,3.4,0.841,06,04
3904,I32_06_05.png,I32.png,2.33,0.65,06,05
3905,I32_07_01.png,I32.png,2.2,1.013,07,01
3906,I32_07_02.png,I32.png,2.57,1.116,07,02
3907,I32_07_03.png,I32.png,2.3,1.038,07,03
3908,I32_07_04.png,I32.png,2.23,0.92,07,04
3909,I32_07_05.png,I32.png,1.9,1.012,07,05
3910,I32_08_01.png,I32.png,4.23,0.844,08,01
3911,I32_08_02.png,I32.png,2.3,0.823,08,02
3912,I32_08_03.png,I32.png,2.33,1.075,08,03
3913,I32_08_04.png,I32.png,1.6,0.917,08,04
3914,I32_08_05.png,I32.png,1.5,0.719,08,05
3915,I32_09_01.png,I32.png,4.47,0.67,09,01
3916,I32_09_02.png,I32.png,4.27,0.854,09,02
3917,I32_09_03.png,I32.png,3.87,0.921,09,03
3918,I32_09_04.png,I32.png,2.1,0.746,09,04
3919,I32_09_05.png,I32.png,1.23,0.496,09,05
3920,I32_10_01.png,I32.png,4.03,0.605,10,01
3921,I32_10_02.png,I32.png,3.97,0.752,10,02
3922,I32_10_03.png,I32.png,3.27,0.998,10,03
3923,I32_10_04.png,I32.png,1.7,0.823,10,04
3924,I32_10_05.png,I32.png,1.23,0.423,10,05
3925,I32_11_01.png,I32.png,3.27,0.892,11,01
3926,I32_11_02.png,I32.png,2.73,0.814,11,02
3927,I32_11_03.png,I32.png,2.5,0.885,11,03
3928,I32_11_04.png,I32.png,2.3,0.781,11,04
3929,I32_11_05.png,I32.png,1.9,0.597,11,05
3930,I32_12_01.png,I32.png,3.97,0.752,12,01
3931,I32_12_02.png,I32.png,3.03,0.836,12,02
3932,I32_12_03.png,I32.png,2.47,0.806,12,03
3933,I32_12_04.png,I32.png,2.2,0.6,12,04
3934,I32_12_05.png,I32.png,2.1,0.597,12,05
3935,I32_13_01.png,I32.png,2.9,0.831,13,01
3936,I32_13_02.png,I32.png,2.8,0.833,13,02
3937,I32_13_03.png,I32.png,2.5,0.847,13,03
3938,I32_13_04.png,I32.png,2.33,0.869,13,04
3939,I32_13_05.png,I32.png,2.0,0.632,13,05
3940,I32_14_01.png,I32.png,3.8,0.748,14,01
3941,I32_14_02.png,I32.png,2.43,0.955,14,02
3942,I32_14_03.png,I32.png,2.27,0.854,14,03
3943,I32_14_04.png,I32.png,2.0,0.775,14,04
3944,I32_14_05.png,I32.png,1.5,0.5,14,05
3945,I32_15_01.png,I32.png,2.6,1.02,15,01
3946,I32_15_02.png,I32.png,1.83,0.687,15,02
3947,I32_15_03.png,I32.png,1.39,0.487,15,03
3948,I32_15_04.png,I32.png,1.07,0.249,15,04
3949,I32_15_05.png,I32.png,1.3,0.458,15,05
3950,I32_16_01.png,I32.png,4.2,0.833,16,01
3951,I32_16_02.png,I32.png,3.57,0.667,16,02
3952,I32_16_03.png,I32.png,3.1,0.907,16,03
3953,I32_16_04.png,I32.png,1.8,0.748,16,04
3954,I32_16_05.png,I32.png,1.03,0.177,16,05
3955,I32_17_01.png,I32.png,4.6,0.712,17,01
3956,I32_17_02.png,I32.png,4.33,0.596,17,02
3957,I32_17_03.png,I32.png,4.07,0.772,17,03
3958,I32_17_04.png,I32.png,3.63,0.657,17,04
3959,I32_17_05.png,I32.png,2.57,0.92,17,05
3960,I32_18_01.png,I32.png,3.5,1.057,18,01
3961,I32_18_02.png,I32.png,4.3,0.823,18,02
3962,I32_18_03.png,I32.png,4.73,0.442,18,03
3963,I32_18_04.png,I32.png,4.07,0.727,18,04
3964,I32_18_05.png,I32.png,3.8,0.702,18,05
3965,I32_19_01.png,I32.png,4.57,0.616,19,01
3966,I32_19_02.png,I32.png,4.1,0.79,19,02
3967,I32_19_03.png,I32.png,3.4,0.757,19,03
3968,I32_19_04.png,I32.png,2.0,0.816,19,04
3969,I32_19_05.png,I32.png,1.32,0.532,19,05
3970,I32_20_01.png,I32.png,3.2,1.108,20,01
3971,I32_20_02.png,I32.png,3.87,1.024,20,02
3972,I32_20_03.png,I32.png,4.1,0.79,20,03
3973,I32_20_04.png,I32.png,2.33,0.978,20,04
3974,I32_20_05.png,I32.png,3.63,1.08,20,05
3975,I32_21_01.png,I32.png,3.37,1.11,21,01
3976,I32_21_02.png,I32.png,2.71,1.083,21,02
3977,I32_21_03.png,I32.png,3.03,1.048,21,03
3978,I32_21_04.png,I32.png,2.42,0.872,21,04
3979,I32_21_05.png,I32.png,1.4,0.712,21,05
3980,I32_22_01.png,I32.png,4.3,0.64,22,01
3981,I32_22_02.png,I32.png,4.13,0.763,22,02
3982,I32_22_03.png,I32.png,3.7,0.823,22,03
3983,I32_22_04.png,I32.png,2.97,0.948,22,04
3984,I32_22_05.png,I32.png,1.7,0.586,22,05
3985,I32_23_01.png,I32.png,2.53,0.806,23,01
3986,I32_23_02.png,I32.png,2.17,0.86,23,02
3987,I32_23_03.png,I32.png,1.83,0.734,23,03
3988,I32_23_04.png,I32.png,2.33,0.907,23,04
3989,I32_23_05.png,I32.png,1.7,0.69,23,05
3990,I32_24_01.png,I32.png,3.83,0.82,24,01
3991,I32_24_02.png,I32.png,2.9,1.012,24,02
3992,I32_24_03.png,I32.png,2.6,1.02,24,03
3993,I32_24_04.png,I32.png,1.6,0.554,24,04
3994,I32_24_05.png,I32.png,1.43,0.496,24,05
3995,I32_25_01.png,I32.png,3.23,0.844,25,01
3996,I32_25_02.png,I32.png,3.47,0.884,25,02
3997,I32_25_03.png,I32.png,3.84,0.667,25,03
3998,I32_25_04.png,I32.png,3.2,0.872,25,04
3999,I32_25_05.png,I32.png,2.27,0.854,25,05
4000,I33_01_01.png,I33.png,4.4,0.712,01,01
4001,I33_01_02.png,I33.png,3.9,0.831,01,02
4002,I33_01_03.png,I33.png,2.33,0.745,01,03
4003,I33_01_04.png,I33.png,1.57,0.667,01,04
4004,I33_01_05.png,I33.png,1.3,0.458,01,05
4005,I33_02_01.png,I33.png,3.4,0.757,02,01
4006,I33_02_02.png,I33.png,2.47,1.024,02,02
4007,I33_02_03.png,I33.png,1.47,0.558,02,03
4008,I33_02_04.png,I33.png,1.33,0.471,02,04
4009,I33_02_05.png,I33.png,1.17,0.373,02,05
4010,I33_03_01.png,I33.png,4.57,0.616,03,01
4011,I33_03_02.png,I33.png,3.7,0.862,03,02
4012,I33_03_03.png,I33.png,2.33,0.65,03,03
4013,I33_03_04.png,I33.png,1.97,0.605,03,04
4014,I33_03_05.png,I33.png,1.6,0.49,03,05
4015,I33_04_01.png,I33.png,4.57,0.496,04,01
4016,I33_04_02.png,I33.png,2.7,0.823,04,02
4017,I33_04_03.png,I33.png,1.8,0.748,04,03
4018,I33_04_04.png,I33.png,1.47,0.562,04,04
4019,I33_04_05.png,I33.png,1.4,0.554,04,05
4020,I33_05_01.png,I33.png,4.07,0.727,05,01
4021,I33_05_02.png,I33.png,2.0,0.816,05,02
4022,I33_05_03.png,I33.png,1.73,0.629,05,03
4023,I33_05_04.png,I33.png,1.33,0.471,05,04
4024,I33_05_05.png,I33.png,1.37,0.795,05,05
4025,I33_06_01.png,I33.png,4.1,0.7,06,01
4026,I33_06_02.png,I33.png,4.03,0.752,06,02
4027,I33_06_03.png,I33.png,3.97,0.657,06,03
4028,I33_06_04.png,I33.png,3.1,0.79,06,04
4029,I33_06_05.png,I33.png,2.83,0.898,06,05
4030,I33_07_01.png,I33.png,2.77,0.883,07,01
4031,I33_07_02.png,I33.png,2.4,1.052,07,02
4032,I33_07_03.png,I33.png,2.67,1.043,07,03
4033,I33_07_04.png,I33.png,2.27,1.031,07,04
4034,I33_07_05.png,I33.png,1.9,0.831,07,05
4035,I33_08_01.png,I33.png,4.43,0.803,08,01
4036,I33_08_02.png,I33.png,3.37,0.706,08,02
4037,I33_08_03.png,I33.png,2.23,0.844,08,03
4038,I33_08_04.png,I33.png,2.13,0.921,08,04
4039,I33_08_05.png,I33.png,1.47,0.718,08,05
4040,I33_09_01.png,I33.png,4.5,0.563,09,01
4041,I33_09_02.png,I33.png,3.97,0.836,09,02
4042,I33_09_03.png,I33.png,3.87,0.942,09,03
4043,I33_09_04.png,I33.png,1.83,0.687,09,04
4044,I33_09_05.png,I33.png,1.33,0.471,09,05
4045,I33_10_01.png,I33.png,3.9,0.943,10,01
4046,I33_10_02.png,I33.png,4.1,0.87,10,02
4047,I33_10_03.png,I33.png,3.6,0.757,10,03
4048,I33_10_04.png,I33.png,1.47,0.562,10,04
4049,I33_10_05.png,I33.png,1.3,0.458,10,05
4050,I33_11_01.png,I33.png,3.47,0.806,11,01
4051,I33_11_02.png,I33.png,2.77,0.803,11,02
4052,I33_11_03.png,I33.png,2.87,0.884,11,03
4053,I33_11_04.png,I33.png,2.27,0.772,11,04
4054,I33_11_05.png,I33.png,2.2,0.748,11,05
4055,I33_12_01.png,I33.png,3.83,0.969,12,01
4056,I33_12_02.png,I33.png,3.07,0.892,12,02
4057,I33_12_03.png,I33.png,2.77,0.716,12,03
4058,I33_12_04.png,I33.png,2.63,0.657,12,04
4059,I33_12_05.png,I33.png,1.93,0.573,12,05
4060,I33_13_01.png,I33.png,3.57,0.559,13,01
4061,I33_13_02.png,I33.png,2.87,0.806,13,02
4062,I33_13_03.png,I33.png,2.3,0.823,13,03
4063,I33_13_04.png,I33.png,2.33,0.789,13,04
4064,I33_13_05.png,I33.png,1.93,0.512,13,05
4065,I33_14_01.png,I33.png,3.77,0.92,14,01
4066,I33_14_02.png,I33.png,3.17,0.82,14,02
4067,I33_14_03.png,I33.png,2.07,0.727,14,03
4068,I33_14_04.png,I33.png,2.03,0.836,14,04
4069,I33_14_05.png,I33.png,1.7,0.781,14,05
4070,I33_15_01.png,I33.png,3.5,0.806,15,01
4071,I33_15_02.png,I33.png,2.23,0.803,15,02
4072,I33_15_03.png,I33.png,1.93,0.68,15,03
4073,I33_15_04.png,I33.png,1.3,0.526,15,04
4074,I33_15_05.png,I33.png,1.33,0.471,15,05
4075,I33_16_01.png,I33.png,4.4,0.663,16,01
4076,I33_16_02.png,I33.png,3.83,0.898,16,02
4077,I33_16_03.png,I33.png,3.17,0.898,16,03
4078,I33_16_04.png,I33.png,2.33,1.011,16,04
4079,I33_16_05.png,I33.png,1.4,0.611,16,05
4080,I33_17_01.png,I33.png,4.37,0.482,17,01
4081,I33_17_02.png,I33.png,4.43,0.616,17,02
4082,I33_17_03.png,I33.png,4.23,0.716,17,03
4083,I33_17_04.png,I33.png,3.77,0.667,17,04
4084,I33_17_05.png,I33.png,2.23,0.883,17,05
4085,I33_18_01.png,I33.png,3.7,0.823,18,01
4086,I33_18_02.png,I33.png,4.23,0.803,18,02
4087,I33_18_03.png,I33.png,4.6,0.554,18,03
4088,I33_18_04.png,I33.png,4.23,0.667,18,04
4089,I33_18_05.png,I33.png,4.03,0.657,18,05
4090,I33_19_01.png,I33.png,4.3,0.69,19,01
4091,I33_19_02.png,I33.png,3.9,0.907,19,02
4092,I33_19_03.png,I33.png,3.0,0.73,19,03
4093,I33_19_04.png,I33.png,1.43,0.559,19,04
4094,I33_19_05.png,I33.png,1.13,0.34,19,05
4095,I33_20_01.png,I33.png,4.37,0.547,20,01
4096,I33_20_02.png,I33.png,4.33,0.537,20,02
4097,I33_20_03.png,I33.png,2.6,1.114,20,03
4098,I33_20_04.png,I33.png,3.3,1.187,20,04
4099,I33_20_05.png,I33.png,3.67,1.106,20,05
4100,I33_21_01.png,I33.png,4.27,0.772,21,01
4101,I33_21_02.png,I33.png,3.27,0.998,21,02
4102,I33_21_03.png,I33.png,3.07,1.289,21,03
4103,I33_21_04.png,I33.png,2.6,1.052,21,04
4104,I33_21_05.png,I33.png,1.33,0.699,21,05
4105,I33_22_01.png,I33.png,3.73,1.031,22,01
4106,I33_22_02.png,I33.png,3.17,0.898,22,02
4107,I33_22_03.png,I33.png,2.87,0.991,22,03
4108,I33_22_04.png,I33.png,3.23,0.989,22,04
4109,I33_22_05.png,I33.png,1.9,0.746,22,05
4110,I33_23_01.png,I33.png,2.9,0.831,23,01
4111,I33_23_02.png,I33.png,2.2,0.792,23,02
4112,I33_23_03.png,I33.png,2.53,0.991,23,03
4113,I33_23_04.png,I33.png,1.93,0.892,23,04
4114,I33_23_05.png,I33.png,2.37,0.795,23,05
4115,I33_24_01.png,I33.png,2.6,0.917,24,01
4116,I33_24_02.png,I33.png,2.42,1.009,24,02
4117,I33_24_03.png,I33.png,1.7,0.69,24,03
4118,I33_24_04.png,I33.png,1.47,0.562,24,04
4119,I33_24_05.png,I33.png,1.17,0.373,24,05
4120,I33_25_01.png,I33.png,3.2,1.046,25,01
4121,I33_25_02.png,I33.png,4.0,0.816,25,02
4122,I33_25_03.png,I33.png,4.37,0.482,25,03
4123,I33_25_04.png,I33.png,4.23,0.761,25,04
4124,I33_25_05.png,I33.png,3.3,0.823,25,05
4125,I34_01_01.png,I34.png,4.6,0.554,01,01
4126,I34_01_02.png,I34.png,4.37,0.547,01,02
4127,I34_01_03.png,I34.png,2.97,0.706,01,03
4128,I34_01_04.png,I34.png,1.7,0.69,01,04
4129,I34_01_05.png,I34.png,1.3,0.458,01,05
4130,I34_02_01.png,I34.png,3.83,0.82,02,01
4131,I34_02_02.png,I34.png,2.67,0.789,02,02
4132,I34_02_03.png,I34.png,1.8,0.6,02,03
4133,I34_02_04.png,I34.png,1.37,0.482,02,04
4134,I34_02_05.png,I34.png,1.33,0.537,02,05
4135,I34_03_01.png,I34.png,4.43,0.496,03,01
4136,I34_03_02.png,I34.png,4.03,0.795,03,02
4137,I34_03_03.png,I34.png,2.9,0.87,03,03
4138,I34_03_04.png,I34.png,2.17,0.778,03,04
4139,I34_03_05.png,I34.png,1.7,0.64,03,05
4140,I34_04_01.png,I34.png,4.6,0.554,04,01
4141,I34_04_02.png,I34.png,2.57,0.955,04,02
4142,I34_04_03.png,I34.png,1.83,0.778,04,03
4143,I34_04_04.png,I34.png,2.17,1.098,04,04
4144,I34_04_05.png,I34.png,1.23,0.423,04,05
4145,I34_05_01.png,I34.png,4.1,0.746,05,01
4146,I34_05_02.png,I34.png,2.93,0.892,05,02
4147,I34_05_03.png,I34.png,1.67,0.596,05,03
4148,I34_05_04.png,I34.png,1.63,0.605,05,04
4149,I34_05_05.png,I34.png,1.4,0.49,05,05
4150,I34_06_01.png,I34.png,4.23,0.607,06,01
4151,I34_06_02.png,I34.png,4.0,1.0,06,02
4152,I34_06_03.png,I34.png,3.97,0.875,06,03
4153,I34_06_04.png,I34.png,3.87,0.884,06,04
4154,I34_06_05.png,I34.png,2.4,0.8,06,05
4155,I34_07_01.png,I34.png,2.87,1.204,07,01
4156,I34_07_02.png,I34.png,2.57,1.116,07,02
4157,I34_07_03.png,I34.png,2.23,0.989,07,03
4158,I34_07_04.png,I34.png,2.17,0.969,07,04
4159,I34_07_05.png,I34.png,2.81,1.029,07,05
4160,I34_08_01.png,I34.png,4.67,0.471,08,01
4161,I34_08_02.png,I34.png,3.03,0.983,08,02
4162,I34_08_03.png,I34.png,2.6,1.114,08,03
4163,I34_08_04.png,I34.png,1.8,0.748,08,04
4164,I34_08_05.png,I34.png,1.37,0.605,08,05
4165,I34_09_01.png,I34.png,4.6,0.663,09,01
4166,I34_09_02.png,I34.png,4.23,0.616,09,02
4167,I34_09_03.png,I34.png,3.9,0.907,09,03
4168,I34_09_04.png,I34.png,2.58,0.834,09,04
4169,I34_09_05.png,I34.png,1.2,0.4,09,05
4170,I34_10_01.png,I34.png,4.5,0.806,10,01
4171,I34_10_02.png,I34.png,4.5,0.671,10,02
4172,I34_10_03.png,I34.png,3.8,0.792,10,03
4173,I34_10_04.png,I34.png,1.53,0.763,10,04
4174,I34_10_05.png,I34.png,1.17,0.373,10,05
4175,I34_11_01.png,I34.png,4.07,0.68,11,01
4176,I34_11_02.png,I34.png,3.17,0.778,11,02
4177,I34_11_03.png,I34.png,3.23,0.844,11,03
4178,I34_11_04.png,I34.png,2.53,0.763,11,04
4179,I34_11_05.png,I34.png,2.0,0.577,11,05
4180,I34_12_01.png,I34.png,4.43,0.559,12,01
4181,I34_12_02.png,I34.png,3.83,0.637,12,02
4182,I34_12_03.png,I34.png,2.97,0.752,12,03
4183,I34_12_04.png,I34.png,2.8,0.702,12,04
4184,I34_12_05.png,I34.png,2.33,0.596,12,05
4185,I34_13_01.png,I34.png,3.5,0.847,13,01
4186,I34_13_02.png,I34.png,2.57,0.761,13,02
4187,I34_13_03.png,I34.png,2.63,0.857,13,03
4188,I34_13_04.png,I34.png,2.07,0.68,13,04
4189,I34_13_05.png,I34.png,2.16,0.766,13,05
4190,I34_14_01.png,I34.png,4.2,0.792,14,01
4191,I34_14_02.png,I34.png,3.27,0.68,14,02
4192,I34_14_03.png,I34.png,2.7,0.823,14,03
4193,I34_14_04.png,I34.png,2.63,0.836,14,04
4194,I34_14_05.png,I34.png,2.23,0.761,14,05
4195,I34_15_01.png,I34.png,3.13,0.846,15,01
4196,I34_15_02.png,I34.png,2.47,0.884,15,02
4197,I34_15_03.png,I34.png,1.87,0.618,15,03
4198,I34_15_04.png,I34.png,1.6,0.663,15,04
4199,I34_15_05.png,I34.png,1.4,0.49,15,05
4200,I34_16_01.png,I34.png,4.47,0.499,16,01
4201,I34_16_02.png,I34.png,4.2,0.476,16,02
4202,I34_16_03.png,I34.png,3.1,0.79,16,03
4203,I34_16_04.png,I34.png,2.13,0.846,16,04
4204,I34_16_05.png,I34.png,1.57,0.716,16,05
4205,I34_17_01.png,I34.png,4.63,0.482,17,01
4206,I34_17_02.png,I34.png,4.6,0.49,17,02
4207,I34_17_03.png,I34.png,3.8,0.909,17,03
4208,I34_17_04.png,I34.png,3.43,0.803,17,04
4209,I34_17_05.png,I34.png,2.0,0.931,17,05
4210,I34_18_01.png,I34.png,3.83,0.86,18,01
4211,I34_18_02.png,I34.png,4.63,0.482,18,02
4212,I34_18_03.png,I34.png,4.66,0.475,18,03
4213,I34_18_04.png,I34.png,4.33,0.789,18,04
4214,I34_18_05.png,I34.png,3.67,0.83,18,05
4215,I34_19_01.png,I34.png,4.4,0.554,19,01
4216,I34_19_02.png,I34.png,4.2,0.542,19,02
4217,I34_19_03.png,I34.png,3.65,0.698,19,03
4218,I34_19_04.png,I34.png,1.77,0.559,19,04
4219,I34_19_05.png,I34.png,1.37,0.482,19,05
4220,I34_20_01.png,I34.png,4.5,0.619,20,01
4221,I34_20_02.png,I34.png,3.93,1.209,20,02
4222,I34_20_03.png,I34.png,4.07,0.814,20,03
4223,I34_20_04.png,I34.png,3.4,1.143,20,04
4224,I34_20_05.png,I34.png,3.4,1.227,20,05
4225,I34_21_01.png,I34.png,4.17,0.86,21,01
4226,I34_21_02.png,I34.png,3.4,0.952,21,02
4227,I34_21_03.png,I34.png,2.83,0.86,21,03
4228,I34_21_04.png,I34.png,2.67,0.83,21,04
4229,I34_21_05.png,I34.png,1.5,0.563,21,05
4230,I34_22_01.png,I34.png,4.37,0.657,22,01
4231,I34_22_02.png,I34.png,4.47,0.67,22,02
4232,I34_22_03.png,I34.png,3.87,1.056,22,03
4233,I34_22_04.png,I34.png,3.43,1.023,22,04
4234,I34_22_05.png,I34.png,2.23,0.844,22,05
4235,I34_23_01.png,I34.png,2.3,0.823,23,01
4236,I34_23_02.png,I34.png,2.33,0.596,23,02
4237,I34_23_03.png,I34.png,2.37,0.875,23,03
4238,I34_23_04.png,I34.png,2.07,0.814,23,04
4239,I34_23_05.png,I34.png,1.63,0.657,23,05
4240,I34_24_01.png,I34.png,3.7,0.69,24,01
4241,I34_24_02.png,I34.png,2.83,0.778,24,02
4242,I34_24_03.png,I34.png,2.43,0.92,24,03
4243,I34_24_04.png,I34.png,1.6,0.611,24,04
4244,I34_24_05.png,I34.png,1.27,0.629,24,05
4245,I34_25_01.png,I34.png,3.03,0.912,25,01
4246,I34_25_02.png,I34.png,3.43,0.883,25,02
4247,I34_25_03.png,I34.png,4.27,0.512,25,03
4248,I34_25_04.png,I34.png,4.0,0.816,25,04
4249,I34_25_05.png,I34.png,2.63,0.706,25,05
4250,I35_01_01.png,I35.png,4.53,0.499,01,01
4251,I35_01_02.png,I35.png,4.5,0.671,01,02
4252,I35_01_03.png,I35.png,3.2,0.98,01,03
4253,I35_01_04.png,I35.png,1.97,0.657,01,04
4254,I35_01_05.png,I35.png,1.33,0.471,01,05
4255,I35_02_01.png,I35.png,4.33,0.65,02,01
4256,I35_02_02.png,I35.png,3.03,0.836,02,02
4257,I35_02_03.png,I35.png,1.9,0.7,02,03
4258,I35_02_04.png,I35.png,1.37,0.605,02,04
4259,I35_02_05.png,I35.png,1.5,0.5,02,05
4260,I35_03_01.png,I35.png,4.7,0.458,03,01
4261,I35_03_02.png,I35.png,4.53,0.499,03,02
4262,I35_03_03.png,I35.png,2.97,0.912,03,03
4263,I35_03_04.png,I35.png,2.47,0.618,03,04
4264,I35_03_05.png,I35.png,1.9,0.539,03,05
4265,I35_04_01.png,I35.png,4.63,0.547,04,01
4266,I35_04_02.png,I35.png,2.43,0.92,04,02
4267,I35_04_03.png,I35.png,1.8,0.702,04,03
4268,I35_04_04.png,I35.png,1.97,0.836,04,04
4269,I35_04_05.png,I35.png,1.77,0.803,04,05
4270,I35_05_01.png,I35.png,4.23,0.761,05,01
4271,I35_05_02.png,I35.png,3.4,0.952,05,02
4272,I35_05_03.png,I35.png,2.3,0.823,05,03
4273,I35_05_04.png,I35.png,2.63,1.11,05,04
4274,I35_05_05.png,I35.png,2.8,1.222,05,05
4275,I35_06_01.png,I35.png,4.17,0.898,06,01
4276,I35_06_02.png,I35.png,3.93,0.892,06,02
4277,I35_06_03.png,I35.png,3.47,0.846,06,03
4278,I35_06_04.png,I35.png,2.97,0.912,06,04
4279,I35_06_05.png,I35.png,2.7,0.936,06,05
4280,I35_07_01.png,I35.png,2.93,0.892,07,01
4281,I35_07_02.png,I35.png,2.27,0.929,07,02
4282,I35_07_03.png,I35.png,2.07,0.814,07,03
4283,I35_07_04.png,I35.png,2.43,1.202,07,04
4284,I35_07_05.png,I35.png,2.47,0.957,07,05
4285,I35_08_01.png,I35.png,4.5,0.563,08,01
4286,I35_08_02.png,I35.png,3.83,0.82,08,02
4287,I35_08_03.png,I35.png,2.87,0.884,08,03
4288,I35_08_04.png,I35.png,2.43,1.174,08,04
4289,I35_08_05.png,I35.png,1.47,0.618,08,05
4290,I35_09_01.png,I35.png,4.77,0.496,09,01
4291,I35_09_02.png,I35.png,4.73,0.442,09,02
4292,I35_09_03.png,I35.png,4.0,0.816,09,03
4293,I35_09_04.png,I35.png,2.53,1.024,09,04
4294,I35_09_05.png,I35.png,1.3,0.458,09,05
4295,I35_10_01.png,I35.png,4.53,0.618,10,01
4296,I35_10_02.png,I35.png,4.43,0.496,10,02
4297,I35_10_03.png,I35.png,4.07,0.727,10,03
4298,I35_10_04.png,I35.png,1.8,0.792,10,04
4299,I35_10_05.png,I35.png,1.47,0.562,10,05
4300,I35_11_01.png,I35.png,3.8,0.833,11,01
4301,I35_11_02.png,I35.png,3.23,0.844,11,02
4302,I35_11_03.png,I35.png,3.2,1.046,11,03
4303,I35_11_04.png,I35.png,2.47,0.763,11,04
4304,I35_11_05.png,I35.png,2.4,0.917,11,05
4305,I35_12_01.png,I35.png,4.47,0.618,12,01
4306,I35_12_02.png,I35.png,3.63,0.706,12,02
4307,I35_12_03.png,I35.png,2.7,0.862,12,03
4308,I35_12_04.png,I35.png,2.6,0.712,12,04
4309,I35_12_05.png,I35.png,2.17,0.637,12,05
4310,I35_13_01.png,I35.png,3.53,0.991,13,01
4311,I35_13_02.png,I35.png,3.03,1.016,13,02
4312,I35_13_03.png,I35.png,2.73,0.772,13,03
4313,I35_13_04.png,I35.png,2.2,0.653,13,04
4314,I35_13_05.png,I35.png,2.3,0.69,13,05
4315,I35_14_01.png,I35.png,4.27,0.727,14,01
4316,I35_14_02.png,I35.png,3.23,1.023,14,02
4317,I35_14_03.png,I35.png,2.77,0.955,14,03
4318,I35_14_04.png,I35.png,2.6,0.712,14,04
4319,I35_14_05.png,I35.png,2.0,0.577,14,05
4320,I35_15_01.png,I35.png,4.27,0.512,15,01
4321,I35_15_02.png,I35.png,3.13,0.846,15,02
4322,I35_15_03.png,I35.png,2.53,0.884,15,03
4323,I35_15_04.png,I35.png,2.1,0.746,15,04
4324,I35_15_05.png,I35.png,1.63,0.605,15,05
4325,I35_16_01.png,I35.png,4.73,0.442,16,01
4326,I35_16_02.png,I35.png,4.7,0.458,16,02
4327,I35_16_03.png,I35.png,3.8,0.945,16,03
4328,I35_16_04.png,I35.png,2.57,0.844,16,04
4329,I35_16_05.png,I35.png,1.73,0.772,16,05
4330,I35_17_01.png,I35.png,4.8,0.4,17,01
4331,I35_17_02.png,I35.png,4.77,0.423,17,02
4332,I35_17_03.png,I35.png,4.63,0.547,17,03
4333,I35_17_04.png,I35.png,4.13,0.67,17,04
4334,I35_17_05.png,I35.png,2.57,0.955,17,05
4335,I35_18_01.png,I35.png,4.23,0.844,18,01
4336,I35_18_02.png,I35.png,4.7,0.526,18,02
4337,I35_18_03.png,I35.png,4.73,0.442,18,03
4338,I35_18_04.png,I35.png,4.6,0.554,18,04
4339,I35_18_05.png,I35.png,4.4,0.554,18,05
4340,I35_19_01.png,I35.png,4.67,0.471,19,01
4341,I35_19_02.png,I35.png,4.43,0.616,19,02
4342,I35_19_03.png,I35.png,3.47,0.957,19,03
4343,I35_19_04.png,I35.png,2.17,0.82,19,04
4344,I35_19_05.png,I35.png,1.53,0.499,19,05
4345,I35_20_01.png,I35.png,4.67,0.471,20,01
4346,I35_20_02.png,I35.png,3.87,0.975,20,02
4347,I35_20_03.png,I35.png,3.81,1.029,20,03
4348,I35_20_04.png,I35.png,3.67,1.043,20,04
4349,I35_20_05.png,I35.png,3.13,1.056,20,05
4350,I35_21_01.png,I35.png,4.37,0.983,21,01
4351,I35_21_02.png,I35.png,3.37,0.875,21,02
4352,I35_21_03.png,I35.png,3.43,0.955,21,03
4353,I35_21_04.png,I35.png,2.93,0.892,21,04
4354,I35_21_05.png,I35.png,1.55,0.755,21,05
4355,I35_22_01.png,I35.png,3.83,0.898,22,01
4356,I35_22_02.png,I35.png,3.93,0.929,22,02
4357,I35_22_03.png,I35.png,3.13,0.884,22,03
4358,I35_22_04.png,I35.png,3.0,1.125,22,04
4359,I35_22_05.png,I35.png,2.37,1.016,22,05
4360,I35_23_01.png,I35.png,2.6,1.02,23,01
4361,I35_23_02.png,I35.png,3.17,1.293,23,02
4362,I35_23_03.png,I35.png,2.63,0.912,23,03
4363,I35_23_04.png,I35.png,2.57,1.055,23,04
4364,I35_23_05.png,I35.png,2.3,0.781,23,05
4365,I35_24_01.png,I35.png,3.63,1.016,24,01
4366,I35_24_02.png,I35.png,3.03,0.836,24,02
4367,I35_24_03.png,I35.png,2.17,0.687,24,03
4368,I35_24_04.png,I35.png,1.67,0.699,24,04
4369,I35_24_05.png,I35.png,1.4,0.663,24,05
4370,I35_25_01.png,I35.png,3.53,1.024,25,01
4371,I35_25_02.png,I35.png,4.37,0.752,25,02
4372,I35_25_03.png,I35.png,4.6,0.49,25,03
4373,I35_25_04.png,I35.png,4.47,0.562,25,04
4374,I35_25_05.png,I35.png,3.8,0.872,25,05
4375,I36_01_01.png,I36.png,4.63,0.605,01,01
4376,I36_01_02.png,I36.png,4.53,0.499,01,02
4377,I36_01_03.png,I36.png,3.5,0.885,01,03
4378,I36_01_04.png,I36.png,2.1,0.597,01,04
4379,I36_01_05.png,I36.png,1.27,0.442,01,05
4380,I36_02_01.png,I36.png,4.23,0.559,02,01
4381,I36_02_02.png,I36.png,3.07,1.093,02,02
4382,I36_02_03.png,I36.png,2.07,0.573,02,03
4383,I36_02_04.png,I36.png,1.57,0.616,02,04
4384,I36_02_05.png,I36.png,1.26,0.438,02,05
4385,I36_03_01.png,I36.png,4.7,0.458,03,01
4386,I36_03_02.png,I36.png,4.5,0.5,03,02
4387,I36_03_03.png,I36.png,3.13,0.763,03,03
4388,I36_03_04.png,I36.png,2.07,0.727,03,04
4389,I36_03_05.png,I36.png,2.03,0.875,03,05
4390,I36_04_01.png,I36.png,4.53,0.67,04,01
4391,I36_04_02.png,I36.png,1.9,0.746,04,02
4392,I36_04_03.png,I36.png,1.29,0.454,04,03
4393,I36_04_04.png,I36.png,1.13,0.34,04,04
4394,I36_04_05.png,I36.png,1.2,0.4,04,05
4395,I36_05_01.png,I36.png,4.7,0.458,05,01
4396,I36_05_02.png,I36.png,3.87,0.957,05,02
4397,I36_05_03.png,I36.png,2.7,0.64,05,03
4398,I36_05_04.png,I36.png,2.87,1.07,05,04
4399,I36_05_05.png,I36.png,2.8,1.108,05,05
4400,I36_06_01.png,I36.png,4.2,0.653,06,01
4401,I36_06_02.png,I36.png,4.23,0.844,06,02
4402,I36_06_03.png,I36.png,4.03,0.875,06,03
4403,I36_06_04.png,I36.png,3.23,0.989,06,04
4404,I36_06_05.png,I36.png,2.87,0.991,06,05
4405,I36_07_01.png,I36.png,2.47,1.087,07,01
4406,I36_07_02.png,I36.png,1.93,1.031,07,02
4407,I36_07_03.png,I36.png,2.03,1.08,07,03
4408,I36_07_04.png,I36.png,2.4,0.987,07,04
4409,I36_07_05.png,I36.png,2.1,1.136,07,05
4410,I36_08_01.png,I36.png,4.73,0.573,08,01
4411,I36_08_02.png,I36.png,3.23,0.955,08,02
4412,I36_08_03.png,I36.png,2.3,0.862,08,03
4413,I36_08_04.png,I36.png,1.8,0.653,08,04
4414,I36_08_05.png,I36.png,1.73,0.727,08,05
4415,I36_09_01.png,I36.png,4.8,0.4,09,01
4416,I36_09_02.png,I36.png,4.27,0.814,09,02
4417,I36_09_03.png,I36.png,3.67,1.075,09,03
4418,I36_09_04.png,I36.png,1.97,0.836,09,04
4419,I36_09_05.png,I36.png,1.43,0.559,09,05
4420,I36_10_01.png,I36.png,4.33,0.699,10,01
4421,I36_10_02.png,I36.png,4.43,0.716,10,02
4422,I36_10_03.png,I36.png,4.17,0.898,10,03
4423,I36_10_04.png,I36.png,2.07,1.093,10,04
4424,I36_10_05.png,I36.png,1.43,0.559,10,05
4425,I36_11_01.png,I36.png,4.5,0.5,11,01
4426,I36_11_02.png,I36.png,3.43,0.989,11,02
4427,I36_11_03.png,I36.png,2.97,0.948,11,03
4428,I36_11_04.png,I36.png,3.1,0.978,11,04
4429,I36_11_05.png,I36.png,2.27,0.629,11,05
4430,I36_12_01.png,I36.png,4.73,0.512,12,01
4431,I36_12_02.png,I36.png,4.03,0.657,12,02
4432,I36_12_03.png,I36.png,3.4,0.841,12,03
4433,I36_12_04.png,I36.png,2.57,0.803,12,04
4434,I36_12_05.png,I36.png,2.53,1.056,12,05
4435,I36_13_01.png,I36.png,3.5,1.057,13,01
4436,I36_13_02.png,I36.png,2.67,0.943,13,02
4437,I36_13_03.png,I36.png,2.47,0.884,13,03
4438,I36_13_04.png,I36.png,2.23,0.667,13,04
4439,I36_13_05.png,I36.png,1.94,0.669,13,05
4440,I36_14_01.png,I36.png,4.73,0.442,14,01
4441,I36_14_02.png,I36.png,3.93,0.854,14,02
4442,I36_14_03.png,I36.png,3.33,0.978,14,03
4443,I36_14_04.png,I36.png,3.17,1.128,14,04
4444,I36_14_05.png,I36.png,2.2,0.702,14,05
4445,I36_15_01.png,I36.png,4.23,0.803,15,01
4446,I36_15_02.png,I36.png,3.23,1.086,15,02
4447,I36_15_03.png,I36.png,2.43,0.92,15,03
4448,I36_15_04.png,I36.png,1.43,0.496,15,04
4449,I36_15_05.png,I36.png,1.42,0.493,15,05
4450,I36_16_01.png,I36.png,4.77,0.423,16,01
4451,I36_16_02.png,I36.png,4.67,0.471,16,02
4452,I36_16_03.png,I36.png,4.17,0.453,16,03
4453,I36_16_04.png,I36.png,3.53,1.087,16,04
4454,I36_16_05.png,I36.png,2.5,0.922,16,05
4455,I36_17_01.png,I36.png,4.77,0.423,17,01
4456,I36_17_02.png,I36.png,4.63,0.482,17,02
4457,I36_17_03.png,I36.png,4.5,0.619,17,03
4458,I36_17_04.png,I36.png,3.5,0.885,17,04
4459,I36_17_05.png,I36.png,1.93,0.772,17,05
4460,I36_18_01.png,I36.png,4.57,0.803,18,01
4461,I36_18_02.png,I36.png,4.77,0.423,18,02
4462,I36_18_03.png,I36.png,4.67,0.596,18,03
4463,I36_18_04.png,I36.png,4.3,0.737,18,04
4464,I36_18_05.png,I36.png,4.27,0.629,18,05
4465,I36_19_01.png,I36.png,4.77,0.423,19,01
4466,I36_19_02.png,I36.png,3.8,0.833,19,02
4467,I36_19_03.png,I36.png,3.07,0.892,19,03
4468,I36_19_04.png,I36.png,1.7,0.737,19,04
4469,I36_19_05.png,I36.png,1.37,0.482,19,05
4470,I36_20_01.png,I36.png,4.67,0.65,20,01
4471,I36_20_02.png,I36.png,4.2,0.872,20,02
4472,I36_20_03.png,I36.png,4.6,0.712,20,03
4473,I36_20_04.png,I36.png,3.63,1.378,20,04
4474,I36_20_05.png,I36.png,3.63,1.224,20,05
4475,I36_21_01.png,I36.png,4.27,0.727,21,01
4476,I36_21_02.png,I36.png,3.67,1.106,21,02
4477,I36_21_03.png,I36.png,3.1,1.044,21,03
4478,I36_21_04.png,I36.png,3.07,0.998,21,04
4479,I36_21_05.png,I36.png,1.5,0.619,21,05
4480,I36_22_01.png,I36.png,4.6,0.554,22,01
4481,I36_22_02.png,I36.png,4.6,0.712,22,02
4482,I36_22_03.png,I36.png,4.67,0.537,22,03
4483,I36_22_04.png,I36.png,4.37,0.875,22,04
4484,I36_22_05.png,I36.png,3.5,0.922,22,05
4485,I36_23_01.png,I36.png,2.7,1.1,23,01
4486,I36_23_02.png,I36.png,2.37,0.948,23,02
4487,I36_23_03.png,I36.png,2.83,0.969,23,03
4488,I36_23_04.png,I36.png,1.83,0.86,23,04
4489,I36_23_05.png,I36.png,2.13,0.751,23,05
4490,I36_24_01.png,I36.png,3.9,0.943,24,01
4491,I36_24_02.png,I36.png,2.9,0.978,24,02
4492,I36_24_03.png,I36.png,2.47,0.846,24,03
4493,I36_24_04.png,I36.png,1.4,0.611,24,04
4494,I36_24_05.png,I36.png,1.33,0.471,24,05
4495,I36_25_01.png,I36.png,3.87,0.921,25,01
4496,I36_25_02.png,I36.png,4.2,0.748,25,02
4497,I36_25_03.png,I36.png,4.6,0.554,25,03
4498,I36_25_04.png,I36.png,4.4,0.712,25,04
4499,I36_25_05.png,I36.png,4.1,0.588,25,05
4500,I37_01_01.png,I37.png,4.77,0.423,01,01
4501,I37_01_02.png,I37.png,4.1,0.746,01,02
4502,I37_01_03.png,I37.png,2.87,0.763,01,03
4503,I37_01_04.png,I37.png,1.53,0.67,01,04
4504,I37_01_05.png,I37.png,1.33,0.471,01,05
4505,I37_02_01.png,I37.png,3.77,0.803,02,01
4506,I37_02_02.png,I37.png,2.03,0.752,02,02
4507,I37_02_03.png,I37.png,1.4,0.554,02,03
4508,I37_02_04.png,I37.png,1.23,0.423,02,04
4509,I37_02_05.png,I37.png,1.37,0.482,02,05
4510,I37_03_01.png,I37.png,4.57,0.667,03,01
4511,I37_03_02.png,I37.png,4.23,0.616,03,02
4512,I37_03_03.png,I37.png,2.9,0.746,03,03
4513,I37_03_04.png,I37.png,2.13,0.562,03,04
4514,I37_03_05.png,I37.png,1.6,0.554,03,05
4515,I37_04_01.png,I37.png,4.43,0.716,04,01
4516,I37_04_02.png,I37.png,2.87,0.846,04,02
4517,I37_04_03.png,I37.png,1.93,0.814,04,03
4518,I37_04_04.png,I37.png,1.83,0.82,04,04
4519,I37_04_05.png,I37.png,1.4,0.611,04,05
4520,I37_05_01.png,I37.png,4.3,0.823,05,01
4521,I37_05_02.png,I37.png,2.37,0.795,05,02
4522,I37_05_03.png,I37.png,1.63,0.605,05,03
4523,I37_05_04.png,I37.png,1.8,0.542,05,04
4524,I37_05_05.png,I37.png,1.83,0.734,05,05
4525,I37_06_01.png,I37.png,4.03,0.836,06,01
4526,I37_06_02.png,I37.png,3.97,0.657,06,02
4527,I37_06_03.png,I37.png,4.27,0.772,06,03
4528,I37_06_04.png,I37.png,3.23,0.883,06,04
4529,I37_06_05.png,I37.png,2.97,0.967,06,05
4530,I37_07_01.png,I37.png,3.07,0.892,07,01
4531,I37_07_02.png,I37.png,2.47,1.024,07,02
4532,I37_07_03.png,I37.png,2.13,0.806,07,03
4533,I37_07_04.png,I37.png,2.17,1.035,07,04
4534,I37_07_05.png,I37.png,1.83,0.82,07,05
4535,I37_08_01.png,I37.png,4.67,0.65,08,01
4536,I37_08_02.png,I37.png,3.58,0.943,08,02
4537,I37_08_03.png,I37.png,2.93,0.892,08,03
4538,I37_08_04.png,I37.png,1.93,0.772,08,04
4539,I37_08_05.png,I37.png,1.83,0.637,08,05
4540,I37_09_01.png,I37.png,4.47,0.618,09,01
4541,I37_09_02.png,I37.png,3.93,0.854,09,02
4542,I37_09_03.png,I37.png,3.3,1.1,09,03
4543,I37_09_04.png,I37.png,2.23,0.761,09,04
4544,I37_09_05.png,I37.png,1.17,0.373,09,05
4545,I37_10_01.png,I37.png,4.03,0.795,10,01
4546,I37_10_02.png,I37.png,3.9,0.651,10,02
4547,I37_10_03.png,I37.png,3.53,0.921,10,03
4548,I37_10_04.png,I37.png,1.77,0.92,10,04
4549,I37_10_05.png,I37.png,1.13,0.335,10,05
4550,I37_11_01.png,I37.png,3.07,0.892,11,01
4551,I37_11_02.png,I37.png,3.0,0.856,11,02
4552,I37_11_03.png,I37.png,2.83,0.734,11,03
4553,I37_11_04.png,I37.png,2.37,0.706,11,04
4554,I37_11_05.png,I37.png,1.83,0.637,11,05
4555,I37_12_01.png,I37.png,4.25,0.968,12,01
4556,I37_12_02.png,I37.png,3.27,0.573,12,02
4557,I37_12_03.png,I37.png,2.87,0.763,12,03
4558,I37_12_04.png,I37.png,2.3,0.586,12,04
4559,I37_12_05.png,I37.png,2.0,0.683,12,05
4560,I37_13_01.png,I37.png,3.47,0.884,13,01
4561,I37_13_02.png,I37.png,2.97,0.795,13,02
4562,I37_13_03.png,I37.png,2.3,0.862,13,03
4563,I37_13_04.png,I37.png,2.33,0.65,13,04
4564,I37_13_05.png,I37.png,2.1,0.7,13,05
4565,I37_14_01.png,I37.png,3.63,0.983,14,01
4566,I37_14_02.png,I37.png,2.67,0.83,14,02
4567,I37_14_03.png,I37.png,2.67,0.83,14,03
4568,I37_14_04.png,I37.png,2.03,0.836,14,04
4569,I37_14_05.png,I37.png,1.6,0.663,14,05
4570,I37_15_01.png,I37.png,3.9,0.7,15,01
4571,I37_15_02.png,I37.png,2.5,0.563,15,02
4572,I37_15_03.png,I37.png,1.87,0.618,15,03
4573,I37_15_04.png,I37.png,1.37,0.547,15,04
4574,I37_15_05.png,I37.png,1.23,0.423,15,05
4575,I37_16_01.png,I37.png,4.43,0.616,16,01
4576,I37_16_02.png,I37.png,4.27,0.512,16,02
4577,I37_16_03.png,I37.png,3.1,0.943,16,03
4578,I37_16_04.png,I37.png,2.43,0.989,16,04
4579,I37_16_05.png,I37.png,1.23,0.496,16,05
4580,I37_17_01.png,I37.png,4.67,0.537,17,01
4581,I37_17_02.png,I37.png,4.27,0.998,17,02
4582,I37_17_03.png,I37.png,4.2,0.833,17,03
4583,I37_17_04.png,I37.png,3.27,0.892,17,04
4584,I37_17_05.png,I37.png,2.63,1.016,17,05
4585,I37_18_01.png,I37.png,4.17,0.687,18,01
4586,I37_18_02.png,I37.png,4.53,0.67,18,02
4587,I37_18_03.png,I37.png,4.5,0.671,18,03
4588,I37_18_04.png,I37.png,4.6,0.663,18,04
4589,I37_18_05.png,I37.png,4.3,0.64,18,05
4590,I37_19_01.png,I37.png,4.5,0.671,19,01
4591,I37_19_02.png,I37.png,4.3,0.737,19,02
4592,I37_19_03.png,I37.png,3.17,0.86,19,03
4593,I37_19_04.png,I37.png,1.53,0.718,19,04
4594,I37_19_05.png,I37.png,1.2,0.4,19,05
4595,I37_20_01.png,I37.png,4.5,0.563,20,01
4596,I37_20_02.png,I37.png,3.97,0.912,20,02
4597,I37_20_03.png,I37.png,3.53,1.087,20,03
4598,I37_20_04.png,I37.png,4.1,0.87,20,04
4599,I37_20_05.png,I37.png,3.77,1.055,20,05
4600,I37_21_01.png,I37.png,3.27,0.892,21,01
4601,I37_21_02.png,I37.png,2.27,0.929,21,02
4602,I37_21_03.png,I37.png,2.33,0.907,21,03
4603,I37_21_04.png,I37.png,2.67,1.011,21,04
4604,I37_21_05.png,I37.png,1.33,0.596,21,05
4605,I37_22_01.png,I37.png,3.43,1.023,22,01
4606,I37_22_02.png,I37.png,3.07,0.998,22,02
4607,I37_22_03.png,I37.png,2.87,0.957,22,03
4608,I37_22_04.png,I37.png,2.53,0.957,22,04
4609,I37_22_05.png,I37.png,2.23,0.803,22,05
4610,I37_23_01.png,I37.png,2.73,1.031,23,01
4611,I37_23_02.png,I37.png,2.37,0.948,23,02
4612,I37_23_03.png,I37.png,2.2,0.909,23,03
4613,I37_23_04.png,I37.png,2.17,0.734,23,04
4614,I37_23_05.png,I37.png,2.1,1.044,23,05
4615,I37_24_01.png,I37.png,3.77,0.616,24,01
4616,I37_24_02.png,I37.png,3.03,0.795,24,02
4617,I37_24_03.png,I37.png,2.47,0.991,24,03
4618,I37_24_04.png,I37.png,2.0,0.683,24,04
4619,I37_24_05.png,I37.png,1.35,0.478,24,05
4620,I37_25_01.png,I37.png,3.9,0.7,25,01
4621,I37_25_02.png,I37.png,4.17,0.522,25,02
4622,I37_25_03.png,I37.png,4.63,0.547,25,03
4623,I37_25_04.png,I37.png,4.17,0.522,25,04
4624,I37_25_05.png,I37.png,2.97,1.048,25,05
4625,I38_01_01.png,I38.png,4.7,0.458,01,01
4626,I38_01_02.png,I38.png,4.63,0.484,01,02
4627,I38_01_03.png,I38.png,3.4,0.8,01,03
4628,I38_01_04.png,I38.png,1.87,0.751,01,04
4629,I38_01_05.png,I38.png,1.43,0.496,01,05
4630,I38_02_01.png,I38.png,3.93,0.727,02,01
4631,I38_02_02.png,I38.png,2.43,0.761,02,02
4632,I38_02_03.png,I38.png,1.93,0.727,02,03
4633,I38_02_04.png,I38.png,1.4,0.554,02,04
4634,I38_02_05.png,I38.png,1.27,0.442,02,05
4635,I38_03_01.png,I38.png,4.67,0.471,03,01
4636,I38_03_02.png,I38.png,4.2,0.702,03,02
4637,I38_03_03.png,I38.png,3.23,0.803,03,03
4638,I38_03_04.png,I38.png,2.3,0.64,03,04
4639,I38_03_05.png,I38.png,1.77,0.761,03,05
4640,I38_04_01.png,I38.png,4.57,0.559,04,01
4641,I38_04_02.png,I38.png,3.17,0.898,04,02
4642,I38_04_03.png,I38.png,1.87,0.806,04,03
4643,I38_04_04.png,I38.png,1.87,0.991,04,04
4644,I38_04_05.png,I38.png,1.53,0.718,04,05
4645,I38_05_01.png,I38.png,4.0,0.683,05,01
4646,I38_05_02.png,I38.png,1.93,0.68,05,02
4647,I38_05_03.png,I38.png,1.7,0.737,05,03
4648,I38_05_04.png,I38.png,1.57,0.559,05,04
4649,I38_05_05.png,I38.png,1.57,0.716,05,05
4650,I38_06_01.png,I38.png,4.5,0.563,06,01
4651,I38_06_02.png,I38.png,4.43,0.616,06,02
4652,I38_06_03.png,I38.png,4.0,0.73,06,03
4653,I38_06_04.png,I38.png,3.7,0.862,06,04
4654,I38_06_05.png,I38.png,2.37,0.875,06,05
4655,I38_07_01.png,I38.png,3.67,1.106,07,01
4656,I38_07_02.png,I38.png,2.35,0.969,07,02
4657,I38_07_03.png,I38.png,2.67,1.075,07,03
4658,I38_07_04.png,I38.png,2.8,1.046,07,04
4659,I38_07_05.png,I38.png,2.37,1.11,07,05
4660,I38_08_01.png,I38.png,4.67,0.537,08,01
4661,I38_08_02.png,I38.png,3.57,0.92,08,02
4662,I38_08_03.png,I38.png,2.77,0.955,08,03
4663,I38_08_04.png,I38.png,2.17,0.687,08,04
4664,I38_08_05.png,I38.png,1.43,0.559,08,05
4665,I38_09_01.png,I38.png,4.77,0.423,09,01
4666,I38_09_02.png,I38.png,4.77,0.423,09,02
4667,I38_09_03.png,I38.png,4.53,0.499,09,03
4668,I38_09_04.png,I38.png,3.7,1.069,09,04
4669,I38_09_05.png,I38.png,1.83,0.778,09,05
4670,I38_10_01.png,I38.png,4.2,0.748,10,01
4671,I38_10_02.png,I38.png,4.32,0.736,10,02
4672,I38_10_03.png,I38.png,3.2,0.909,10,03
4673,I38_10_04.png,I38.png,1.77,0.667,10,04
4674,I38_10_05.png,I38.png,1.17,0.373,10,05
4675,I38_11_01.png,I38.png,3.47,0.806,11,01
4676,I38_11_02.png,I38.png,2.97,0.706,11,02
4677,I38_11_03.png,I38.png,2.77,0.761,11,03
4678,I38_11_04.png,I38.png,2.5,0.619,11,04
4679,I38_11_05.png,I38.png,2.03,0.752,11,05
4680,I38_12_01.png,I38.png,4.3,0.862,12,01
4681,I38_12_02.png,I38.png,3.23,0.803,12,02
4682,I38_12_03.png,I38.png,2.6,0.712,12,03
4683,I38_12_04.png,I38.png,2.33,0.699,12,04
4684,I38_12_05.png,I38.png,2.2,0.702,12,05
4685,I38_13_01.png,I38.png,3.2,0.872,13,01
4686,I38_13_02.png,I38.png,2.67,0.789,13,02
4687,I38_13_03.png,I38.png,2.27,0.629,13,03
4688,I38_13_04.png,I38.png,2.23,0.667,13,04
4689,I38_13_05.png,I38.png,2.1,0.79,13,05
4690,I38_14_01.png,I38.png,4.37,0.605,14,01
4691,I38_14_02.png,I38.png,3.27,0.854,14,02
4692,I38_14_03.png,I38.png,2.9,0.7,14,03
4693,I38_14_04.png,I38.png,2.43,0.761,14,04
4694,I38_14_05.png,I38.png,1.73,0.727,14,05
4695,I38_15_01.png,I38.png,3.33,0.789,15,01
4696,I38_15_02.png,I38.png,2.0,0.632,15,02
4697,I38_15_03.png,I38.png,1.83,0.582,15,03
4698,I38_15_04.png,I38.png,1.35,0.542,15,04
4699,I38_15_05.png,I38.png,1.17,0.373,15,05
4700,I38_16_01.png,I38.png,4.55,0.711,16,01
4701,I38_16_02.png,I38.png,4.2,0.6,16,02
4702,I38_16_03.png,I38.png,3.53,0.884,16,03
4703,I38_16_04.png,I38.png,3.0,1.0,16,04
4704,I38_16_05.png,I38.png,2.0,0.856,16,05
4705,I38_17_01.png,I38.png,4.47,0.67,17,01
4706,I38_17_02.png,I38.png,4.47,0.562,17,02
4707,I38_17_03.png,I38.png,3.87,0.806,17,03
4708,I38_17_04.png,I38.png,2.93,0.892,17,04
4709,I38_17_05.png,I38.png,1.7,0.936,17,05
4710,I38_18_01.png,I38.png,4.07,0.727,18,01
4711,I38_18_02.png,I38.png,4.65,0.478,18,02
4712,I38_18_03.png,I38.png,4.73,0.442,18,03
4713,I38_18_04.png,I38.png,4.03,0.547,18,04
4714,I38_18_05.png,I38.png,4.1,0.473,18,05
4715,I38_19_01.png,I38.png,4.5,0.5,19,01
4716,I38_19_02.png,I38.png,4.23,0.667,19,02
4717,I38_19_03.png,I38.png,3.17,0.82,19,03
4718,I38_19_04.png,I38.png,1.67,0.65,19,04
4719,I38_19_05.png,I38.png,1.23,0.423,19,05
4720,I38_20_01.png,I38.png,4.53,0.562,20,01
4721,I38_20_02.png,I38.png,4.03,0.875,20,02
4722,I38_20_03.png,I38.png,4.27,0.68,20,03
4723,I38_20_04.png,I38.png,4.3,0.862,20,04
4724,I38_20_05.png,I38.png,3.4,1.2,20,05
4725,I38_21_01.png,I38.png,2.53,0.957,21,01
4726,I38_21_02.png,I38.png,2.27,1.031,21,02
4727,I38_21_03.png,I38.png,2.3,0.69,21,03
4728,I38_21_04.png,I38.png,2.73,0.892,21,04
4729,I38_21_05.png,I38.png,1.57,0.559,21,05
4730,I38_22_01.png,I38.png,4.0,0.816,22,01
4731,I38_22_02.png,I38.png,2.9,1.044,22,02
4732,I38_22_03.png,I38.png,3.1,1.012,22,03
4733,I38_22_04.png,I38.png,2.77,0.92,22,04
4734,I38_22_05.png,I38.png,2.2,0.748,22,05
4735,I38_23_01.png,I38.png,2.87,0.991,23,01
4736,I38_23_02.png,I38.png,2.47,1.024,23,02
4737,I38_23_03.png,I38.png,2.13,0.763,23,03
4738,I38_23_04.png,I38.png,2.07,0.727,23,04
4739,I38_23_05.png,I38.png,2.33,0.745,23,05
4740,I38_24_01.png,I38.png,3.7,0.862,24,01
4741,I38_24_02.png,I38.png,2.73,1.093,24,02
4742,I38_24_03.png,I38.png,1.87,0.806,24,03
4743,I38_24_04.png,I38.png,1.6,0.757,24,04
4744,I38_24_05.png,I38.png,1.27,0.573,24,05
4745,I38_25_01.png,I38.png,3.6,0.757,25,01
4746,I38_25_02.png,I38.png,3.73,0.892,25,02
4747,I38_25_03.png,I38.png,4.3,0.69,25,03
4748,I38_25_04.png,I38.png,3.97,0.706,25,04
4749,I38_25_05.png,I38.png,3.1,1.012,25,05
4750,I39_01_01.png,I39.png,4.73,0.442,01,01
4751,I39_01_02.png,I39.png,4.43,0.559,01,02
4752,I39_01_03.png,I39.png,2.97,0.752,01,03
4753,I39_01_04.png,I39.png,1.8,0.542,01,04
4754,I39_01_05.png,I39.png,1.32,0.467,01,05
4755,I39_02_01.png,I39.png,4.13,0.67,02,01
4756,I39_02_02.png,I39.png,2.4,0.8,02,02
4757,I39_02_03.png,I39.png,1.73,0.629,02,03
4758,I39_02_04.png,I39.png,1.37,0.547,02,04
4759,I39_02_05.png,I39.png,1.2,0.4,02,05
4760,I39_03_01.png,I39.png,4.77,0.423,03,01
4761,I39_03_02.png,I39.png,4.33,0.745,03,02
4762,I39_03_03.png,I39.png,2.77,0.844,03,03
4763,I39_03_04.png,I39.png,1.97,0.605,03,04
4764,I39_03_05.png,I39.png,1.47,0.562,03,05
4765,I39_04_01.png,I39.png,4.63,0.482,04,01
4766,I39_04_02.png,I39.png,1.67,0.699,04,02
4767,I39_04_03.png,I39.png,1.3,0.526,04,03
4768,I39_04_04.png,I39.png,1.2,0.4,04,04
4769,I39_04_05.png,I39.png,1.17,0.453,04,05
4770,I39_05_01.png,I39.png,4.23,0.92,05,01
4771,I39_05_02.png,I39.png,2.63,1.048,05,02
4772,I39_05_03.png,I39.png,1.53,0.718,05,03
4773,I39_05_04.png,I39.png,1.47,0.562,05,04
4774,I39_05_05.png,I39.png,1.5,0.671,05,05
4775,I39_06_01.png,I39.png,4.37,0.605,06,01
4776,I39_06_02.png,I39.png,4.33,0.65,06,02
4777,I39_06_03.png,I39.png,4.33,0.907,06,03
4778,I39_06_04.png,I39.png,3.53,1.024,06,04
4779,I39_06_05.png,I39.png,3.03,0.983,06,05
4780,I39_07_01.png,I39.png,2.39,1.098,07,01
4781,I39_07_02.png,I39.png,2.07,1.093,07,02
4782,I39_07_03.png,I39.png,1.7,0.781,07,03
4783,I39_07_04.png,I39.png,2.27,0.998,07,04
4784,I39_07_05.png,I39.png,1.9,0.746,07,05
4785,I39_08_01.png,I39.png,4.63,0.482,08,01
4786,I39_08_02.png,I39.png,2.83,1.067,08,02
4787,I39_08_03.png,I39.png,1.74,0.717,08,03
4788,I39_08_04.png,I39.png,1.33,0.471,08,04
4789,I39_08_05.png,I39.png,1.13,0.34,08,05
4790,I39_09_01.png,I39.png,4.74,0.438,09,01
4791,I39_09_02.png,I39.png,4.27,0.814,09,02
4792,I39_09_03.png,I39.png,4.0,0.966,09,03
4793,I39_09_04.png,I39.png,2.13,0.957,09,04
4794,I39_09_05.png,I39.png,1.27,0.442,09,05
4795,I39_10_01.png,I39.png,4.5,0.563,10,01
4796,I39_10_02.png,I39.png,4.53,0.562,10,02
4797,I39_10_03.png,I39.png,4.07,0.772,10,03
4798,I39_10_04.png,I39.png,2.13,0.718,10,04
4799,I39_10_05.png,I39.png,1.43,0.496,10,05
4800,I39_11_01.png,I39.png,4.53,0.67,11,01
4801,I39_11_02.png,I39.png,4.07,0.814,11,02
4802,I39_11_03.png,I39.png,3.73,0.68,11,03
4803,I39_11_04.png,I39.png,3.17,0.82,11,04
4804,I39_11_05.png,I39.png,2.47,0.846,11,05
4805,I39_12_01.png,I39.png,4.73,0.442,12,01
4806,I39_12_02.png,I39.png,4.33,0.65,12,02
4807,I39_12_03.png,I39.png,3.8,0.909,12,03
4808,I39_12_04.png,I39.png,3.27,0.772,12,04
4809,I39_12_05.png,I39.png,2.7,0.823,12,05
4810,I39_13_01.png,I39.png,3.23,0.955,13,01
4811,I39_13_02.png,I39.png,3.03,0.983,13,02
4812,I39_13_03.png,I39.png,2.77,0.667,13,03
4813,I39_13_04.png,I39.png,2.43,0.844,13,04
4814,I39_13_05.png,I39.png,2.07,0.727,13,05
4815,I39_14_01.png,I39.png,4.6,0.49,14,01
4816,I39_14_02.png,I39.png,4.52,0.666,14,02
4817,I39_14_03.png,I39.png,3.33,0.978,14,03
4818,I39_14_04.png,I39.png,3.07,1.031,14,04
4819,I39_14_05.png,I39.png,2.07,0.359,14,05
4820,I39_15_01.png,I39.png,4.13,0.618,15,01
4821,I39_15_02.png,I39.png,3.4,0.841,15,02
4822,I39_15_03.png,I39.png,2.57,0.761,15,03
4823,I39_15_04.png,I39.png,1.77,0.496,15,04
4824,I39_15_05.png,I39.png,1.47,0.618,15,05
4825,I39_16_01.png,I39.png,4.53,0.499,16,01
4826,I39_16_02.png,I39.png,4.53,0.67,16,02
4827,I39_16_03.png,I39.png,4.3,0.781,16,03
4828,I39_16_04.png,I39.png,3.1,0.943,16,04
4829,I39_16_05.png,I39.png,1.5,0.563,16,05
4830,I39_17_01.png,I39.png,4.63,0.482,17,01
4831,I39_17_02.png,I39.png,4.77,0.423,17,02
4832,I39_17_03.png,I39.png,4.6,0.49,17,03
4833,I39_17_04.png,I39.png,3.77,0.667,17,04
4834,I39_17_05.png,I39.png,2.1,0.943,17,05
4835,I39_18_01.png,I39.png,4.53,0.499,18,01
4836,I39_18_02.png,I39.png,4.57,0.496,18,02
4837,I39_18_03.png,I39.png,4.63,0.657,18,03
4838,I39_18_04.png,I39.png,4.47,0.618,18,04
4839,I39_18_05.png,I39.png,4.03,0.836,18,05
4840,I39_19_01.png,I39.png,4.43,0.496,19,01
4841,I39_19_02.png,I39.png,3.7,0.69,19,02
4842,I39_19_03.png,I39.png,2.43,0.616,19,03
4843,I39_19_04.png,I39.png,1.5,0.671,19,04
4844,I39_19_05.png,I39.png,1.07,0.249,19,05
4845,I39_20_01.png,I39.png,4.4,0.917,20,01
4846,I39_20_02.png,I39.png,4.23,1.055,20,02
4847,I39_20_03.png,I39.png,3.8,1.166,20,03
4848,I39_20_04.png,I39.png,3.23,1.499,20,04
4849,I39_20_05.png,I39.png,2.52,1.317,20,05
4850,I39_21_01.png,I39.png,4.0,0.856,21,01
4851,I39_21_02.png,I39.png,2.7,0.971,21,02
4852,I39_21_03.png,I39.png,2.17,0.934,21,03
4853,I39_21_04.png,I39.png,2.27,0.892,21,04
4854,I39_21_05.png,I39.png,1.1,0.3,21,05
4855,I39_22_01.png,I39.png,4.53,0.618,22,01
4856,I39_22_02.png,I39.png,4.63,0.482,22,02
4857,I39_22_03.png,I39.png,4.63,0.657,22,03
4858,I39_22_04.png,I39.png,4.57,0.616,22,04
4859,I39_22_05.png,I39.png,4.37,0.706,22,05
4860,I39_23_01.png,I39.png,2.5,1.088,23,01
4861,I39_23_02.png,I39.png,2.39,1.006,23,02
4862,I39_23_03.png,I39.png,2.33,0.745,23,03
4863,I39_23_04.png,I39.png,2.1,0.79,23,04
4864,I39_23_05.png,I39.png,1.97,0.795,23,05
4865,I39_24_01.png,I39.png,3.63,0.836,24,01
4866,I39_24_02.png,I39.png,2.7,0.9,24,02
4867,I39_24_03.png,I39.png,1.77,0.667,24,03
4868,I39_24_04.png,I39.png,1.2,0.4,24,04
4869,I39_24_05.png,I39.png,1.17,0.373,24,05
4870,I39_25_01.png,I39.png,3.77,0.761,25,01
4871,I39_25_02.png,I39.png,4.23,0.559,25,02
4872,I39_25_03.png,I39.png,4.67,0.471,25,03
4873,I39_25_04.png,I39.png,4.37,0.657,25,04
4874,I39_25_05.png,I39.png,3.77,0.803,25,05
4875,I40_01_01.png,I40.png,4.27,0.573,01,01
4876,I40_01_02.png,I40.png,3.83,0.82,01,02
4877,I40_01_03.png,I40.png,2.17,0.82,01,03
4878,I40_01_04.png,I40.png,1.57,0.559,01,04
4879,I40_01_05.png,I40.png,1.1,0.296,01,05
4880,I40_02_01.png,I40.png,2.83,0.934,02,01
4881,I40_02_02.png,I40.png,2.0,0.683,02,02
4882,I40_02_03.png,I40.png,1.5,0.563,02,03
4883,I40_02_04.png,I40.png,1.4,0.554,02,04
4884,I40_02_05.png,I40.png,1.1,0.3,02,05
4885,I40_03_01.png,I40.png,4.3,0.936,03,01
4886,I40_03_02.png,I40.png,3.27,0.892,03,02
4887,I40_03_03.png,I40.png,2.23,0.716,03,03
4888,I40_03_04.png,I40.png,1.37,0.482,03,04
4889,I40_03_05.png,I40.png,1.17,0.373,03,05
4890,I40_04_01.png,I40.png,4.13,0.718,04,01
4891,I40_04_02.png,I40.png,2.37,0.875,04,02
4892,I40_04_03.png,I40.png,1.73,0.68,04,03
4893,I40_04_04.png,I40.png,1.47,0.618,04,04
4894,I40_04_05.png,I40.png,1.43,0.616,04,05
4895,I40_05_01.png,I40.png,3.7,0.9,05,01
4896,I40_05_02.png,I40.png,1.73,0.772,05,02
4897,I40_05_03.png,I40.png,1.53,0.562,05,03
4898,I40_05_04.png,I40.png,1.33,0.471,05,04
4899,I40_05_05.png,I40.png,1.37,0.482,05,05
4900,I40_06_01.png,I40.png,4.13,0.832,06,01
4901,I40_06_02.png,I40.png,4.27,0.512,06,02
4902,I40_06_03.png,I40.png,3.77,0.883,06,03
4903,I40_06_04.png,I40.png,3.97,0.752,06,04
4904,I40_06_05.png,I40.png,2.68,1.118,06,05
4905,I40_07_01.png,I40.png,2.6,0.8,07,01
4906,I40_07_02.png,I40.png,2.23,0.955,07,02
4907,I40_07_03.png,I40.png,2.0,0.856,07,03
4908,I40_07_04.png,I40.png,2.0,0.894,07,04
4909,I40_07_05.png,I40.png,1.87,0.846,07,05
4910,I40_08_01.png,I40.png,4.47,0.763,08,01
4911,I40_08_02.png,I40.png,3.23,0.803,08,02
4912,I40_08_03.png,I40.png,2.27,0.964,08,03
4913,I40_08_04.png,I40.png,1.67,0.745,08,04
4914,I40_08_05.png,I40.png,1.37,0.605,08,05
4915,I40_09_01.png,I40.png,4.2,0.98,09,01
4916,I40_09_02.png,I40.png,3.33,1.075,09,02
4917,I40_09_03.png,I40.png,3.0,0.894,09,03
4918,I40_09_04.png,I40.png,1.5,0.671,09,04
4919,I40_09_05.png,I40.png,1.23,0.423,09,05
4920,I40_10_01.png,I40.png,4.2,0.792,10,01
4921,I40_10_02.png,I40.png,4.2,0.792,10,02
4922,I40_10_03.png,I40.png,3.97,0.795,10,03
4923,I40_10_04.png,I40.png,2.5,1.088,10,04
4924,I40_10_05.png,I40.png,1.57,0.559,10,05
4925,I40_11_01.png,I40.png,4.43,0.667,11,01
4926,I40_11_02.png,I40.png,4.43,0.667,11,02
4927,I40_11_03.png,I40.png,3.83,0.969,11,03
4928,I40_11_04.png,I40.png,3.77,0.989,11,04
4929,I40_11_05.png,I40.png,3.33,1.106,11,05
4930,I40_12_01.png,I40.png,4.57,0.496,12,01
4931,I40_12_02.png,I40.png,4.5,0.5,12,02
4932,I40_12_03.png,I40.png,3.77,0.844,12,03
4933,I40_12_04.png,I40.png,3.6,1.02,12,04
4934,I40_12_05.png,I40.png,3.43,0.883,12,05
4935,I40_13_01.png,I40.png,4.23,0.705,13,01
4936,I40_13_02.png,I40.png,3.27,1.153,13,02
4937,I40_13_03.png,I40.png,2.8,1.077,13,03
4938,I40_13_04.png,I40.png,2.6,1.172,13,04
4939,I40_13_05.png,I40.png,2.17,0.934,13,05
4940,I40_14_01.png,I40.png,4.33,0.83,14,01
4941,I40_14_02.png,I40.png,4.3,0.586,14,02
4942,I40_14_03.png,I40.png,4.33,0.789,14,03
4943,I40_14_04.png,I40.png,3.8,0.748,14,04
4944,I40_14_05.png,I40.png,3.07,1.062,14,05
4945,I40_15_01.png,I40.png,3.1,1.012,15,01
4946,I40_15_02.png,I40.png,2.23,0.92,15,02
4947,I40_15_03.png,I40.png,1.83,0.778,15,03
4948,I40_15_04.png,I40.png,1.7,0.64,15,04
4949,I40_15_05.png,I40.png,1.7,0.526,15,05
4950,I40_16_01.png,I40.png,4.26,0.802,16,01
4951,I40_16_02.png,I40.png,4.0,0.683,16,02
4952,I40_16_03.png,I40.png,3.2,0.98,16,03
4953,I40_16_04.png,I40.png,2.43,0.955,16,04
4954,I40_16_05.png,I40.png,1.53,0.661,16,05
4955,I40_17_01.png,I40.png,4.53,0.562,17,01
4956,I40_17_02.png,I40.png,4.47,0.562,17,02
4957,I40_17_03.png,I40.png,3.93,0.772,17,03
4958,I40_17_04.png,I40.png,3.13,0.921,17,04
4959,I40_17_05.png,I40.png,1.87,0.991,17,05
4960,I40_18_01.png,I40.png,4.13,0.618,18,01
4961,I40_18_02.png,I40.png,4.4,0.663,18,02
4962,I40_18_03.png,I40.png,4.6,0.611,18,03
4963,I40_18_04.png,I40.png,4.03,0.657,18,04
4964,I40_18_05.png,I40.png,3.83,0.734,18,05
4965,I40_19_01.png,I40.png,4.1,0.943,19,01
4966,I40_19_02.png,I40.png,3.9,0.651,19,02
4967,I40_19_03.png,I40.png,2.37,0.875,19,03
4968,I40_19_04.png,I40.png,1.6,0.663,19,04
4969,I40_19_05.png,I40.png,1.2,0.4,19,05
4970,I40_20_01.png,I40.png,4.47,0.67,20,01
4971,I40_20_02.png,I40.png,3.03,1.11,20,02
4972,I40_20_03.png,I40.png,3.23,1.174,20,03
4973,I40_20_04.png,I40.png,3.07,1.289,20,04
4974,I40_20_05.png,I40.png,3.64,1.039,20,05
4975,I40_21_01.png,I40.png,3.9,0.978,21,01
4976,I40_21_02.png,I40.png,3.03,1.11,21,02
4977,I40_21_03.png,I40.png,2.67,1.011,21,03
4978,I40_21_04.png,I40.png,3.0,1.095,21,04
4979,I40_21_05.png,I40.png,1.33,0.471,21,05
4980,I40_22_01.png,I40.png,4.53,0.499,22,01
4981,I40_22_02.png,I40.png,4.33,0.789,22,02
4982,I40_22_03.png,I40.png,4.07,0.727,22,03
4983,I40_22_04.png,I40.png,4.37,0.706,22,04
4984,I40_22_05.png,I40.png,3.97,0.836,22,05
4985,I40_23_01.png,I40.png,2.2,0.872,23,01
4986,I40_23_02.png,I40.png,2.4,0.554,23,02
4987,I40_23_03.png,I40.png,1.83,0.734,23,03
4988,I40_23_04.png,I40.png,2.43,0.92,23,04
4989,I40_23_05.png,I40.png,1.9,0.87,23,05
4990,I40_24_01.png,I40.png,3.23,0.989,24,01
4991,I40_24_02.png,I40.png,1.97,0.795,24,02
4992,I40_24_03.png,I40.png,1.8,0.748,24,03
4993,I40_24_04.png,I40.png,1.33,0.537,24,04
4994,I40_24_05.png,I40.png,1.17,0.453,24,05
4995,I40_25_01.png,I40.png,3.63,0.752,25,01
4996,I40_25_02.png,I40.png,3.47,0.763,25,02
4997,I40_25_03.png,I40.png,3.93,0.629,25,03
4998,I40_25_04.png,I40.png,3.87,0.763,25,04
4999,I40_25_05.png,I40.png,2.45,0.836,25,05
5000,I41_01_01.png,I41.png,4.57,0.496,01,01
5001,I41_01_02.png,I41.png,4.43,0.496,01,02
5002,I41_01_03.png,I41.png,3.17,0.778,01,03
5003,I41_01_04.png,I41.png,2.07,0.573,01,04
5004,I41_01_05.png,I41.png,1.4,0.554,01,05
5005,I41_02_01.png,I41.png,4.0,0.966,02,01
5006,I41_02_02.png,I41.png,2.81,0.82,02,02
5007,I41_02_03.png,I41.png,1.81,0.583,02,03
5008,I41_02_04.png,I41.png,1.47,0.499,02,04
5009,I41_02_05.png,I41.png,1.37,0.482,02,05
5010,I41_03_01.png,I41.png,4.57,0.496,03,01
5011,I41_03_02.png,I41.png,4.6,0.663,03,02
5012,I41_03_03.png,I41.png,3.47,0.884,03,03
5013,I41_03_04.png,I41.png,2.4,0.879,03,04
5014,I41_03_05.png,I41.png,1.77,0.559,03,05
5015,I41_04_01.png,I41.png,4.67,0.537,04,01
5016,I41_04_02.png,I41.png,2.63,0.875,04,02
5017,I41_04_03.png,I41.png,1.4,0.49,04,03
5018,I41_04_04.png,I41.png,1.37,0.547,04,04
5019,I41_04_05.png,I41.png,1.2,0.4,04,05
5020,I41_05_01.png,I41.png,4.8,0.4,05,01
5021,I41_05_02.png,I41.png,2.9,0.831,05,02
5022,I41_05_03.png,I41.png,2.8,1.046,05,03
5023,I41_05_04.png,I41.png,2.4,0.841,05,04
5024,I41_05_05.png,I41.png,2.5,1.025,05,05
5025,I41_06_01.png,I41.png,4.27,0.892,06,01
5026,I41_06_02.png,I41.png,3.87,0.884,06,02
5027,I41_06_03.png,I41.png,3.7,1.005,06,03
5028,I41_06_04.png,I41.png,2.81,0.93,06,04
5029,I41_06_05.png,I41.png,1.83,0.582,06,05
5030,I41_07_01.png,I41.png,3.13,0.921,07,01
5031,I41_07_02.png,I41.png,2.57,1.202,07,02
5032,I41_07_03.png,I41.png,1.93,1.062,07,03
5033,I41_07_04.png,I41.png,2.0,0.966,07,04
5034,I41_07_05.png,I41.png,1.7,0.823,07,05
5035,I41_08_01.png,I41.png,4.53,0.499,08,01
5036,I41_08_02.png,I41.png,3.77,1.086,08,02
5037,I41_08_03.png,I41.png,2.5,0.922,08,03
5038,I41_08_04.png,I41.png,2.27,1.031,08,04
5039,I41_08_05.png,I41.png,1.37,0.547,08,05
5040,I41_09_01.png,I41.png,4.67,0.471,09,01
5041,I41_09_02.png,I41.png,4.4,0.554,09,02
5042,I41_09_03.png,I41.png,3.97,1.016,09,03
5043,I41_09_04.png,I41.png,1.83,0.687,09,04
5044,I41_09_05.png,I41.png,1.4,0.554,09,05
5045,I41_10_01.png,I41.png,4.6,0.49,10,01
5046,I41_10_02.png,I41.png,4.17,0.687,10,02
5047,I41_10_03.png,I41.png,4.03,0.948,10,03
5048,I41_10_04.png,I41.png,1.77,0.667,10,04
5049,I41_10_05.png,I41.png,1.17,0.373,10,05
5050,I41_11_01.png,I41.png,4.27,0.772,11,01
5051,I41_11_02.png,I41.png,3.63,0.657,11,02
5052,I41_11_03.png,I41.png,3.07,0.814,11,03
5053,I41_11_04.png,I41.png,2.67,0.907,11,04
5054,I41_11_05.png,I41.png,2.4,0.554,11,05
5055,I41_12_01.png,I41.png,4.67,0.471,12,01
5056,I41_12_02.png,I41.png,3.97,0.836,12,02
5057,I41_12_03.png,I41.png,3.5,0.885,12,03
5058,I41_12_04.png,I41.png,2.73,0.727,12,04
5059,I41_12_05.png,I41.png,2.6,0.554,12,05
5060,I41_13_01.png,I41.png,4.2,0.872,13,01
5061,I41_13_02.png,I41.png,3.07,1.031,13,02
5062,I41_13_03.png,I41.png,2.9,1.106,13,03
5063,I41_13_04.png,I41.png,2.6,0.8,13,04
5064,I41_13_05.png,I41.png,2.43,0.667,13,05
5065,I41_14_01.png,I41.png,4.77,0.423,14,01
5066,I41_14_02.png,I41.png,3.83,0.82,14,02
5067,I41_14_03.png,I41.png,3.1,0.597,14,03
5068,I41_14_04.png,I41.png,2.43,0.955,14,04
5069,I41_14_05.png,I41.png,1.8,0.909,14,05
5070,I41_15_01.png,I41.png,3.32,1.059,15,01
5071,I41_15_02.png,I41.png,2.33,0.869,15,02
5072,I41_15_03.png,I41.png,2.17,0.898,15,03
5073,I41_15_04.png,I41.png,1.43,0.559,15,04
5074,I41_15_05.png,I41.png,1.43,0.496,15,05
5075,I41_16_01.png,I41.png,4.6,0.611,16,01
5076,I41_16_02.png,I41.png,4.53,0.499,16,02
5077,I41_16_03.png,I41.png,3.33,0.943,16,03
5078,I41_16_04.png,I41.png,2.3,0.823,16,04
5079,I41_16_05.png,I41.png,1.4,0.554,16,05
5080,I41_17_01.png,I41.png,4.5,0.5,17,01
5081,I41_17_02.png,I41.png,4.73,0.442,17,02
5082,I41_17_03.png,I41.png,4.27,0.772,17,03
5083,I41_17_04.png,I41.png,3.6,0.841,17,04
5084,I41_17_05.png,I41.png,2.87,1.024,17,05
5085,I41_18_01.png,I41.png,3.93,0.929,18,01
5086,I41_18_02.png,I41.png,4.63,0.482,18,02
5087,I41_18_03.png,I41.png,4.6,0.663,18,03
5088,I41_18_04.png,I41.png,4.6,0.663,18,04
5089,I41_18_05.png,I41.png,3.97,1.11,18,05
5090,I41_19_01.png,I41.png,4.53,0.562,19,01
5091,I41_19_02.png,I41.png,4.7,0.458,19,02
5092,I41_19_03.png,I41.png,3.97,0.706,19,03
5093,I41_19_04.png,I41.png,1.93,0.573,19,04
5094,I41_19_05.png,I41.png,1.4,0.554,19,05
5095,I41_20_01.png,I41.png,4.2,0.945,20,01
5096,I41_20_02.png,I41.png,4.4,0.879,20,02
5097,I41_20_03.png,I41.png,3.73,1.289,20,03
5098,I41_20_04.png,I41.png,3.03,1.224,20,04
5099,I41_20_05.png,I41.png,2.4,1.2,20,05
5100,I41_21_01.png,I41.png,4.27,0.772,21,01
5101,I41_21_02.png,I41.png,3.48,0.798,21,02
5102,I41_21_03.png,I41.png,3.03,0.948,21,03
5103,I41_21_04.png,I41.png,3.13,0.921,21,04
5104,I41_21_05.png,I41.png,1.47,0.618,21,05
5105,I41_22_01.png,I41.png,4.73,0.442,22,01
5106,I41_22_02.png,I41.png,4.67,0.471,22,02
5107,I41_22_03.png,I41.png,4.27,0.629,22,03
5108,I41_22_04.png,I41.png,4.07,0.892,22,04
5109,I41_22_05.png,I41.png,3.2,1.108,22,05
5110,I41_23_01.png,I41.png,2.93,1.123,23,01
5111,I41_23_02.png,I41.png,3.13,1.087,23,02
5112,I41_23_03.png,I41.png,2.33,0.943,23,03
5113,I41_23_04.png,I41.png,2.27,0.892,23,04
5114,I41_23_05.png,I41.png,2.17,0.82,23,05
5115,I41_24_01.png,I41.png,4.07,0.573,24,01
5116,I41_24_02.png,I41.png,3.23,0.989,24,02
5117,I41_24_03.png,I41.png,2.47,0.884,24,03
5118,I41_24_04.png,I41.png,1.87,0.763,24,04
5119,I41_24_05.png,I41.png,1.47,0.718,24,05
5120,I41_25_01.png,I41.png,3.73,0.854,25,01
5121,I41_25_02.png,I41.png,4.23,0.716,25,02
5122,I41_25_03.png,I41.png,4.53,0.618,25,03
5123,I41_25_04.png,I41.png,4.6,0.8,25,04
5124,I41_25_05.png,I41.png,3.97,0.684,25,05
5125,I42_01_01.png,I42.png,4.57,0.559,01,01
5126,I42_01_02.png,I42.png,4.63,0.547,01,02
5127,I42_01_03.png,I42.png,3.23,0.761,01,03
5128,I42_01_04.png,I42.png,2.07,0.629,01,04
5129,I42_01_05.png,I42.png,1.4,0.49,01,05
5130,I42_02_01.png,I42.png,4.07,0.727,02,01
5131,I42_02_02.png,I42.png,3.13,0.763,02,02
5132,I42_02_03.png,I42.png,1.63,0.706,02,03
5133,I42_02_04.png,I42.png,1.6,0.554,02,04
5134,I42_02_05.png,I42.png,1.33,0.471,02,05
5135,I42_03_01.png,I42.png,4.77,0.418,03,01
5136,I42_03_02.png,I42.png,4.43,0.667,03,02
5137,I42_03_03.png,I42.png,3.07,0.727,03,03
5138,I42_03_04.png,I42.png,2.33,0.83,03,04
5139,I42_03_05.png,I42.png,1.7,0.586,03,05
5140,I42_04_01.png,I42.png,4.73,0.442,04,01
5141,I42_04_02.png,I42.png,2.33,0.869,04,02
5142,I42_04_03.png,I42.png,1.37,0.482,04,03
5143,I42_04_04.png,I42.png,1.27,0.512,04,04
5144,I42_04_05.png,I42.png,1.2,0.4,04,05
5145,I42_05_01.png,I42.png,4.33,0.471,05,01
5146,I42_05_02.png,I42.png,3.1,0.907,05,02
5147,I42_05_03.png,I42.png,2.47,0.921,05,03
5148,I42_05_04.png,I42.png,2.03,1.031,05,04
5149,I42_05_05.png,I42.png,2.27,0.629,05,05
5150,I42_06_01.png,I42.png,3.83,0.934,06,01
5151,I42_06_02.png,I42.png,3.63,1.048,06,02
5152,I42_06_03.png,I42.png,2.87,0.884,06,03
5153,I42_06_04.png,I42.png,2.77,0.761,06,04
5154,I42_06_05.png,I42.png,2.13,0.718,06,05
5155,I42_07_01.png,I42.png,2.73,0.998,07,01
5156,I42_07_02.png,I42.png,2.4,0.952,07,02
5157,I42_07_03.png,I42.png,2.03,0.948,07,03
5158,I42_07_04.png,I42.png,2.13,0.991,07,04
5159,I42_07_05.png,I42.png,2.2,0.909,07,05
5160,I42_08_01.png,I42.png,4.7,0.458,08,01
5161,I42_08_02.png,I42.png,3.17,0.969,08,02
5162,I42_08_03.png,I42.png,2.63,0.912,08,03
5163,I42_08_04.png,I42.png,1.67,0.789,08,04
5164,I42_08_05.png,I42.png,1.47,0.562,08,05
5165,I42_09_01.png,I42.png,4.73,0.442,09,01
5166,I42_09_02.png,I42.png,4.23,0.761,09,02
5167,I42_09_03.png,I42.png,3.83,0.778,09,03
5168,I42_09_04.png,I42.png,2.39,0.79,09,04
5169,I42_09_05.png,I42.png,1.23,0.423,09,05
5170,I42_10_01.png,I42.png,4.3,0.586,10,01
5171,I42_10_02.png,I42.png,4.33,0.537,10,02
5172,I42_10_03.png,I42.png,3.8,0.792,10,03
5173,I42_10_04.png,I42.png,2.3,0.69,10,04
5174,I42_10_05.png,I42.png,1.43,0.496,10,05
5175,I42_11_01.png,I42.png,4.23,0.616,11,01
5176,I42_11_02.png,I42.png,3.6,0.757,11,02
5177,I42_11_03.png,I42.png,3.33,0.699,11,03
5178,I42_11_04.png,I42.png,3.0,0.816,11,04
5179,I42_11_05.png,I42.png,2.47,0.763,11,05
5180,I42_12_01.png,I42.png,4.73,0.512,12,01
5181,I42_12_02.png,I42.png,3.83,0.637,12,02
5182,I42_12_03.png,I42.png,3.37,0.912,12,03
5183,I42_12_04.png,I42.png,3.09,0.947,12,04
5184,I42_12_05.png,I42.png,2.7,0.823,12,05
5185,I42_13_01.png,I42.png,3.9,0.943,13,01
5186,I42_13_02.png,I42.png,3.17,0.86,13,02
5187,I42_13_03.png,I42.png,2.63,0.752,13,03
5188,I42_13_04.png,I42.png,2.43,0.667,13,04
5189,I42_13_05.png,I42.png,2.33,0.65,13,05
5190,I42_14_01.png,I42.png,4.37,0.706,14,01
5191,I42_14_02.png,I42.png,4.07,0.892,14,02
5192,I42_14_03.png,I42.png,3.23,0.761,14,03
5193,I42_14_04.png,I42.png,2.93,0.964,14,04
5194,I42_14_05.png,I42.png,2.33,0.65,14,05
5195,I42_15_01.png,I42.png,4.03,0.836,15,01
5196,I42_15_02.png,I42.png,3.23,0.803,15,02
5197,I42_15_03.png,I42.png,2.13,0.618,15,03
5198,I42_15_04.png,I42.png,2.0,0.816,15,04
5199,I42_15_05.png,I42.png,1.5,0.619,15,05
5200,I42_16_01.png,I42.png,4.53,0.67,16,01
5201,I42_16_02.png,I42.png,4.33,0.699,16,02
5202,I42_16_03.png,I42.png,3.7,0.69,16,03
5203,I42_16_04.png,I42.png,2.93,0.964,16,04
5204,I42_16_05.png,I42.png,1.9,0.7,16,05
5205,I42_17_01.png,I42.png,4.73,0.442,17,01
5206,I42_17_02.png,I42.png,4.53,0.562,17,02
5207,I42_17_03.png,I42.png,4.2,0.653,17,03
5208,I42_17_04.png,I42.png,3.66,0.643,17,04
5209,I42_17_05.png,I42.png,1.77,0.716,17,05
5210,I42_18_01.png,I42.png,4.5,0.5,18,01
5211,I42_18_02.png,I42.png,4.7,0.458,18,02
5212,I42_18_03.png,I42.png,4.77,0.423,18,03
5213,I42_18_04.png,I42.png,4.43,0.559,18,04
5214,I42_18_05.png,I42.png,3.93,0.772,18,05
5215,I42_19_01.png,I42.png,4.37,0.706,19,01
5216,I42_19_02.png,I42.png,4.5,0.619,19,02
5217,I42_19_03.png,I42.png,3.47,0.846,19,03
5218,I42_19_04.png,I42.png,1.97,0.752,19,04
5219,I42_19_05.png,I42.png,1.43,0.616,19,05
5220,I42_20_01.png,I42.png,4.37,0.795,20,01
5221,I42_20_02.png,I42.png,4.17,0.934,20,02
5222,I42_20_03.png,I42.png,3.3,1.269,20,03
5223,I42_20_04.png,I42.png,3.0,1.065,20,04
5224,I42_20_05.png,I42.png,2.5,1.176,20,05
5225,I42_21_01.png,I42.png,3.42,1.04,21,01
5226,I42_21_02.png,I42.png,3.06,0.966,21,02
5227,I42_21_03.png,I42.png,2.77,0.92,21,03
5228,I42_21_04.png,I42.png,2.67,0.745,21,04
5229,I42_21_05.png,I42.png,1.43,0.496,21,05
5230,I42_22_01.png,I42.png,4.7,0.64,22,01
5231,I42_22_02.png,I42.png,4.77,0.423,22,02
5232,I42_22_03.png,I42.png,4.61,0.704,22,03
5233,I42_22_04.png,I42.png,4.2,0.702,22,04
5234,I42_22_05.png,I42.png,4.0,0.916,22,05
5235,I42_23_01.png,I42.png,3.1,1.193,23,01
5236,I42_23_02.png,I42.png,2.37,0.795,23,02
5237,I42_23_03.png,I42.png,2.4,0.757,23,03
5238,I42_23_04.png,I42.png,2.55,1.102,23,04
5239,I42_23_05.png,I42.png,1.6,0.712,23,05
5240,I42_24_01.png,I42.png,3.23,1.116,24,01
5241,I42_24_02.png,I42.png,2.9,0.943,24,02
5242,I42_24_03.png,I42.png,2.3,0.781,24,03
5243,I42_24_04.png,I42.png,1.5,0.671,24,04
5244,I42_24_05.png,I42.png,1.47,0.562,24,05
5245,I42_25_01.png,I42.png,3.13,1.147,25,01
5246,I42_25_02.png,I42.png,3.87,0.846,25,02
5247,I42_25_03.png,I42.png,4.27,0.814,25,03
5248,I42_25_04.png,I42.png,4.3,0.586,25,04
5249,I42_25_05.png,I42.png,3.1,0.907,25,05
5250,I43_01_01.png,I43.png,4.8,0.4,01,01
5251,I43_01_02.png,I43.png,4.47,0.499,01,02
5252,I43_01_03.png,I43.png,3.67,0.745,01,03
5253,I43_01_04.png,I43.png,2.47,0.67,01,04
5254,I43_01_05.png,I43.png,1.6,0.49,01,05
5255,I43_02_01.png,I43.png,4.53,0.618,02,01
5256,I43_02_02.png,I43.png,3.2,0.792,02,02
5257,I43_02_03.png,I43.png,2.2,0.792,02,03
5258,I43_02_04.png,I43.png,1.9,0.746,02,04
5259,I43_02_05.png,I43.png,1.6,0.663,02,05
5260,I43_03_01.png,I43.png,4.7,0.458,03,01
5261,I43_03_02.png,I43.png,4.47,0.562,03,02
5262,I43_03_03.png,I43.png,3.53,0.846,03,03
5263,I43_03_04.png,I43.png,2.83,0.778,03,04
5264,I43_03_05.png,I43.png,2.3,0.862,03,05
5265,I43_04_01.png,I43.png,4.87,0.34,04,01
5266,I43_04_02.png,I43.png,2.83,1.098,04,02
5267,I43_04_03.png,I43.png,2.9,1.012,04,03
5268,I43_04_04.png,I43.png,2.97,1.048,04,04
5269,I43_04_05.png,I43.png,2.63,1.11,04,05
5270,I43_05_01.png,I43.png,4.33,0.596,05,01
5271,I43_05_02.png,I43.png,3.17,0.734,05,02
5272,I43_05_03.png,I43.png,1.97,0.547,05,03
5273,I43_05_04.png,I43.png,2.1,0.817,05,04
5274,I43_05_05.png,I43.png,1.84,0.954,05,05
5275,I43_06_01.png,I43.png,4.57,0.559,06,01
5276,I43_06_02.png,I43.png,4.61,0.605,06,02
5277,I43_06_03.png,I43.png,4.67,0.471,06,03
5278,I43_06_04.png,I43.png,3.93,1.062,06,04
5279,I43_06_05.png,I43.png,3.37,0.912,06,05
5280,I43_07_01.png,I43.png,3.1,0.746,07,01
5281,I43_07_02.png,I43.png,2.03,1.14,07,02
5282,I43_07_03.png,I43.png,2.1,1.193,07,03
5283,I43_07_04.png,I43.png,2.53,1.024,07,04
5284,I43_07_05.png,I43.png,1.87,0.846,07,05
5285,I43_08_01.png,I43.png,4.6,0.49,08,01
5286,I43_08_02.png,I43.png,3.7,0.586,08,02
5287,I43_08_03.png,I43.png,3.23,1.055,08,03
5288,I43_08_04.png,I43.png,2.7,1.005,08,04
5289,I43_08_05.png,I43.png,3.07,0.854,08,05
5290,I43_09_01.png,I43.png,4.87,0.34,09,01
5291,I43_09_02.png,I43.png,4.73,0.442,09,02
5292,I43_09_03.png,I43.png,4.37,0.605,09,03
5293,I43_09_04.png,I43.png,3.3,0.936,09,04
5294,I43_09_05.png,I43.png,1.53,0.562,09,05
5295,I43_10_01.png,I43.png,4.67,0.471,10,01
5296,I43_10_02.png,I43.png,4.6,0.49,10,02
5297,I43_10_03.png,I43.png,4.33,0.699,10,03
5298,I43_10_04.png,I43.png,2.07,0.854,10,04
5299,I43_10_05.png,I43.png,1.67,0.907,10,05
5300,I43_11_01.png,I43.png,3.87,0.884,11,01
5301,I43_11_02.png,I43.png,3.63,1.048,11,02
5302,I43_11_03.png,I43.png,3.53,0.921,11,03
5303,I43_11_04.png,I43.png,3.2,0.945,11,04
5304,I43_11_05.png,I43.png,2.7,0.971,11,05
5305,I43_12_01.png,I43.png,4.8,0.476,12,01
5306,I43_12_02.png,I43.png,3.73,0.727,12,02
5307,I43_12_03.png,I43.png,3.87,0.991,12,03
5308,I43_12_04.png,I43.png,2.9,0.79,12,04
5309,I43_12_05.png,I43.png,2.9,0.978,12,05
5310,I43_13_01.png,I43.png,3.4,1.052,13,01
5311,I43_13_02.png,I43.png,3.1,0.978,13,02
5312,I43_13_03.png,I43.png,2.6,0.879,13,03
5313,I43_13_04.png,I43.png,2.47,0.921,13,04
5314,I43_13_05.png,I43.png,2.3,0.526,13,05
5315,I43_14_01.png,I43.png,4.87,0.34,14,01
5316,I43_14_02.png,I43.png,4.5,0.619,14,02
5317,I43_14_03.png,I43.png,3.97,0.875,14,03
5318,I43_14_04.png,I43.png,3.03,0.983,14,04
5319,I43_14_05.png,I43.png,2.35,0.542,14,05
5320,I43_15_01.png,I43.png,3.63,0.875,15,01
5321,I43_15_02.png,I43.png,3.0,0.683,15,02
5322,I43_15_03.png,I43.png,2.13,0.67,15,03
5323,I43_15_04.png,I43.png,1.73,0.68,15,04
5324,I43_15_05.png,I43.png,1.7,0.586,15,05
5325,I43_16_01.png,I43.png,4.42,0.555,16,01
5326,I43_16_02.png,I43.png,3.97,0.752,16,02
5327,I43_16_03.png,I43.png,3.67,0.789,16,03
5328,I43_16_04.png,I43.png,2.3,0.9,16,04
5329,I43_16_05.png,I43.png,1.63,0.547,16,05
5330,I43_17_01.png,I43.png,4.47,0.67,17,01
5331,I43_17_02.png,I43.png,4.67,0.537,17,02
5332,I43_17_03.png,I43.png,4.4,0.554,17,03
5333,I43_17_04.png,I43.png,3.9,0.539,17,04
5334,I43_17_05.png,I43.png,3.2,1.013,17,05
5335,I43_18_01.png,I43.png,4.2,0.702,18,01
5336,I43_18_02.png,I43.png,4.6,0.49,18,02
5337,I43_18_03.png,I43.png,4.67,0.471,18,03
5338,I43_18_04.png,I43.png,4.5,0.563,18,04
5339,I43_18_05.png,I43.png,4.33,0.83,18,05
5340,I43_19_01.png,I43.png,4.67,0.471,19,01
5341,I43_19_02.png,I43.png,4.57,0.496,19,02
5342,I43_19_03.png,I43.png,3.97,0.706,19,03
5343,I43_19_04.png,I43.png,2.8,0.945,19,04
5344,I43_19_05.png,I43.png,1.9,0.746,19,05
5345,I43_20_01.png,I43.png,4.5,0.719,20,01
5346,I43_20_02.png,I43.png,4.53,0.763,20,02
5347,I43_20_03.png,I43.png,4.5,0.671,20,03
5348,I43_20_04.png,I43.png,4.07,1.062,20,04
5349,I43_20_05.png,I43.png,3.67,1.422,20,05
5350,I43_21_01.png,I43.png,4.57,0.667,21,01
5351,I43_21_02.png,I43.png,4.17,0.82,21,02
5352,I43_21_03.png,I43.png,4.03,0.983,21,03
5353,I43_21_04.png,I43.png,4.07,0.998,21,04
5354,I43_21_05.png,I43.png,2.13,1.087,21,05
5355,I43_22_01.png,I43.png,3.57,0.989,22,01
5356,I43_22_02.png,I43.png,3.47,0.846,22,02
5357,I43_22_03.png,I43.png,3.23,1.174,22,03
5358,I43_22_04.png,I43.png,3.07,1.209,22,04
5359,I43_22_05.png,I43.png,3.0,1.238,22,05
5360,I43_23_01.png,I43.png,2.43,0.92,23,01
5361,I43_23_02.png,I43.png,2.13,0.763,23,02
5362,I43_23_03.png,I43.png,2.53,0.884,23,03
5363,I43_23_04.png,I43.png,2.07,0.772,23,04
5364,I43_23_05.png,I43.png,2.33,1.075,23,05
5365,I43_24_01.png,I43.png,4.43,0.559,24,01
5366,I43_24_02.png,I43.png,3.73,1.062,24,02
5367,I43_24_03.png,I43.png,2.8,0.98,24,03
5368,I43_24_04.png,I43.png,2.23,0.761,24,04
5369,I43_24_05.png,I43.png,1.81,0.78,24,05
5370,I43_25_01.png,I43.png,3.8,0.872,25,01
5371,I43_25_02.png,I43.png,4.2,0.653,25,02
5372,I43_25_03.png,I43.png,4.53,0.562,25,03
5373,I43_25_04.png,I43.png,4.13,0.884,25,04
5374,I43_25_05.png,I43.png,3.1,0.943,25,05
5375,I44_01_01.png,I44.png,4.43,0.716,01,01
5376,I44_01_02.png,I44.png,4.07,0.814,01,02
5377,I44_01_03.png,I44.png,3.63,0.752,01,03
5378,I44_01_04.png,I44.png,1.87,0.618,01,04
5379,I44_01_05.png,I44.png,1.13,0.34,01,05
5380,I44_02_01.png,I44.png,4.33,0.65,02,01
5381,I44_02_02.png,I44.png,2.93,0.892,02,02
5382,I44_02_03.png,I44.png,1.67,0.65,02,03
5383,I44_02_04.png,I44.png,1.3,0.458,02,04
5384,I44_02_05.png,I44.png,1.13,0.34,02,05
5385,I44_03_01.png,I44.png,4.47,0.763,03,01
5386,I44_03_02.png,I44.png,4.47,0.558,03,02
5387,I44_03_03.png,I44.png,3.37,0.875,03,03
5388,I44_03_04.png,I44.png,2.0,0.577,03,04
5389,I44_03_05.png,I44.png,1.57,0.667,03,05
5390,I44_04_01.png,I44.png,4.57,0.559,04,01
5391,I44_04_02.png,I44.png,2.2,1.046,04,02
5392,I44_04_03.png,I44.png,1.43,0.559,04,03
5393,I44_04_04.png,I44.png,1.48,0.666,04,04
5394,I44_04_05.png,I44.png,1.17,0.453,04,05
5395,I44_05_01.png,I44.png,4.73,0.442,05,01
5396,I44_05_02.png,I44.png,2.52,1.012,05,02
5397,I44_05_03.png,I44.png,1.93,0.68,05,03
5398,I44_05_04.png,I44.png,1.53,0.67,05,04
5399,I44_05_05.png,I44.png,1.37,0.605,05,05
5400,I44_06_01.png,I44.png,4.23,0.92,06,01
5401,I44_06_02.png,I44.png,4.2,0.833,06,02
5402,I44_06_03.png,I44.png,3.9,0.87,06,03
5403,I44_06_04.png,I44.png,3.87,1.118,06,04
5404,I44_06_05.png,I44.png,2.93,0.998,06,05
5405,I44_07_01.png,I44.png,2.57,1.055,07,01
5406,I44_07_02.png,I44.png,1.9,0.831,07,02
5407,I44_07_03.png,I44.png,1.94,1.045,07,03
5408,I44_07_04.png,I44.png,2.13,0.884,07,04
5409,I44_07_05.png,I44.png,2.0,0.966,07,05
5410,I44_08_01.png,I44.png,4.6,0.554,08,01
5411,I44_08_02.png,I44.png,3.23,1.055,08,02
5412,I44_08_03.png,I44.png,2.2,0.872,08,03
5413,I44_08_04.png,I44.png,1.37,0.547,08,04
5414,I44_08_05.png,I44.png,1.27,0.512,08,05
5415,I44_09_01.png,I44.png,4.73,0.442,09,01
5416,I44_09_02.png,I44.png,4.57,0.616,09,02
5417,I44_09_03.png,I44.png,4.4,0.49,09,03
5418,I44_09_04.png,I44.png,3.1,0.907,09,04
5419,I44_09_05.png,I44.png,1.33,0.537,09,05
5420,I44_10_01.png,I44.png,4.53,0.499,10,01
5421,I44_10_02.png,I44.png,4.4,0.712,10,02
5422,I44_10_03.png,I44.png,3.87,0.846,10,03
5423,I44_10_04.png,I44.png,2.33,1.164,10,04
5424,I44_10_05.png,I44.png,1.37,0.547,10,05
5425,I44_11_01.png,I44.png,4.07,0.772,11,01
5426,I44_11_02.png,I44.png,3.57,0.803,11,02
5427,I44_11_03.png,I44.png,3.2,0.909,11,03
5428,I44_11_04.png,I44.png,2.77,0.989,11,04
5429,I44_11_05.png,I44.png,2.33,0.65,11,05
5430,I44_12_01.png,I44.png,4.37,0.605,12,01
5431,I44_12_02.png,I44.png,4.03,0.657,12,02
5432,I44_12_03.png,I44.png,3.27,0.929,12,03
5433,I44_12_04.png,I44.png,2.84,0.905,12,04
5434,I44_12_05.png,I44.png,2.23,0.761,12,05
5435,I44_13_01.png,I44.png,3.7,0.862,13,01
5436,I44_13_02.png,I44.png,3.0,0.816,13,02
5437,I44_13_03.png,I44.png,2.53,0.718,13,03
5438,I44_13_04.png,I44.png,2.47,0.67,13,04
5439,I44_13_05.png,I44.png,2.3,0.862,13,05
5440,I44_14_01.png,I44.png,4.4,0.554,14,01
5441,I44_14_02.png,I44.png,3.87,0.718,14,02
5442,I44_14_03.png,I44.png,3.07,0.772,14,03
5443,I44_14_04.png,I44.png,2.8,0.872,14,04
5444,I44_14_05.png,I44.png,2.27,0.772,14,05
5445,I44_15_01.png,I44.png,3.77,0.955,15,01
5446,I44_15_02.png,I44.png,2.97,0.875,15,02
5447,I44_15_03.png,I44.png,2.23,0.716,15,03
5448,I44_15_04.png,I44.png,1.63,0.547,15,04
5449,I44_15_05.png,I44.png,1.2,0.4,15,05
5450,I44_16_01.png,I44.png,4.23,0.496,16,01
5451,I44_16_02.png,I44.png,4.13,0.562,16,02
5452,I44_16_03.png,I44.png,3.47,0.884,16,03
5453,I44_16_04.png,I44.png,2.3,0.936,16,04
5454,I44_16_05.png,I44.png,1.47,0.618,16,05
5455,I44_17_01.png,I44.png,4.6,0.49,17,01
5456,I44_17_02.png,I44.png,4.5,0.5,17,02
5457,I44_17_03.png,I44.png,3.9,0.831,17,03
5458,I44_17_04.png,I44.png,3.57,0.92,17,04
5459,I44_17_05.png,I44.png,1.7,0.69,17,05
5460,I44_18_01.png,I44.png,4.03,0.547,18,01
5461,I44_18_02.png,I44.png,4.43,0.616,18,02
5462,I44_18_03.png,I44.png,4.4,0.712,18,03
5463,I44_18_04.png,I44.png,4.26,0.506,18,04
5464,I44_18_05.png,I44.png,3.67,0.699,18,05
5465,I44_19_01.png,I44.png,4.47,0.618,19,01
5466,I44_19_02.png,I44.png,4.23,0.559,19,02
5467,I44_19_03.png,I44.png,3.8,0.702,19,03
5468,I44_19_04.png,I44.png,2.2,0.792,19,04
5469,I44_19_05.png,I44.png,1.43,0.559,19,05
5470,I44_20_01.png,I44.png,4.23,0.803,20,01
5471,I44_20_02.png,I44.png,3.67,1.135,20,02
5472,I44_20_03.png,I44.png,4.2,0.872,20,03
5473,I44_20_04.png,I44.png,3.53,1.087,20,04
5474,I44_20_05.png,I44.png,3.27,1.263,20,05
5475,I44_21_01.png,I44.png,4.07,0.814,21,01
5476,I44_21_02.png,I44.png,3.13,0.991,21,02
5477,I44_21_03.png,I44.png,3.03,1.14,21,03
5478,I44_21_04.png,I44.png,3.52,0.946,21,04
5479,I44_21_05.png,I44.png,1.43,0.559,21,05
5480,I44_22_01.png,I44.png,4.53,0.618,22,01
5481,I44_22_02.png,I44.png,4.33,0.65,22,02
5482,I44_22_03.png,I44.png,4.2,0.6,22,03
5483,I44_22_04.png,I44.png,3.22,0.992,22,04
5484,I44_22_05.png,I44.png,2.33,0.943,22,05
5485,I44_23_01.png,I44.png,2.73,0.814,23,01
5486,I44_23_02.png,I44.png,2.57,1.116,23,02
5487,I44_23_03.png,I44.png,2.23,0.955,23,03
5488,I44_23_04.png,I44.png,1.97,0.912,23,04
5489,I44_23_05.png,I44.png,1.97,0.795,23,05
5490,I44_24_01.png,I44.png,3.6,0.879,24,01
5491,I44_24_02.png,I44.png,2.45,0.836,24,02
5492,I44_24_03.png,I44.png,2.0,0.816,24,03
5493,I44_24_04.png,I44.png,1.73,0.772,24,04
5494,I44_24_05.png,I44.png,1.2,0.476,24,05
5495,I44_25_01.png,I44.png,3.17,1.035,25,01
5496,I44_25_02.png,I44.png,3.57,0.803,25,02
5497,I44_25_03.png,I44.png,4.17,0.687,25,03
5498,I44_25_04.png,I44.png,3.4,0.841,25,04
5499,I44_25_05.png,I44.png,2.97,0.795,25,05
5500,I45_01_01.png,I45.png,4.57,0.496,01,01
5501,I45_01_02.png,I45.png,4.3,0.69,01,02
5502,I45_01_03.png,I45.png,2.63,0.795,01,03
5503,I45_01_04.png,I45.png,1.45,0.498,01,04
5504,I45_01_05.png,I45.png,1.23,0.423,01,05
5505,I45_02_01.png,I45.png,3.63,0.836,02,01
5506,I45_02_02.png,I45.png,2.13,0.696,02,02
5507,I45_02_03.png,I45.png,1.5,0.671,02,03
5508,I45_02_04.png,I45.png,1.4,0.49,02,04
5509,I45_02_05.png,I45.png,1.17,0.373,02,05
5510,I45_03_01.png,I45.png,4.6,0.49,03,01
5511,I45_03_02.png,I45.png,3.8,0.872,03,02
5512,I45_03_03.png,I45.png,2.53,0.884,03,03
5513,I45_03_04.png,I45.png,1.9,0.597,03,04
5514,I45_03_05.png,I45.png,1.6,0.611,03,05
5515,I45_04_01.png,I45.png,4.7,0.526,04,01
5516,I45_04_02.png,I45.png,2.8,1.013,04,02
5517,I45_04_03.png,I45.png,1.5,0.806,04,03
5518,I45_04_04.png,I45.png,1.6,0.712,04,04
5519,I45_04_05.png,I45.png,1.3,0.458,04,05
5520,I45_05_01.png,I45.png,3.8,0.792,05,01
5521,I45_05_02.png,I45.png,2.69,0.95,05,02
5522,I45_05_03.png,I45.png,1.63,0.547,05,03
5523,I45_05_04.png,I45.png,1.53,0.562,05,04
5524,I45_05_05.png,I45.png,1.63,0.706,05,05
5525,I45_06_01.png,I45.png,3.33,1.164,06,01
5526,I45_06_02.png,I45.png,3.0,1.155,06,02
5527,I45_06_03.png,I45.png,2.5,0.922,06,03
5528,I45_06_04.png,I45.png,2.47,0.991,06,04
5529,I45_06_05.png,I45.png,1.53,0.718,06,05
5530,I45_07_01.png,I45.png,2.93,0.998,07,01
5531,I45_07_02.png,I45.png,2.67,0.978,07,02
5532,I45_07_03.png,I45.png,2.3,1.069,07,03
5533,I45_07_04.png,I45.png,2.57,1.116,07,04
5534,I45_07_05.png,I45.png,1.93,0.892,07,05
5535,I45_08_01.png,I45.png,4.53,0.562,08,01
5536,I45_08_02.png,I45.png,3.4,0.952,08,02
5537,I45_08_03.png,I45.png,2.63,1.08,08,03
5538,I45_08_04.png,I45.png,1.37,0.547,08,04
5539,I45_08_05.png,I45.png,1.3,0.458,08,05
5540,I45_09_01.png,I45.png,4.5,0.5,09,01
5541,I45_09_02.png,I45.png,4.47,0.499,09,02
5542,I45_09_03.png,I45.png,3.23,0.989,09,03
5543,I45_09_04.png,I45.png,2.03,0.605,09,04
5544,I45_09_05.png,I45.png,1.13,0.34,09,05
5545,I45_10_01.png,I45.png,4.1,0.7,10,01
5546,I45_10_02.png,I45.png,4.06,0.759,10,02
5547,I45_10_03.png,I45.png,3.58,1.009,10,03
5548,I45_10_04.png,I45.png,1.53,0.562,10,04
5549,I45_10_05.png,I45.png,1.13,0.34,10,05
5550,I45_11_01.png,I45.png,3.97,0.657,11,01
5551,I45_11_02.png,I45.png,3.17,0.82,11,02
5552,I45_11_03.png,I45.png,2.67,0.978,11,03
5553,I45_11_04.png,I45.png,2.4,0.8,11,04
5554,I45_11_05.png,I45.png,2.33,0.699,11,05
5555,I45_12_01.png,I45.png,4.47,0.618,12,01
5556,I45_12_02.png,I45.png,3.43,0.883,12,02
5557,I45_12_03.png,I45.png,2.94,0.716,12,03
5558,I45_12_04.png,I45.png,2.27,0.629,12,04
5559,I45_12_05.png,I45.png,2.23,0.844,12,05
5560,I45_13_01.png,I45.png,3.37,0.836,13,01
5561,I45_13_02.png,I45.png,2.8,0.792,13,02
5562,I45_13_03.png,I45.png,2.71,0.727,13,03
5563,I45_13_04.png,I45.png,2.37,0.752,13,04
5564,I45_13_05.png,I45.png,2.03,0.605,13,05
5565,I45_14_01.png,I45.png,4.27,0.727,14,01
5566,I45_14_02.png,I45.png,3.23,0.883,14,02
5567,I45_14_03.png,I45.png,2.77,0.803,14,03
5568,I45_14_04.png,I45.png,2.3,0.64,14,04
5569,I45_14_05.png,I45.png,1.73,0.442,14,05
5570,I45_15_01.png,I45.png,3.6,0.757,15,01
5571,I45_15_02.png,I45.png,2.27,0.727,15,02
5572,I45_15_03.png,I45.png,1.63,0.605,15,03
5573,I45_15_04.png,I45.png,1.47,0.499,15,04
5574,I45_15_05.png,I45.png,1.3,0.458,15,05
5575,I45_16_01.png,I45.png,4.63,0.547,16,01
5576,I45_16_02.png,I45.png,4.4,0.611,16,02
5577,I45_16_03.png,I45.png,3.7,0.781,16,03
5578,I45_16_04.png,I45.png,2.3,0.64,16,04
5579,I45_16_05.png,I45.png,1.47,0.618,16,05
5580,I45_17_01.png,I45.png,4.67,0.537,17,01
5581,I45_17_02.png,I45.png,4.63,0.547,17,02
5582,I45_17_03.png,I45.png,4.17,0.778,17,03
5583,I45_17_04.png,I45.png,3.97,0.657,17,04
5584,I45_17_05.png,I45.png,2.87,0.884,17,05
5585,I45_18_01.png,I45.png,4.3,0.69,18,01
5586,I45_18_02.png,I45.png,4.43,0.883,18,02
5587,I45_18_03.png,I45.png,4.53,0.562,18,03
5588,I45_18_04.png,I45.png,4.43,0.559,18,04
5589,I45_18_05.png,I45.png,4.03,0.605,18,05
5590,I45_19_01.png,I45.png,4.4,0.757,19,01
5591,I45_19_02.png,I45.png,4.3,0.64,19,02
5592,I45_19_03.png,I45.png,2.9,0.943,19,03
5593,I45_19_04.png,I45.png,1.57,0.496,19,04
5594,I45_19_05.png,I45.png,1.4,0.49,19,05
5595,I45_20_01.png,I45.png,4.27,0.854,20,01
5596,I45_20_02.png,I45.png,3.27,1.289,20,02
5597,I45_20_03.png,I45.png,2.67,1.374,20,03
5598,I45_20_04.png,I45.png,3.13,1.147,20,04
5599,I45_20_05.png,I45.png,2.07,1.062,20,05
5600,I45_21_01.png,I45.png,3.77,1.116,21,01
5601,I45_21_02.png,I45.png,2.43,0.883,21,02
5602,I45_21_03.png,I45.png,2.6,0.987,21,03
5603,I45_21_04.png,I45.png,2.4,0.8,21,04
5604,I45_21_05.png,I45.png,1.23,0.423,21,05
5605,I45_22_01.png,I45.png,4.23,0.658,22,01
5606,I45_22_02.png,I45.png,4.1,0.831,22,02
5607,I45_22_03.png,I45.png,3.73,1.031,22,03
5608,I45_22_04.png,I45.png,3.3,0.971,22,04
5609,I45_22_05.png,I45.png,2.47,0.957,22,05
5610,I45_23_01.png,I45.png,4.03,0.875,23,01
5611,I45_23_02.png,I45.png,2.77,0.989,23,02
5612,I45_23_03.png,I45.png,2.4,1.02,23,03
5613,I45_23_04.png,I45.png,1.97,0.948,23,04
5614,I45_23_05.png,I45.png,1.97,0.836,23,05
5615,I45_24_01.png,I45.png,3.4,0.879,24,01
5616,I45_24_02.png,I45.png,2.53,0.806,24,02
5617,I45_24_03.png,I45.png,2.1,0.7,24,03
5618,I45_24_04.png,I45.png,1.53,0.562,24,04
5619,I45_24_05.png,I45.png,1.37,0.547,24,05
5620,I45_25_01.png,I45.png,3.4,0.841,25,01
5621,I45_25_02.png,I45.png,3.8,0.792,25,02
5622,I45_25_03.png,I45.png,4.27,0.68,25,03
5623,I45_25_04.png,I45.png,4.27,0.512,25,04
5624,I45_25_05.png,I45.png,3.2,0.872,25,05
5625,I46_01_01.png,I46.png,4.65,0.65,01,01
5626,I46_01_02.png,I46.png,4.33,0.537,01,02
5627,I46_01_03.png,I46.png,2.97,0.875,01,03
5628,I46_01_04.png,I46.png,1.63,0.706,01,04
5629,I46_01_05.png,I46.png,1.17,0.373,01,05
5630,I46_02_01.png,I46.png,4.03,0.706,02,01
5631,I46_02_02.png,I46.png,2.5,0.847,02,02
5632,I46_02_03.png,I46.png,1.73,0.68,02,03
5633,I46_02_04.png,I46.png,1.33,0.471,02,04
5634,I46_02_05.png,I46.png,1.2,0.4,02,05
5635,I46_03_01.png,I46.png,4.67,0.471,03,01
5636,I46_03_02.png,I46.png,4.1,0.651,03,02
5637,I46_03_03.png,I46.png,3.3,1.038,03,03
5638,I46_03_04.png,I46.png,2.0,0.683,03,04
5639,I46_03_05.png,I46.png,1.53,0.618,03,05
5640,I46_04_01.png,I46.png,4.53,0.67,04,01
5641,I46_04_02.png,I46.png,2.47,0.846,04,02
5642,I46_04_03.png,I46.png,1.73,0.854,04,03
5643,I46_04_04.png,I46.png,1.45,0.664,04,04
5644,I46_04_05.png,I46.png,1.5,0.719,04,05
5645,I46_05_01.png,I46.png,4.53,0.846,05,01
5646,I46_05_02.png,I46.png,2.8,0.909,05,02
5647,I46_05_03.png,I46.png,2.37,0.795,05,03
5648,I46_05_04.png,I46.png,2.43,1.055,05,04
5649,I46_05_05.png,I46.png,2.67,1.011,05,05
5650,I46_06_01.png,I46.png,4.07,0.854,06,01
5651,I46_06_02.png,I46.png,3.9,0.79,06,02
5652,I46_06_03.png,I46.png,3.67,0.745,06,03
5653,I46_06_04.png,I46.png,3.1,0.831,06,04
5654,I46_06_05.png,I46.png,2.37,0.657,06,05
5655,I46_07_01.png,I46.png,2.35,1.123,07,01
5656,I46_07_02.png,I46.png,2.57,1.055,07,02
5657,I46_07_03.png,I46.png,2.13,1.176,07,03
5658,I46_07_04.png,I46.png,1.7,0.823,07,04
5659,I46_07_05.png,I46.png,1.63,0.875,07,05
5660,I46_08_01.png,I46.png,4.6,0.712,08,01
5661,I46_08_02.png,I46.png,3.33,0.83,08,02
5662,I46_08_03.png,I46.png,2.47,0.991,08,03
5663,I46_08_04.png,I46.png,1.37,0.482,08,04
5664,I46_08_05.png,I46.png,1.3,0.458,08,05
5665,I46_09_01.png,I46.png,4.53,0.499,09,01
5666,I46_09_02.png,I46.png,4.1,0.79,09,02
5667,I46_09_03.png,I46.png,3.67,0.943,09,03
5668,I46_09_04.png,I46.png,1.97,0.657,09,04
5669,I46_09_05.png,I46.png,1.17,0.373,09,05
5670,I46_10_01.png,I46.png,4.67,0.537,10,01
5671,I46_10_02.png,I46.png,4.43,0.559,10,02
5672,I46_10_03.png,I46.png,4.13,1.024,10,03
5673,I46_10_04.png,I46.png,2.03,0.752,10,04
5674,I46_10_05.png,I46.png,1.4,0.49,10,05
5675,I46_11_01.png,I46.png,4.23,0.803,11,01
5676,I46_11_02.png,I46.png,3.8,0.748,11,02
5677,I46_11_03.png,I46.png,3.6,0.8,11,03
5678,I46_11_04.png,I46.png,3.03,0.795,11,04
5679,I46_11_05.png,I46.png,2.3,0.69,11,05
5680,I46_12_01.png,I46.png,4.63,0.547,12,01
5681,I46_12_02.png,I46.png,4.17,0.86,12,02
5682,I46_12_03.png,I46.png,3.7,0.64,12,03
5683,I46_12_04.png,I46.png,3.13,0.718,12,04
5684,I46_12_05.png,I46.png,2.77,0.883,12,05
5685,I46_13_01.png,I46.png,4.4,0.757,13,01
5686,I46_13_02.png,I46.png,3.6,1.143,13,02
5687,I46_13_03.png,I46.png,3.37,0.912,13,03
5688,I46_13_04.png,I46.png,2.73,0.629,13,04
5689,I46_13_05.png,I46.png,2.3,0.823,13,05
5690,I46_14_01.png,I46.png,4.53,0.67,14,01
5691,I46_14_02.png,I46.png,3.77,0.844,14,02
5692,I46_14_03.png,I46.png,3.07,0.998,14,03
5693,I46_14_04.png,I46.png,2.5,0.719,14,04
5694,I46_14_05.png,I46.png,1.87,0.806,14,05
5695,I46_15_01.png,I46.png,4.23,0.667,15,01
5696,I46_15_02.png,I46.png,3.3,0.737,15,02
5697,I46_15_03.png,I46.png,2.8,0.833,15,03
5698,I46_15_04.png,I46.png,1.72,0.514,15,04
5699,I46_15_05.png,I46.png,1.3,0.458,15,05
5700,I46_16_01.png,I46.png,4.63,0.482,16,01
5701,I46_16_02.png,I46.png,4.4,0.554,16,02
5702,I46_16_03.png,I46.png,3.67,0.978,16,03
5703,I46_16_04.png,I46.png,2.43,0.92,16,04
5704,I46_16_05.png,I46.png,1.67,0.745,16,05
5705,I46_17_01.png,I46.png,4.67,0.471,17,01
5706,I46_17_02.png,I46.png,4.63,0.482,17,02
5707,I46_17_03.png,I46.png,4.27,0.727,17,03
5708,I46_17_04.png,I46.png,3.6,0.879,17,04
5709,I46_17_05.png,I46.png,2.33,0.83,17,05
5710,I46_18_01.png,I46.png,3.97,0.752,18,01
5711,I46_18_02.png,I46.png,4.57,0.667,18,02
5712,I46_18_03.png,I46.png,4.73,0.573,18,03
5713,I46_18_04.png,I46.png,4.67,0.471,18,04
5714,I46_18_05.png,I46.png,3.97,0.912,18,05
5715,I46_19_01.png,I46.png,4.53,0.499,19,01
5716,I46_19_02.png,I46.png,4.1,0.7,19,02
5717,I46_19_03.png,I46.png,3.33,0.699,19,03
5718,I46_19_04.png,I46.png,1.87,0.618,19,04
5719,I46_19_05.png,I46.png,1.33,0.471,19,05
5720,I46_20_01.png,I46.png,4.6,0.663,20,01
5721,I46_20_02.png,I46.png,4.5,0.563,20,02
5722,I46_20_03.png,I46.png,4.43,0.92,20,03
5723,I46_20_04.png,I46.png,4.23,0.761,20,04
5724,I46_20_05.png,I46.png,4.37,0.795,20,05
5725,I46_21_01.png,I46.png,3.7,1.038,21,01
5726,I46_21_02.png,I46.png,2.9,0.978,21,02
5727,I46_21_03.png,I46.png,2.43,0.955,21,03
5728,I46_21_04.png,I46.png,2.47,0.846,21,04
5729,I46_21_05.png,I46.png,1.6,0.757,21,05
5730,I46_22_01.png,I46.png,4.57,0.496,22,01
5731,I46_22_02.png,I46.png,4.67,0.537,22,02
5732,I46_22_03.png,I46.png,4.43,0.616,22,03
5733,I46_22_04.png,I46.png,4.5,0.847,22,04
5734,I46_22_05.png,I46.png,3.93,1.093,22,05
5735,I46_23_01.png,I46.png,2.83,1.241,23,01
5736,I46_23_02.png,I46.png,2.57,1.202,23,02
5737,I46_23_03.png,I46.png,2.1,0.79,23,03
5738,I46_23_04.png,I46.png,2.17,0.86,23,04
5739,I46_23_05.png,I46.png,1.87,0.763,23,05
5740,I46_24_01.png,I46.png,3.1,1.012,24,01
5741,I46_24_02.png,I46.png,2.33,0.869,24,02
5742,I46_24_03.png,I46.png,1.9,0.87,24,03
5743,I46_24_04.png,I46.png,1.43,0.667,24,04
5744,I46_24_05.png,I46.png,1.3,0.526,24,05
5745,I46_25_01.png,I46.png,3.53,0.957,25,01
5746,I46_25_02.png,I46.png,4.23,0.559,25,02
5747,I46_25_03.png,I46.png,4.57,0.496,25,03
5748,I46_25_04.png,I46.png,4.33,0.789,25,04
5749,I46_25_05.png,I46.png,3.47,0.991,25,05
5750,I47_01_01.png,I47.png,4.5,0.847,01,01
5751,I47_01_02.png,I47.png,4.27,0.727,01,02
5752,I47_01_03.png,I47.png,3.13,0.806,01,03
5753,I47_01_04.png,I47.png,2.07,0.629,01,04
5754,I47_01_05.png,I47.png,1.47,0.499,01,05
5755,I47_02_01.png,I47.png,4.27,0.727,02,01
5756,I47_02_02.png,I47.png,3.13,0.921,02,02
5757,I47_02_03.png,I47.png,2.33,0.699,02,03
5758,I47_02_04.png,I47.png,1.5,0.619,02,04
5759,I47_02_05.png,I47.png,1.37,0.482,02,05
5760,I47_03_01.png,I47.png,4.63,0.547,03,01
5761,I47_03_02.png,I47.png,4.27,0.68,03,02
5762,I47_03_03.png,I47.png,3.17,0.898,03,03
5763,I47_03_04.png,I47.png,2.4,0.712,03,04
5764,I47_03_05.png,I47.png,1.7,0.586,03,05
5765,I47_04_01.png,I47.png,4.67,0.537,04,01
5766,I47_04_02.png,I47.png,2.57,0.989,04,02
5767,I47_04_03.png,I47.png,1.6,0.554,04,03
5768,I47_04_04.png,I47.png,1.23,0.496,04,04
5769,I47_04_05.png,I47.png,1.2,0.4,04,05
5770,I47_05_01.png,I47.png,4.47,0.718,05,01
5771,I47_05_02.png,I47.png,2.47,0.957,05,02
5772,I47_05_03.png,I47.png,1.93,0.892,05,03
5773,I47_05_04.png,I47.png,1.68,0.778,05,04
5774,I47_05_05.png,I47.png,1.63,0.795,05,05
5775,I47_06_01.png,I47.png,3.83,0.934,06,01
5776,I47_06_02.png,I47.png,3.4,1.172,06,02
5777,I47_06_03.png,I47.png,3.13,0.957,06,03
5778,I47_06_04.png,I47.png,3.0,1.033,06,04
5779,I47_06_05.png,I47.png,2.33,0.907,06,05
5780,I47_07_01.png,I47.png,2.47,1.056,07,01
5781,I47_07_02.png,I47.png,2.0,1.155,07,02
5782,I47_07_03.png,I47.png,1.93,1.031,07,03
5783,I47_07_04.png,I47.png,2.27,1.236,07,04
5784,I47_07_05.png,I47.png,1.73,0.892,07,05
5785,I47_08_01.png,I47.png,4.6,0.663,08,01
5786,I47_08_02.png,I47.png,3.23,0.844,08,02
5787,I47_08_03.png,I47.png,2.53,0.991,08,03
5788,I47_08_04.png,I47.png,1.23,0.423,08,04
5789,I47_08_05.png,I47.png,1.03,0.18,08,05
5790,I47_09_01.png,I47.png,4.67,0.537,09,01
5791,I47_09_02.png,I47.png,4.2,0.909,09,02
5792,I47_09_03.png,I47.png,4.4,0.757,09,03
5793,I47_09_04.png,I47.png,3.13,1.147,09,04
5794,I47_09_05.png,I47.png,1.47,0.499,09,05
5795,I47_10_01.png,I47.png,4.37,0.752,10,01
5796,I47_10_02.png,I47.png,4.3,0.862,10,02
5797,I47_10_03.png,I47.png,3.87,0.806,10,03
5798,I47_10_04.png,I47.png,1.93,0.68,10,04
5799,I47_10_05.png,I47.png,1.3,0.458,10,05
5800,I47_11_01.png,I47.png,3.9,0.907,11,01
5801,I47_11_02.png,I47.png,3.5,0.957,11,02
5802,I47_11_03.png,I47.png,3.17,1.128,11,03
5803,I47_11_04.png,I47.png,2.63,0.912,11,04
5804,I47_11_05.png,I47.png,2.1,0.597,11,05
5805,I47_12_01.png,I47.png,4.73,0.442,12,01
5806,I47_12_02.png,I47.png,3.73,0.929,12,02
5807,I47_12_03.png,I47.png,3.17,0.934,12,03
5808,I47_12_04.png,I47.png,2.67,0.745,12,04
5809,I47_12_05.png,I47.png,2.39,0.748,12,05
5810,I47_13_01.png,I47.png,3.67,1.011,13,01
5811,I47_13_02.png,I47.png,2.8,0.872,13,02
5812,I47_13_03.png,I47.png,2.47,0.846,13,03
5813,I47_13_04.png,I47.png,2.1,0.831,13,04
5814,I47_13_05.png,I47.png,1.83,0.582,13,05
5815,I47_14_01.png,I47.png,4.83,0.373,14,01
5816,I47_14_02.png,I47.png,3.73,0.998,14,02
5817,I47_14_03.png,I47.png,2.7,0.862,14,03
5818,I47_14_04.png,I47.png,2.7,0.862,14,04
5819,I47_14_05.png,I47.png,1.87,0.562,14,05
5820,I47_15_01.png,I47.png,3.73,0.854,15,01
5821,I47_15_02.png,I47.png,2.77,1.055,15,02
5822,I47_15_03.png,I47.png,2.13,0.921,15,03
5823,I47_15_04.png,I47.png,1.6,0.611,15,04
5824,I47_15_05.png,I47.png,1.23,0.423,15,05
5825,I47_16_01.png,I47.png,4.65,0.542,16,01
5826,I47_16_02.png,I47.png,4.53,0.718,16,02
5827,I47_16_03.png,I47.png,3.73,0.814,16,03
5828,I47_16_04.png,I47.png,2.17,0.898,16,04
5829,I47_16_05.png,I47.png,1.9,0.87,16,05
5830,I47_17_01.png,I47.png,4.67,0.471,17,01
5831,I47_17_02.png,I47.png,4.4,0.8,17,02
5832,I47_17_03.png,I47.png,4.3,0.69,17,03
5833,I47_17_04.png,I47.png,3.8,0.833,17,04
5834,I47_17_05.png,I47.png,2.57,0.883,17,05
5835,I47_18_01.png,I47.png,4.53,0.67,18,01
5836,I47_18_02.png,I47.png,4.53,0.806,18,02
5837,I47_18_03.png,I47.png,4.63,0.547,18,03
5838,I47_18_04.png,I47.png,4.5,0.671,18,04
5839,I47_18_05.png,I47.png,4.3,0.458,18,05
5840,I47_19_01.png,I47.png,4.53,0.562,19,01
5841,I47_19_02.png,I47.png,4.33,0.65,19,02
5842,I47_19_03.png,I47.png,3.2,0.872,19,03
5843,I47_19_04.png,I47.png,1.97,0.706,19,04
5844,I47_19_05.png,I47.png,1.27,0.512,19,05
5845,I47_20_01.png,I47.png,4.43,0.761,20,01
5846,I47_20_02.png,I47.png,3.81,0.997,20,02
5847,I47_20_03.png,I47.png,3.43,1.283,20,03
5848,I47_20_04.png,I47.png,3.57,1.116,20,04
5849,I47_20_05.png,I47.png,3.07,1.209,20,05
5850,I47_21_01.png,I47.png,3.8,1.013,21,01
5851,I47_21_02.png,I47.png,2.97,1.048,21,02
5852,I47_21_03.png,I47.png,3.53,1.118,21,03
5853,I47_21_04.png,I47.png,2.93,0.998,21,04
5854,I47_21_05.png,I47.png,1.83,0.734,21,05
5855,I47_22_01.png,I47.png,4.17,0.778,22,01
5856,I47_22_02.png,I47.png,4.39,0.868,22,02
5857,I47_22_03.png,I47.png,3.63,1.11,22,03
5858,I47_22_04.png,I47.png,3.43,1.283,22,04
5859,I47_22_05.png,I47.png,2.37,1.169,22,05
5860,I47_23_01.png,I47.png,2.47,0.991,23,01
5861,I47_23_02.png,I47.png,2.1,0.907,23,02
5862,I47_23_03.png,I47.png,2.47,0.957,23,03
5863,I47_23_04.png,I47.png,1.8,0.476,23,04
5864,I47_23_05.png,I47.png,1.8,0.702,23,05
5865,I47_24_01.png,I47.png,4.0,0.632,24,01
5866,I47_24_02.png,I47.png,2.83,1.003,24,02
5867,I47_24_03.png,I47.png,2.6,0.757,24,03
5868,I47_24_04.png,I47.png,1.5,0.671,24,04
5869,I47_24_05.png,I47.png,1.3,0.458,24,05
5870,I47_25_01.png,I47.png,3.63,0.836,25,01
5871,I47_25_02.png,I47.png,4.13,0.499,25,02
5872,I47_25_03.png,I47.png,4.6,0.49,25,03
5873,I47_25_04.png,I47.png,4.2,0.476,25,04
5874,I47_25_05.png,I47.png,2.97,0.983,25,05
5875,I48_01_01.png,I48.png,4.53,0.718,01,01
5876,I48_01_02.png,I48.png,4.75,0.433,01,02
5877,I48_01_03.png,I48.png,3.5,0.957,01,03
5878,I48_01_04.png,I48.png,2.2,0.702,01,04
5879,I48_01_05.png,I48.png,1.23,0.423,01,05
5880,I48_02_01.png,I48.png,4.13,0.67,02,01
5881,I48_02_02.png,I48.png,3.03,0.752,02,02
5882,I48_02_03.png,I48.png,1.87,0.562,02,03
5883,I48_02_04.png,I48.png,1.7,0.526,02,04
5884,I48_02_05.png,I48.png,1.23,0.423,02,05
5885,I48_03_01.png,I48.png,4.53,0.562,03,01
5886,I48_03_02.png,I48.png,4.27,0.512,03,02
5887,I48_03_03.png,I48.png,3.23,0.803,03,03
5888,I48_03_04.png,I48.png,2.48,0.744,03,04
5889,I48_03_05.png,I48.png,2.13,0.763,03,05
5890,I48_04_01.png,I48.png,4.63,0.547,04,01
5891,I48_04_02.png,I48.png,2.27,1.123,04,02
5892,I48_04_03.png,I48.png,1.57,0.955,04,03
5893,I48_04_04.png,I48.png,1.43,0.667,04,04
5894,I48_04_05.png,I48.png,1.5,0.922,04,05
5895,I48_05_01.png,I48.png,4.53,0.718,05,01
5896,I48_05_02.png,I48.png,2.7,1.13,05,02
5897,I48_05_03.png,I48.png,1.8,0.702,05,03
5898,I48_05_04.png,I48.png,1.77,0.803,05,04
5899,I48_05_05.png,I48.png,1.9,0.597,05,05
5900,I48_06_01.png,I48.png,4.07,1.062,06,01
5901,I48_06_02.png,I48.png,4.1,0.831,06,02
5902,I48_06_03.png,I48.png,3.57,0.989,06,03
5903,I48_06_04.png,I48.png,3.03,0.948,06,04
5904,I48_06_05.png,I48.png,2.07,0.772,06,05
5905,I48_07_01.png,I48.png,2.77,0.803,07,01
5906,I48_07_02.png,I48.png,2.6,1.114,07,02
5907,I48_07_03.png,I48.png,2.13,0.991,07,03
5908,I48_07_04.png,I48.png,2.27,0.964,07,04
5909,I48_07_05.png,I48.png,2.37,0.983,07,05
5910,I48_08_01.png,I48.png,4.47,0.846,08,01
5911,I48_08_02.png,I48.png,3.0,1.238,08,02
5912,I48_08_03.png,I48.png,2.63,1.016,08,03
5913,I48_08_04.png,I48.png,1.57,0.616,08,04
5914,I48_08_05.png,I48.png,1.2,0.4,08,05
5915,I48_09_01.png,I48.png,4.5,0.563,09,01
5916,I48_09_02.png,I48.png,4.57,0.496,09,02
5917,I48_09_03.png,I48.png,4.63,0.482,09,03
5918,I48_09_04.png,I48.png,3.55,0.945,09,04
5919,I48_09_05.png,I48.png,1.47,0.618,09,05
5920,I48_10_01.png,I48.png,4.7,0.458,10,01
5921,I48_10_02.png,I48.png,4.5,0.847,10,02
5922,I48_10_03.png,I48.png,4.17,0.82,10,03
5923,I48_10_04.png,I48.png,1.8,0.833,10,04
5924,I48_10_05.png,I48.png,1.17,0.373,10,05
5925,I48_11_01.png,I48.png,3.77,1.023,11,01
5926,I48_11_02.png,I48.png,3.07,0.892,11,02
5927,I48_11_03.png,I48.png,2.9,0.7,11,03
5928,I48_11_04.png,I48.png,2.67,0.789,11,04
5929,I48_11_05.png,I48.png,2.1,0.473,11,05
5930,I48_12_01.png,I48.png,4.5,0.619,12,01
5931,I48_12_02.png,I48.png,3.67,0.978,12,02
5932,I48_12_03.png,I48.png,2.93,0.727,12,03
5933,I48_12_04.png,I48.png,2.77,0.667,12,04
5934,I48_12_05.png,I48.png,2.27,0.629,12,05
5935,I48_13_01.png,I48.png,3.13,1.024,13,01
5936,I48_13_02.png,I48.png,2.8,0.792,13,02
5937,I48_13_03.png,I48.png,2.47,0.618,13,03
5938,I48_13_04.png,I48.png,2.06,0.619,13,04
5939,I48_13_05.png,I48.png,2.27,0.727,13,05
5940,I48_14_01.png,I48.png,4.5,0.619,14,01
5941,I48_14_02.png,I48.png,2.97,0.983,14,02
5942,I48_14_03.png,I48.png,2.9,0.907,14,03
5943,I48_14_04.png,I48.png,2.33,0.65,14,04
5944,I48_14_05.png,I48.png,2.06,0.716,14,05
5945,I48_15_01.png,I48.png,3.3,0.971,15,01
5946,I48_15_02.png,I48.png,2.63,0.836,15,02
5947,I48_15_03.png,I48.png,2.03,0.547,15,03
5948,I48_15_04.png,I48.png,1.63,0.795,15,04
5949,I48_15_05.png,I48.png,1.73,0.727,15,05
5950,I48_16_01.png,I48.png,4.43,0.559,16,01
5951,I48_16_02.png,I48.png,4.6,0.554,16,02
5952,I48_16_03.png,I48.png,3.9,0.831,16,03
5953,I48_16_04.png,I48.png,2.6,0.841,16,04
5954,I48_16_05.png,I48.png,1.7,0.737,16,05
5955,I48_17_01.png,I48.png,4.47,0.562,17,01
5956,I48_17_02.png,I48.png,4.77,0.418,17,02
5957,I48_17_03.png,I48.png,4.47,0.499,17,03
5958,I48_17_04.png,I48.png,3.37,0.795,17,04
5959,I48_17_05.png,I48.png,2.4,1.052,17,05
5960,I48_18_01.png,I48.png,4.53,0.618,18,01
5961,I48_18_02.png,I48.png,4.63,0.547,18,02
5962,I48_18_03.png,I48.png,4.53,0.718,18,03
5963,I48_18_04.png,I48.png,4.3,0.781,18,04
5964,I48_18_05.png,I48.png,3.87,0.763,18,05
5965,I48_19_01.png,I48.png,4.7,0.458,19,01
5966,I48_19_02.png,I48.png,4.5,0.563,19,02
5967,I48_19_03.png,I48.png,3.6,0.841,19,03
5968,I48_19_04.png,I48.png,2.3,0.69,19,04
5969,I48_19_05.png,I48.png,1.5,0.563,19,05
5970,I48_20_01.png,I48.png,4.33,0.745,20,01
5971,I48_20_02.png,I48.png,3.17,1.035,20,02
5972,I48_20_03.png,I48.png,2.73,1.263,20,03
5973,I48_20_04.png,I48.png,2.4,0.879,20,04
5974,I48_20_05.png,I48.png,2.67,0.978,20,05
5975,I48_21_01.png,I48.png,3.87,1.039,21,01
5976,I48_21_02.png,I48.png,3.5,1.057,21,02
5977,I48_21_03.png,I48.png,2.93,0.854,21,03
5978,I48_21_04.png,I48.png,3.44,1.059,21,04
5979,I48_21_05.png,I48.png,1.6,0.663,21,05
5980,I48_22_01.png,I48.png,3.23,0.955,22,01
5981,I48_22_02.png,I48.png,3.03,1.016,22,02
5982,I48_22_03.png,I48.png,2.7,0.971,22,03
5983,I48_22_04.png,I48.png,2.3,1.1,22,04
5984,I48_22_05.png,I48.png,1.97,0.836,22,05
5985,I48_23_01.png,I48.png,3.23,1.174,23,01
5986,I48_23_02.png,I48.png,2.47,0.884,23,02
5987,I48_23_03.png,I48.png,2.3,0.971,23,03
5988,I48_23_04.png,I48.png,2.1,0.79,23,04
5989,I48_23_05.png,I48.png,1.97,0.706,23,05
5990,I48_24_01.png,I48.png,3.57,0.955,24,01
5991,I48_24_02.png,I48.png,2.55,0.836,24,02
5992,I48_24_03.png,I48.png,2.37,0.836,24,03
5993,I48_24_04.png,I48.png,1.4,0.611,24,04
5994,I48_24_05.png,I48.png,1.5,0.719,24,05
5995,I48_25_01.png,I48.png,3.1,0.79,25,01
5996,I48_25_02.png,I48.png,3.67,0.943,25,02
5997,I48_25_03.png,I48.png,4.13,0.618,25,03
5998,I48_25_04.png,I48.png,4.5,0.719,25,04
5999,I48_25_05.png,I48.png,3.9,0.7,25,05
6000,I49_01_01.png,I49.png,4.63,0.482,01,01
6001,I49_01_02.png,I49.png,4.63,0.482,01,02
6002,I49_01_03.png,I49.png,3.3,0.823,01,03
6003,I49_01_04.png,I49.png,2.47,0.67,01,04
6004,I49_01_05.png,I49.png,1.37,0.547,01,05
6005,I49_02_01.png,I49.png,4.27,0.772,02,01
6006,I49_02_02.png,I49.png,3.27,0.854,02,02
6007,I49_02_03.png,I49.png,2.26,0.879,02,03
6008,I49_02_04.png,I49.png,1.6,0.611,02,04
6009,I49_02_05.png,I49.png,1.77,0.616,02,05
6010,I49_03_01.png,I49.png,4.73,0.442,03,01
6011,I49_03_02.png,I49.png,4.47,0.499,03,02
6012,I49_03_03.png,I49.png,3.0,0.931,03,03
6013,I49_03_04.png,I49.png,2.5,0.671,03,04
6014,I49_03_05.png,I49.png,1.8,0.792,03,05
6015,I49_04_01.png,I49.png,4.77,0.616,04,01
6016,I49_04_02.png,I49.png,3.13,0.846,04,02
6017,I49_04_03.png,I49.png,1.93,0.727,04,03
6018,I49_04_04.png,I49.png,2.23,0.883,04,04
6019,I49_04_05.png,I49.png,2.33,0.907,04,05
6020,I49_05_01.png,I49.png,4.5,0.719,05,01
6021,I49_05_02.png,I49.png,3.4,0.917,05,02
6022,I49_05_03.png,I49.png,2.43,1.23,05,03
6023,I49_05_04.png,I49.png,2.7,0.69,05,04
6024,I49_05_05.png,I49.png,2.63,0.948,05,05
6025,I49_06_01.png,I49.png,4.53,0.499,06,01
6026,I49_06_02.png,I49.png,4.6,0.611,06,02
6027,I49_06_03.png,I49.png,4.4,0.663,06,03
6028,I49_06_04.png,I49.png,3.9,0.978,06,04
6029,I49_06_05.png,I49.png,2.93,0.929,06,05
6030,I49_07_01.png,I49.png,3.27,1.123,07,01
6031,I49_07_02.png,I49.png,2.97,1.016,07,02
6032,I49_07_03.png,I49.png,3.23,0.92,07,03
6033,I49_07_04.png,I49.png,2.73,1.062,07,04
6034,I49_07_05.png,I49.png,2.83,0.969,07,05
6035,I49_08_01.png,I49.png,4.53,0.499,08,01
6036,I49_08_02.png,I49.png,3.83,0.86,08,02
6037,I49_08_03.png,I49.png,3.0,0.894,08,03
6038,I49_08_04.png,I49.png,2.5,0.957,08,04
6039,I49_08_05.png,I49.png,2.1,0.978,08,05
6040,I49_09_01.png,I49.png,4.7,0.458,09,01
6041,I49_09_02.png,I49.png,4.63,0.482,09,02
6042,I49_09_03.png,I49.png,4.52,0.615,09,03
6043,I49_09_04.png,I49.png,3.63,0.983,09,04
6044,I49_09_05.png,I49.png,1.67,0.65,09,05
6045,I49_10_01.png,I49.png,4.57,0.496,10,01
6046,I49_10_02.png,I49.png,4.47,0.562,10,02
6047,I49_10_03.png,I49.png,4.3,0.823,10,03
6048,I49_10_04.png,I49.png,1.8,0.702,10,04
6049,I49_10_05.png,I49.png,1.37,0.482,10,05
6050,I49_11_01.png,I49.png,3.8,0.702,11,01
6051,I49_11_02.png,I49.png,3.27,1.062,11,02
6052,I49_11_03.png,I49.png,3.0,1.033,11,03
6053,I49_11_04.png,I49.png,2.8,0.945,11,04
6054,I49_11_05.png,I49.png,2.63,0.706,11,05
6055,I49_12_01.png,I49.png,4.57,0.559,12,01
6056,I49_12_02.png,I49.png,3.9,0.943,12,02
6057,I49_12_03.png,I49.png,3.17,0.898,12,03
6058,I49_12_04.png,I49.png,2.73,0.814,12,04
6059,I49_12_05.png,I49.png,2.5,0.764,12,05
6060,I49_13_01.png,I49.png,2.97,0.836,13,01
6061,I49_13_02.png,I49.png,2.52,0.666,13,02
6062,I49_13_03.png,I49.png,2.37,0.605,13,03
6063,I49_13_04.png,I49.png,1.83,0.687,13,04
6064,I49_13_05.png,I49.png,1.97,0.706,13,05
6065,I49_14_01.png,I49.png,4.83,0.373,14,01
6066,I49_14_02.png,I49.png,4.47,0.562,14,02
6067,I49_14_03.png,I49.png,4.1,0.79,14,03
6068,I49_14_04.png,I49.png,3.77,0.761,14,04
6069,I49_14_05.png,I49.png,3.13,0.921,14,05
6070,I49_15_01.png,I49.png,3.5,0.885,15,01
6071,I49_15_02.png,I49.png,2.6,0.712,15,02
6072,I49_15_03.png,I49.png,1.8,0.653,15,03
6073,I49_15_04.png,I49.png,1.23,0.496,15,04
6074,I49_15_05.png,I49.png,1.37,0.547,15,05
6075,I49_16_01.png,I49.png,4.57,0.496,16,01
6076,I49_16_02.png,I49.png,4.7,0.586,16,02
6077,I49_16_03.png,I49.png,3.93,0.814,16,03
6078,I49_16_04.png,I49.png,3.5,0.671,16,04
6079,I49_16_05.png,I49.png,3.2,0.833,16,05
6080,I49_17_01.png,I49.png,4.63,0.547,17,01
6081,I49_17_02.png,I49.png,4.67,0.471,17,02
6082,I49_17_03.png,I49.png,4.47,0.562,17,03
6083,I49_17_04.png,I49.png,3.3,1.069,17,04
6084,I49_17_05.png,I49.png,1.63,0.706,17,05
6085,I49_18_01.png,I49.png,4.6,0.49,18,01
6086,I49_18_02.png,I49.png,4.63,0.482,18,02
6087,I49_18_03.png,I49.png,4.7,0.458,18,03
6088,I49_18_04.png,I49.png,4.1,0.651,18,04
6089,I49_18_05.png,I49.png,3.73,0.629,18,05
6090,I49_19_01.png,I49.png,4.57,0.559,19,01
6091,I49_19_02.png,I49.png,4.2,0.542,19,02
6092,I49_19_03.png,I49.png,3.7,0.862,19,03
6093,I49_19_04.png,I49.png,1.87,0.67,19,04
6094,I49_19_05.png,I49.png,1.3,0.458,19,05
6095,I49_20_01.png,I49.png,4.33,0.789,20,01
6096,I49_20_02.png,I49.png,3.8,1.046,20,02
6097,I49_20_03.png,I49.png,3.77,1.055,20,03
6098,I49_20_04.png,I49.png,3.57,1.283,20,04
6099,I49_20_05.png,I49.png,3.23,1.283,20,05
6100,I49_21_01.png,I49.png,4.13,0.957,21,01
6101,I49_21_02.png,I49.png,3.47,1.024,21,02
6102,I49_21_03.png,I49.png,3.07,0.68,21,03
6103,I49_21_04.png,I49.png,2.9,0.907,21,04
6104,I49_21_05.png,I49.png,1.43,0.667,21,05
6105,I49_22_01.png,I49.png,4.3,0.936,22,01
6106,I49_22_02.png,I49.png,3.57,0.803,22,02
6107,I49_22_03.png,I49.png,3.53,1.147,22,03
6108,I49_22_04.png,I49.png,2.83,0.969,22,04
6109,I49_22_05.png,I49.png,2.47,0.846,22,05
6110,I49_23_01.png,I49.png,3.33,1.106,23,01
6111,I49_23_02.png,I49.png,2.47,1.176,23,02
6112,I49_23_03.png,I49.png,2.4,0.987,23,03
6113,I49_23_04.png,I49.png,2.13,0.562,23,04
6114,I49_23_05.png,I49.png,2.07,1.031,23,05
6115,I49_24_01.png,I49.png,4.1,0.473,24,01
6116,I49_24_02.png,I49.png,3.5,0.922,24,02
6117,I49_24_03.png,I49.png,2.93,0.892,24,03
6118,I49_24_04.png,I49.png,2.07,0.772,24,04
6119,I49_24_05.png,I49.png,1.6,0.611,24,05
6120,I49_25_01.png,I49.png,3.63,0.927,25,01
6121,I49_25_02.png,I49.png,4.0,0.73,25,02
6122,I49_25_03.png,I49.png,4.47,0.499,25,03
6123,I49_25_04.png,I49.png,4.07,0.727,25,04
6124,I49_25_05.png,I49.png,3.97,0.752,25,05
6125,I50_01_01.png,I50.png,4.57,0.559,01,01
6126,I50_01_02.png,I50.png,4.13,0.921,01,02
6127,I50_01_03.png,I50.png,2.73,0.892,01,03
6128,I50_01_04.png,I50.png,1.83,0.522,01,04
6129,I50_01_05.png,I50.png,1.2,0.476,01,05
6130,I50_02_01.png,I50.png,3.9,0.79,02,01
6131,I50_02_02.png,I50.png,2.6,0.917,02,02
6132,I50_02_03.png,I50.png,1.8,0.6,02,03
6133,I50_02_04.png,I50.png,1.33,0.537,02,04
6134,I50_02_05.png,I50.png,1.17,0.373,02,05
6135,I50_03_01.png,I50.png,4.6,0.49,03,01
6136,I50_03_02.png,I50.png,3.8,0.792,03,02
6137,I50_03_03.png,I50.png,2.77,0.92,03,03
6138,I50_03_04.png,I50.png,2.2,0.748,03,04
6139,I50_03_05.png,I50.png,1.53,0.499,03,05
6140,I50_04_01.png,I50.png,4.52,0.615,04,01
6141,I50_04_02.png,I50.png,2.57,1.086,04,02
6142,I50_04_03.png,I50.png,1.93,0.892,04,03
6143,I50_04_04.png,I50.png,1.53,0.763,04,04
6144,I50_04_05.png,I50.png,1.47,0.718,04,05
6145,I50_05_01.png,I50.png,3.83,0.82,05,01
6146,I50_05_02.png,I50.png,2.1,0.79,05,02
6147,I50_05_03.png,I50.png,1.7,0.69,05,03
6148,I50_05_04.png,I50.png,1.47,0.499,05,04
6149,I50_05_05.png,I50.png,1.67,0.471,05,05
6150,I50_06_01.png,I50.png,3.7,0.737,06,01
6151,I50_06_02.png,I50.png,3.83,0.934,06,02
6152,I50_06_03.png,I50.png,3.43,0.989,06,03
6153,I50_06_04.png,I50.png,3.07,1.181,06,04
6154,I50_06_05.png,I50.png,2.67,1.164,06,05
6155,I50_07_01.png,I50.png,2.6,0.952,07,01
6156,I50_07_02.png,I50.png,2.27,0.892,07,02
6157,I50_07_03.png,I50.png,1.93,0.929,07,03
6158,I50_07_04.png,I50.png,2.2,0.98,07,04
6159,I50_07_05.png,I50.png,2.03,0.912,07,05
6160,I50_08_01.png,I50.png,4.47,0.67,08,01
6161,I50_08_02.png,I50.png,3.13,1.147,08,02
6162,I50_08_03.png,I50.png,2.63,1.08,08,03
6163,I50_08_04.png,I50.png,1.63,0.795,08,04
6164,I50_08_05.png,I50.png,1.27,0.442,08,05
6165,I50_09_01.png,I50.png,4.43,0.716,09,01
6166,I50_09_02.png,I50.png,4.3,0.737,09,02
6167,I50_09_03.png,I50.png,3.83,1.003,09,03
6168,I50_09_04.png,I50.png,2.63,0.983,09,04
6169,I50_09_05.png,I50.png,1.27,0.573,09,05
6170,I50_10_01.png,I50.png,4.17,0.582,10,01
6171,I50_10_02.png,I50.png,4.4,0.663,10,02
6172,I50_10_03.png,I50.png,4.03,0.795,10,03
6173,I50_10_04.png,I50.png,2.27,0.772,10,04
6174,I50_10_05.png,I50.png,1.1,0.3,10,05
6175,I50_11_01.png,I50.png,3.9,0.943,11,01
6176,I50_11_02.png,I50.png,3.43,0.883,11,02
6177,I50_11_03.png,I50.png,3.17,0.734,11,03
6178,I50_11_04.png,I50.png,2.53,0.806,11,04
6179,I50_11_05.png,I50.png,2.37,0.657,11,05
6180,I50_12_01.png,I50.png,4.4,0.712,12,01
6181,I50_12_02.png,I50.png,3.17,1.067,12,02
6182,I50_12_03.png,I50.png,3.27,0.929,12,03
6183,I50_12_04.png,I50.png,2.3,0.586,12,04
6184,I50_12_05.png,I50.png,2.2,0.792,12,05
6185,I50_13_01.png,I50.png,3.63,0.836,13,01
6186,I50_13_02.png,I50.png,2.93,1.031,13,02
6187,I50_13_03.png,I50.png,2.87,0.806,13,03
6188,I50_13_04.png,I50.png,2.07,0.68,13,04
6189,I50_13_05.png,I50.png,2.03,0.657,13,05
6190,I50_14_01.png,I50.png,4.07,0.854,14,01
6191,I50_14_02.png,I50.png,3.16,0.919,14,02
6192,I50_14_03.png,I50.png,2.67,0.699,14,03
6193,I50_14_04.png,I50.png,2.13,0.846,14,04
6194,I50_14_05.png,I50.png,1.9,0.651,14,05
6195,I50_15_01.png,I50.png,3.6,1.083,15,01
6196,I50_15_02.png,I50.png,2.77,0.989,15,02
6197,I50_15_03.png,I50.png,2.23,0.803,15,03
6198,I50_15_04.png,I50.png,1.8,0.833,15,04
6199,I50_15_05.png,I50.png,1.53,0.618,15,05
6200,I50_16_01.png,I50.png,4.47,0.806,16,01
6201,I50_16_02.png,I50.png,4.23,0.716,16,02
6202,I50_16_03.png,I50.png,3.3,0.936,16,03
6203,I50_16_04.png,I50.png,1.7,0.737,16,04
6204,I50_16_05.png,I50.png,1.5,0.619,16,05
6205,I50_17_01.png,I50.png,4.33,0.699,17,01
6206,I50_17_02.png,I50.png,4.2,0.542,17,02
6207,I50_17_03.png,I50.png,4.13,0.67,17,03
6208,I50_17_04.png,I50.png,3.63,0.836,17,04
6209,I50_17_05.png,I50.png,2.57,0.989,17,05
6210,I50_18_01.png,I50.png,4.27,0.573,18,01
6211,I50_18_02.png,I50.png,4.17,0.734,18,02
6212,I50_18_03.png,I50.png,4.57,0.716,18,03
6213,I50_18_04.png,I50.png,4.27,0.68,18,04
6214,I50_18_05.png,I50.png,3.67,0.978,18,05
6215,I50_19_01.png,I50.png,4.57,0.803,19,01
6216,I50_19_02.png,I50.png,4.37,0.706,19,02
6217,I50_19_03.png,I50.png,3.83,0.934,19,03
6218,I50_19_04.png,I50.png,2.27,0.772,19,04
6219,I50_19_05.png,I50.png,1.37,0.482,19,05
6220,I50_20_01.png,I50.png,3.87,0.763,20,01
6221,I50_20_02.png,I50.png,3.87,0.846,20,02
6222,I50_20_03.png,I50.png,3.33,1.164,20,03
6223,I50_20_04.png,I50.png,2.37,0.948,20,04
6224,I50_20_05.png,I50.png,2.17,1.157,20,05
6225,I50_21_01.png,I50.png,4.37,0.836,21,01
6226,I50_21_02.png,I50.png,3.47,1.231,21,02
6227,I50_21_03.png,I50.png,3.53,1.087,21,03
6228,I50_21_04.png,I50.png,3.03,0.983,21,04
6229,I50_21_05.png,I50.png,1.52,0.561,21,05
6230,I50_22_01.png,I50.png,3.87,1.056,22,01
6231,I50_22_02.png,I50.png,3.93,0.964,22,02
6232,I50_22_03.png,I50.png,3.83,0.778,22,03
6233,I50_22_04.png,I50.png,3.73,0.998,22,04
6234,I50_22_05.png,I50.png,2.73,1.123,22,05
6235,I50_23_01.png,I50.png,2.57,0.955,23,01
6236,I50_23_02.png,I50.png,2.23,0.667,23,02
6237,I50_23_03.png,I50.png,2.2,0.653,23,03
6238,I50_23_04.png,I50.png,1.53,0.806,23,04
6239,I50_23_05.png,I50.png,1.87,0.718,23,05
6240,I50_24_01.png,I50.png,3.33,0.83,24,01
6241,I50_24_02.png,I50.png,2.6,0.757,24,02
6242,I50_24_03.png,I50.png,2.16,0.677,24,03
6243,I50_24_04.png,I50.png,1.35,0.698,24,04
6244,I50_24_05.png,I50.png,1.23,0.423,24,05
6245,I50_25_01.png,I50.png,3.0,0.968,25,01
6246,I50_25_02.png,I50.png,3.6,0.712,25,02
6247,I50_25_03.png,I50.png,4.17,0.687,25,03
6248,I50_25_04.png,I50.png,4.33,0.699,25,04
6249,I50_25_05.png,I50.png,3.57,0.844,25,05
6250,I51_01_01.png,I51.png,4.53,0.499,01,01
6251,I51_01_02.png,I51.png,4.37,0.547,01,02
6252,I51_01_03.png,I51.png,2.5,0.806,01,03
6253,I51_01_04.png,I51.png,1.53,0.562,01,04
6254,I51_01_05.png,I51.png,1.33,0.537,01,05
6255,I51_02_01.png,I51.png,4.03,0.752,02,01
6256,I51_02_02.png,I51.png,2.48,0.713,02,02
6257,I51_02_03.png,I51.png,1.73,0.772,02,03
6258,I51_02_04.png,I51.png,1.37,0.657,02,04
6259,I51_02_05.png,I51.png,1.13,0.34,02,05
6260,I51_03_01.png,I51.png,4.77,0.423,03,01
6261,I51_03_02.png,I51.png,4.03,0.706,03,02
6262,I51_03_03.png,I51.png,1.93,0.629,03,03
6263,I51_03_04.png,I51.png,2.0,0.632,03,04
6264,I51_03_05.png,I51.png,1.23,0.418,03,05
6265,I51_04_01.png,I51.png,4.7,0.458,04,01
6266,I51_04_02.png,I51.png,2.97,1.11,04,02
6267,I51_04_03.png,I51.png,1.7,0.64,04,03
6268,I51_04_04.png,I51.png,1.4,0.554,04,04
6269,I51_04_05.png,I51.png,1.17,0.453,04,05
6270,I51_05_01.png,I51.png,3.87,0.562,05,01
6271,I51_05_02.png,I51.png,2.23,0.989,05,02
6272,I51_05_03.png,I51.png,1.53,0.562,05,03
6273,I51_05_04.png,I51.png,1.5,0.563,05,04
6274,I51_05_05.png,I51.png,1.77,0.667,05,05
6275,I51_06_01.png,I51.png,3.93,0.727,06,01
6276,I51_06_02.png,I51.png,3.9,0.79,06,02
6277,I51_06_03.png,I51.png,3.77,0.869,06,03
6278,I51_06_04.png,I51.png,3.3,0.862,06,04
6279,I51_06_05.png,I51.png,2.63,0.875,06,05
6280,I51_07_01.png,I51.png,2.87,0.846,07,01
6281,I51_07_02.png,I51.png,2.27,0.964,07,02
6282,I51_07_03.png,I51.png,2.3,1.038,07,03
6283,I51_07_04.png,I51.png,2.43,0.989,07,04
6284,I51_07_05.png,I51.png,2.03,0.948,07,05
6285,I51_08_01.png,I51.png,4.67,0.471,08,01
6286,I51_08_02.png,I51.png,3.3,0.936,08,02
6287,I51_08_03.png,I51.png,2.97,0.948,08,03
6288,I51_08_04.png,I51.png,2.07,0.854,08,04
6289,I51_08_05.png,I51.png,1.5,0.719,08,05
6290,I51_09_01.png,I51.png,4.8,0.4,09,01
6291,I51_09_02.png,I51.png,4.47,0.763,09,02
6292,I51_09_03.png,I51.png,3.77,0.883,09,03
6293,I51_09_04.png,I51.png,1.93,0.442,09,04
6294,I51_09_05.png,I51.png,1.37,0.482,09,05
6295,I51_10_01.png,I51.png,4.2,0.748,10,01
6296,I51_10_02.png,I51.png,4.13,0.67,10,02
6297,I51_10_03.png,I51.png,3.67,0.869,10,03
6298,I51_10_04.png,I51.png,1.7,0.69,10,04
6299,I51_10_05.png,I51.png,1.23,0.423,10,05
6300,I51_11_01.png,I51.png,3.6,0.879,11,01
6301,I51_11_02.png,I51.png,2.93,0.573,11,02
6302,I51_11_03.png,I51.png,3.03,0.875,11,03
6303,I51_11_04.png,I51.png,2.53,0.763,11,04
6304,I51_11_05.png,I51.png,2.23,0.667,11,05
6305,I51_12_01.png,I51.png,4.43,0.616,12,01
6306,I51_12_02.png,I51.png,3.3,0.781,12,02
6307,I51_12_03.png,I51.png,2.57,0.616,12,03
6308,I51_12_04.png,I51.png,2.4,0.611,12,04
6309,I51_12_05.png,I51.png,2.27,0.573,12,05
6310,I51_13_01.png,I51.png,3.73,0.964,13,01
6311,I51_13_02.png,I51.png,2.53,0.884,13,02
6312,I51_13_03.png,I51.png,2.3,0.64,13,03
6313,I51_13_04.png,I51.png,2.2,0.6,13,04
6314,I51_13_05.png,I51.png,2.2,0.702,13,05
6315,I51_14_01.png,I51.png,4.4,0.663,14,01
6316,I51_14_02.png,I51.png,3.0,0.894,14,02
6317,I51_14_03.png,I51.png,2.97,0.706,14,03
6318,I51_14_04.png,I51.png,2.63,0.657,14,04
6319,I51_14_05.png,I51.png,1.93,0.772,14,05
6320,I51_15_01.png,I51.png,3.97,0.657,15,01
6321,I51_15_02.png,I51.png,3.0,0.856,15,02
6322,I51_15_03.png,I51.png,2.2,0.542,15,03
6323,I51_15_04.png,I51.png,1.69,0.682,15,04
6324,I51_15_05.png,I51.png,1.33,0.537,15,05
6325,I51_16_01.png,I51.png,4.4,0.611,16,01
6326,I51_16_02.png,I51.png,4.27,0.854,16,02
6327,I51_16_03.png,I51.png,3.7,0.781,16,03
6328,I51_16_04.png,I51.png,2.73,0.892,16,04
6329,I51_16_05.png,I51.png,2.07,0.727,16,05
6330,I51_17_01.png,I51.png,4.63,0.482,17,01
6331,I51_17_02.png,I51.png,4.67,0.471,17,02
6332,I51_17_03.png,I51.png,4.37,0.482,17,03
6333,I51_17_04.png,I51.png,3.77,0.883,17,04
6334,I51_17_05.png,I51.png,2.07,0.892,17,05
6335,I51_18_01.png,I51.png,4.3,0.458,18,01
6336,I51_18_02.png,I51.png,4.45,0.664,18,02
6337,I51_18_03.png,I51.png,4.43,0.496,18,03
6338,I51_18_04.png,I51.png,4.48,0.561,18,04
6339,I51_18_05.png,I51.png,4.03,0.752,18,05
6340,I51_19_01.png,I51.png,4.43,0.559,19,01
6341,I51_19_02.png,I51.png,4.13,0.499,19,02
6342,I51_19_03.png,I51.png,2.93,0.854,19,03
6343,I51_19_04.png,I51.png,1.57,0.496,19,04
6344,I51_19_05.png,I51.png,1.37,0.482,19,05
6345,I51_20_01.png,I51.png,4.27,0.629,20,01
6346,I51_20_02.png,I51.png,3.83,1.157,20,02
6347,I51_20_03.png,I51.png,4.13,0.884,20,03
6348,I51_20_04.png,I51.png,3.67,1.075,20,04
6349,I51_20_05.png,I51.png,2.67,1.374,20,05
6350,I51_21_01.png,I51.png,4.0,1.095,21,01
6351,I51_21_02.png,I51.png,3.0,0.966,21,02
6352,I51_21_03.png,I51.png,2.47,0.67,21,03
6353,I51_21_04.png,I51.png,2.47,1.231,21,04
6354,I51_21_05.png,I51.png,1.23,0.423,21,05
6355,I51_22_01.png,I51.png,4.07,0.814,22,01
6356,I51_22_02.png,I51.png,3.53,0.921,22,02
6357,I51_22_03.png,I51.png,3.45,0.978,22,03
6358,I51_22_04.png,I51.png,3.03,1.048,22,04
6359,I51_22_05.png,I51.png,2.33,0.83,22,05
6360,I51_23_01.png,I51.png,2.53,0.921,23,01
6361,I51_23_02.png,I51.png,2.43,1.257,23,02
6362,I51_23_03.png,I51.png,2.53,0.921,23,03
6363,I51_23_04.png,I51.png,2.2,0.833,23,04
6364,I51_23_05.png,I51.png,2.07,0.892,23,05
6365,I51_24_01.png,I51.png,3.2,0.909,24,01
6366,I51_24_02.png,I51.png,2.17,0.82,24,02
6367,I51_24_03.png,I51.png,1.43,0.496,24,03
6368,I51_24_04.png,I51.png,1.43,0.761,24,04
6369,I51_24_05.png,I51.png,1.17,0.373,24,05
6370,I51_25_01.png,I51.png,3.67,0.869,25,01
6371,I51_25_02.png,I51.png,4.13,0.67,25,02
6372,I51_25_03.png,I51.png,4.5,0.5,25,03
6373,I51_25_04.png,I51.png,4.07,0.772,25,04
6374,I51_25_05.png,I51.png,3.57,0.803,25,05
6375,I52_01_01.png,I52.png,4.77,0.423,01,01
6376,I52_01_02.png,I52.png,4.47,0.67,01,02
6377,I52_01_03.png,I52.png,2.73,0.772,01,03
6378,I52_01_04.png,I52.png,1.87,0.618,01,04
6379,I52_01_05.png,I52.png,1.27,0.442,01,05
6380,I52_02_01.png,I52.png,4.07,0.68,02,01
6381,I52_02_02.png,I52.png,2.94,0.669,02,02
6382,I52_02_03.png,I52.png,1.8,0.6,02,03
6383,I52_02_04.png,I52.png,1.37,0.482,02,04
6384,I52_02_05.png,I52.png,1.26,0.438,02,05
6385,I52_03_01.png,I52.png,4.7,0.458,03,01
6386,I52_03_02.png,I52.png,4.2,0.748,03,02
6387,I52_03_03.png,I52.png,2.67,0.745,03,03
6388,I52_03_04.png,I52.png,1.77,0.667,03,04
6389,I52_03_05.png,I52.png,1.6,0.611,03,05
6390,I52_04_01.png,I52.png,4.33,0.65,04,01
6391,I52_04_02.png,I52.png,2.97,0.875,04,02
6392,I52_04_03.png,I52.png,1.93,0.814,04,03
6393,I52_04_04.png,I52.png,1.5,0.563,04,04
6394,I52_04_05.png,I52.png,1.37,0.547,04,05
6395,I52_05_01.png,I52.png,4.63,0.482,05,01
6396,I52_05_02.png,I52.png,2.83,0.934,05,02
6397,I52_05_03.png,I52.png,2.37,0.836,05,03
6398,I52_05_04.png,I52.png,2.53,0.884,05,04
6399,I52_05_05.png,I52.png,3.03,0.912,05,05
6400,I52_06_01.png,I52.png,4.23,0.667,06,01
6401,I52_06_02.png,I52.png,4.2,0.792,06,02
6402,I52_06_03.png,I52.png,3.9,0.907,06,03
6403,I52_06_04.png,I52.png,2.93,0.998,06,04
6404,I52_06_05.png,I52.png,2.53,0.763,06,05
6405,I52_07_01.png,I52.png,2.43,0.989,07,01
6406,I52_07_02.png,I52.png,2.2,1.046,07,02
6407,I52_07_03.png,I52.png,1.93,0.998,07,03
6408,I52_07_04.png,I52.png,2.0,1.033,07,04
6409,I52_07_05.png,I52.png,1.83,0.82,07,05
6410,I52_08_01.png,I52.png,4.7,0.458,08,01
6411,I52_08_02.png,I52.png,3.93,0.629,08,02
6412,I52_08_03.png,I52.png,3.73,0.892,08,03
6413,I52_08_04.png,I52.png,2.2,0.945,08,04
6414,I52_08_05.png,I52.png,1.9,0.907,08,05
6415,I52_09_01.png,I52.png,4.53,0.499,09,01
6416,I52_09_02.png,I52.png,3.5,0.885,09,02
6417,I52_09_03.png,I52.png,2.53,1.056,09,03
6418,I52_09_04.png,I52.png,1.5,0.563,09,04
6419,I52_09_05.png,I52.png,1.23,0.423,09,05
6420,I52_10_01.png,I52.png,3.93,0.629,10,01
6421,I52_10_02.png,I52.png,3.7,1.038,10,02
6422,I52_10_03.png,I52.png,3.37,0.836,10,03
6423,I52_10_04.png,I52.png,1.7,0.737,10,04
6424,I52_10_05.png,I52.png,1.2,0.4,10,05
6425,I52_11_01.png,I52.png,3.63,0.875,11,01
6426,I52_11_02.png,I52.png,3.1,0.831,11,02
6427,I52_11_03.png,I52.png,2.7,0.823,11,03
6428,I52_11_04.png,I52.png,2.43,0.616,11,04
6429,I52_11_05.png,I52.png,2.07,0.727,11,05
6430,I52_12_01.png,I52.png,4.5,0.563,12,01
6431,I52_12_02.png,I52.png,3.27,0.854,12,02
6432,I52_12_03.png,I52.png,2.8,0.653,12,03
6433,I52_12_04.png,I52.png,2.47,0.806,12,04
6434,I52_12_05.png,I52.png,2.42,0.661,12,05
6435,I52_13_01.png,I52.png,3.2,1.046,13,01
6436,I52_13_02.png,I52.png,2.77,0.803,13,02
6437,I52_13_03.png,I52.png,2.67,0.65,13,03
6438,I52_13_04.png,I52.png,2.17,0.637,13,04
6439,I52_13_05.png,I52.png,2.0,0.632,13,05
6440,I52_14_01.png,I52.png,4.33,0.537,14,01
6441,I52_14_02.png,I52.png,3.47,0.806,14,02
6442,I52_14_03.png,I52.png,2.8,0.702,14,03
6443,I52_14_04.png,I52.png,2.3,0.69,14,04
6444,I52_14_05.png,I52.png,2.27,0.772,14,05
6445,I52_15_01.png,I52.png,3.8,0.792,15,01
6446,I52_15_02.png,I52.png,2.67,0.943,15,02
6447,I52_15_03.png,I52.png,1.8,0.653,15,03
6448,I52_15_04.png,I52.png,1.4,0.611,15,04
6449,I52_15_05.png,I52.png,1.33,0.471,15,05
6450,I52_16_01.png,I52.png,4.67,0.471,16,01
6451,I52_16_02.png,I52.png,4.4,0.49,16,02
6452,I52_16_03.png,I52.png,3.87,0.618,16,03
6453,I52_16_04.png,I52.png,3.1,0.87,16,04
6454,I52_16_05.png,I52.png,1.7,0.781,16,05
6455,I52_17_01.png,I52.png,4.67,0.471,17,01
6456,I52_17_02.png,I52.png,4.7,0.458,17,02
6457,I52_17_03.png,I52.png,4.67,0.471,17,03
6458,I52_17_04.png,I52.png,3.57,0.803,17,04
6459,I52_17_05.png,I52.png,2.5,0.992,17,05
6460,I52_18_01.png,I52.png,4.63,0.482,18,01
6461,I52_18_02.png,I52.png,4.83,0.373,18,02
6462,I52_18_03.png,I52.png,4.6,0.49,18,03
6463,I52_18_04.png,I52.png,4.73,0.629,18,04
6464,I52_18_05.png,I52.png,4.23,0.716,18,05
6465,I52_19_01.png,I52.png,4.5,0.671,19,01
6466,I52_19_02.png,I52.png,4.33,0.699,19,02
6467,I52_19_03.png,I52.png,2.7,0.936,19,03
6468,I52_19_04.png,I52.png,1.53,0.618,19,04
6469,I52_19_05.png,I52.png,1.13,0.34,19,05
6470,I52_20_01.png,I52.png,4.53,0.499,20,01
6471,I52_20_02.png,I52.png,3.67,1.106,20,02
6472,I52_20_03.png,I52.png,3.43,1.383,20,03
6473,I52_20_04.png,I52.png,3.3,1.242,20,04
6474,I52_20_05.png,I52.png,2.9,1.593,20,05
6475,I52_21_01.png,I52.png,3.83,0.934,21,01
6476,I52_21_02.png,I52.png,2.93,0.964,21,02
6477,I52_21_03.png,I52.png,2.6,0.917,21,03
6478,I52_21_04.png,I52.png,2.3,0.526,21,04
6479,I52_21_05.png,I52.png,1.53,0.562,21,05
6480,I52_22_01.png,I52.png,4.23,0.803,22,01
6481,I52_22_02.png,I52.png,3.43,0.92,22,02
6482,I52_22_03.png,I52.png,3.23,0.844,22,03
6483,I52_22_04.png,I52.png,3.37,0.795,22,04
6484,I52_22_05.png,I52.png,2.67,0.699,22,05
6485,I52_23_01.png,I52.png,2.43,1.146,23,01
6486,I52_23_02.png,I52.png,2.53,1.231,23,02
6487,I52_23_03.png,I52.png,2.27,0.854,23,03
6488,I52_23_04.png,I52.png,1.93,0.964,23,04
6489,I52_23_05.png,I52.png,2.2,0.909,23,05
6490,I52_24_01.png,I52.png,3.83,0.687,24,01
6491,I52_24_02.png,I52.png,2.83,0.778,24,02
6492,I52_24_03.png,I52.png,2.1,0.651,24,03
6493,I52_24_04.png,I52.png,1.67,0.65,24,04
6494,I52_24_05.png,I52.png,1.47,0.562,24,05
6495,I52_25_01.png,I52.png,4.03,0.547,25,01
6496,I52_25_02.png,I52.png,4.3,0.862,25,02
6497,I52_25_03.png,I52.png,4.37,0.605,25,03
6498,I52_25_04.png,I52.png,4.4,0.611,25,04
6499,I52_25_05.png,I52.png,3.57,0.761,25,05
6500,I53_01_01.png,I53.png,4.7,0.458,01,01
6501,I53_01_02.png,I53.png,4.63,0.482,01,02
6502,I53_01_03.png,I53.png,3.3,0.69,01,03
6503,I53_01_04.png,I53.png,2.0,0.577,01,04
6504,I53_01_05.png,I53.png,1.27,0.442,01,05
6505,I53_02_01.png,I53.png,4.39,0.549,02,01
6506,I53_02_02.png,I53.png,2.73,0.854,02,02
6507,I53_02_03.png,I53.png,2.07,0.629,02,03
6508,I53_02_04.png,I53.png,1.47,0.67,02,04
6509,I53_02_05.png,I53.png,1.39,0.487,02,05
6510,I53_03_01.png,I53.png,4.73,0.442,03,01
6511,I53_03_02.png,I53.png,4.3,0.586,03,02
6512,I53_03_03.png,I53.png,3.4,0.879,03,03
6513,I53_03_04.png,I53.png,2.53,0.718,03,04
6514,I53_03_05.png,I53.png,1.77,0.607,03,05
6515,I53_04_01.png,I53.png,4.5,0.5,04,01
6516,I53_04_02.png,I53.png,2.3,1.038,04,02
6517,I53_04_03.png,I53.png,1.53,0.562,04,03
6518,I53_04_04.png,I53.png,1.32,0.467,04,04
6519,I53_04_05.png,I53.png,1.06,0.246,04,05
6520,I53_05_01.png,I53.png,4.13,0.846,05,01
6521,I53_05_02.png,I53.png,2.57,0.989,05,02
6522,I53_05_03.png,I53.png,1.57,0.496,05,03
6523,I53_05_04.png,I53.png,1.7,0.737,05,04
6524,I53_05_05.png,I53.png,1.5,0.5,05,05
6525,I53_06_01.png,I53.png,3.9,0.746,06,01
6526,I53_06_02.png,I53.png,3.67,1.043,06,02
6527,I53_06_03.png,I53.png,3.52,0.798,06,03
6528,I53_06_04.png,I53.png,2.87,0.718,06,04
6529,I53_06_05.png,I53.png,2.03,0.657,06,05
6530,I53_07_01.png,I53.png,2.33,0.907,07,01
6531,I53_07_02.png,I53.png,2.63,0.948,07,02
6532,I53_07_03.png,I53.png,2.57,1.257,07,03
6533,I53_07_04.png,I53.png,2.47,0.991,07,04
6534,I53_07_05.png,I53.png,1.67,0.789,07,05
6535,I53_08_01.png,I53.png,4.77,0.489,08,01
6536,I53_08_02.png,I53.png,3.43,0.92,08,02
6537,I53_08_03.png,I53.png,2.43,0.955,08,03
6538,I53_08_04.png,I53.png,1.33,0.596,08,04
6539,I53_08_05.png,I53.png,1.43,0.559,08,05
6540,I53_09_01.png,I53.png,4.53,0.562,09,01
6541,I53_09_02.png,I53.png,4.77,0.496,09,02
6542,I53_09_03.png,I53.png,4.6,0.49,09,03
6543,I53_09_04.png,I53.png,3.6,0.841,09,04
6544,I53_09_05.png,I53.png,1.73,0.629,09,05
6545,I53_10_01.png,I53.png,4.57,0.616,10,01
6546,I53_10_02.png,I53.png,4.53,0.718,10,02
6547,I53_10_03.png,I53.png,3.53,0.884,10,03
6548,I53_10_04.png,I53.png,1.83,0.778,10,04
6549,I53_10_05.png,I53.png,1.27,0.442,10,05
6550,I53_11_01.png,I53.png,3.4,0.8,11,01
6551,I53_11_02.png,I53.png,2.97,0.752,11,02
6552,I53_11_03.png,I53.png,2.9,0.651,11,03
6553,I53_11_04.png,I53.png,2.57,0.761,11,04
6554,I53_11_05.png,I53.png,2.03,0.547,11,05
6555,I53_12_01.png,I53.png,4.37,0.547,12,01
6556,I53_12_02.png,I53.png,3.27,0.964,12,02
6557,I53_12_03.png,I53.png,2.83,0.778,12,03
6558,I53_12_04.png,I53.png,2.3,0.69,12,04
6559,I53_12_05.png,I53.png,2.2,0.702,12,05
6560,I53_13_01.png,I53.png,3.43,0.989,13,01
6561,I53_13_02.png,I53.png,2.47,0.806,13,02
6562,I53_13_03.png,I53.png,2.53,0.763,13,03
6563,I53_13_04.png,I53.png,2.3,0.781,13,04
6564,I53_13_05.png,I53.png,2.07,0.629,13,05
6565,I53_14_01.png,I53.png,4.47,0.806,14,01
6566,I53_14_02.png,I53.png,3.23,0.761,14,02
6567,I53_14_03.png,I53.png,3.07,0.772,14,03
6568,I53_14_04.png,I53.png,2.67,0.537,14,04
6569,I53_14_05.png,I53.png,1.97,0.706,14,05
6570,I53_15_01.png,I53.png,3.7,1.005,15,01
6571,I53_15_02.png,I53.png,2.63,0.795,15,02
6572,I53_15_03.png,I53.png,1.93,0.68,15,03
6573,I53_15_04.png,I53.png,1.57,0.559,15,04
6574,I53_15_05.png,I53.png,1.57,0.559,15,05
6575,I53_16_01.png,I53.png,4.6,0.554,16,01
6576,I53_16_02.png,I53.png,4.37,0.547,16,02
6577,I53_16_03.png,I53.png,3.6,0.879,16,03
6578,I53_16_04.png,I53.png,2.63,0.912,16,04
6579,I53_16_05.png,I53.png,1.73,0.68,16,05
6580,I53_17_01.png,I53.png,4.83,0.373,17,01
6581,I53_17_02.png,I53.png,4.6,0.49,17,02
6582,I53_17_03.png,I53.png,4.53,0.67,17,03
6583,I53_17_04.png,I53.png,3.93,0.512,17,04
6584,I53_17_05.png,I53.png,2.4,0.987,17,05
6585,I53_18_01.png,I53.png,4.2,0.542,18,01
6586,I53_18_02.png,I53.png,4.67,0.471,18,02
6587,I53_18_03.png,I53.png,4.8,0.6,18,03
6588,I53_18_04.png,I53.png,4.57,0.496,18,04
6589,I53_18_05.png,I53.png,3.87,0.718,18,05
6590,I53_19_01.png,I53.png,4.59,0.551,19,01
6591,I53_19_02.png,I53.png,4.27,0.68,19,02
6592,I53_19_03.png,I53.png,3.33,0.789,19,03
6593,I53_19_04.png,I53.png,1.83,0.778,19,04
6594,I53_19_05.png,I53.png,1.33,0.471,19,05
6595,I53_20_01.png,I53.png,3.77,0.92,20,01
6596,I53_20_02.png,I53.png,4.13,0.921,20,02
6597,I53_20_03.png,I53.png,3.47,0.991,20,03
6598,I53_20_04.png,I53.png,2.8,1.222,20,04
6599,I53_20_05.png,I53.png,2.77,0.92,20,05
6600,I53_21_01.png,I53.png,3.37,1.016,21,01
6601,I53_21_02.png,I53.png,3.07,0.814,21,02
6602,I53_21_03.png,I53.png,2.93,0.892,21,03
6603,I53_21_04.png,I53.png,2.9,0.831,21,04
6604,I53_21_05.png,I53.png,1.47,0.562,21,05
6605,I53_22_01.png,I53.png,3.47,1.118,22,01
6606,I53_22_02.png,I53.png,3.27,1.123,22,02
6607,I53_22_03.png,I53.png,2.87,1.07,22,03
6608,I53_22_04.png,I53.png,2.83,1.067,22,04
6609,I53_22_05.png,I53.png,2.47,0.749,22,05
6610,I53_23_01.png,I53.png,3.33,1.193,23,01
6611,I53_23_02.png,I53.png,2.07,0.814,23,02
6612,I53_23_03.png,I53.png,2.57,0.989,23,03
6613,I53_23_04.png,I53.png,2.37,0.836,23,04
6614,I53_23_05.png,I53.png,1.9,0.746,23,05
6615,I53_24_01.png,I53.png,3.93,0.854,24,01
6616,I53_24_02.png,I53.png,2.6,0.841,24,02
6617,I53_24_03.png,I53.png,2.53,0.846,24,03
6618,I53_24_04.png,I53.png,1.43,0.559,24,04
6619,I53_24_05.png,I53.png,1.27,0.442,24,05
6620,I53_25_01.png,I53.png,3.83,0.898,25,01
6621,I53_25_02.png,I53.png,3.97,0.782,25,02
6622,I53_25_03.png,I53.png,4.43,0.616,25,03
6623,I53_25_04.png,I53.png,4.47,0.562,25,04
6624,I53_25_05.png,I53.png,3.47,0.718,25,05
6625,I54_01_01.png,I54.png,4.84,0.368,01,01
6626,I54_01_02.png,I54.png,4.48,0.615,01,02
6627,I54_01_03.png,I54.png,2.53,0.763,01,03
6628,I54_01_04.png,I54.png,1.67,0.537,01,04
6629,I54_01_05.png,I54.png,1.1,0.3,01,05
6630,I54_02_01.png,I54.png,3.61,0.83,02,01
6631,I54_02_02.png,I54.png,2.23,0.844,02,02
6632,I54_02_03.png,I54.png,1.7,0.586,02,03
6633,I54_02_04.png,I54.png,1.2,0.4,02,04
6634,I54_02_05.png,I54.png,1.2,0.4,02,05
6635,I54_03_01.png,I54.png,4.5,0.5,03,01
6636,I54_03_02.png,I54.png,3.6,0.952,03,02
6637,I54_03_03.png,I54.png,2.1,0.87,03,03
6638,I54_03_04.png,I54.png,1.6,0.554,03,04
6639,I54_03_05.png,I54.png,1.43,0.616,03,05
6640,I54_04_01.png,I54.png,4.65,0.478,04,01
6641,I54_04_02.png,I54.png,3.23,0.989,04,02
6642,I54_04_03.png,I54.png,1.53,0.618,04,03
6643,I54_04_04.png,I54.png,1.73,0.814,04,04
6644,I54_04_05.png,I54.png,1.33,0.471,04,05
6645,I54_05_01.png,I54.png,4.37,0.706,05,01
6646,I54_05_02.png,I54.png,1.67,0.596,05,02
6647,I54_05_03.png,I54.png,1.47,0.562,05,03
6648,I54_05_04.png,I54.png,1.42,0.493,05,04
6649,I54_05_05.png,I54.png,1.47,0.562,05,05
6650,I54_06_01.png,I54.png,4.27,0.892,06,01
6651,I54_06_02.png,I54.png,4.1,0.978,06,02
6652,I54_06_03.png,I54.png,4.07,0.68,06,03
6653,I54_06_04.png,I54.png,2.83,0.898,06,04
6654,I54_06_05.png,I54.png,2.4,0.879,06,05
6655,I54_07_01.png,I54.png,2.87,0.921,07,01
6656,I54_07_02.png,I54.png,2.13,0.991,07,02
6657,I54_07_03.png,I54.png,1.94,0.669,07,03
6658,I54_07_04.png,I54.png,2.23,0.883,07,04
6659,I54_07_05.png,I54.png,1.73,0.727,07,05
6660,I54_08_01.png,I54.png,4.77,0.423,08,01
6661,I54_08_02.png,I54.png,3.53,0.991,08,02
6662,I54_08_03.png,I54.png,2.83,0.969,08,03
6663,I54_08_04.png,I54.png,1.6,0.554,08,04
6664,I54_08_05.png,I54.png,1.3,0.526,08,05
6665,I54_09_01.png,I54.png,4.3,0.823,09,01
6666,I54_09_02.png,I54.png,4.03,0.836,09,02
6667,I54_09_03.png,I54.png,3.9,0.943,09,03
6668,I54_09_04.png,I54.png,2.6,1.052,09,04
6669,I54_09_05.png,I54.png,1.17,0.373,09,05
6670,I54_10_01.png,I54.png,4.23,0.667,10,01
6671,I54_10_02.png,I54.png,4.3,0.586,10,02
6672,I54_10_03.png,I54.png,3.6,0.917,10,03
6673,I54_10_04.png,I54.png,2.0,0.816,10,04
6674,I54_10_05.png,I54.png,1.27,0.512,10,05
6675,I54_11_01.png,I54.png,3.43,0.616,11,01
6676,I54_11_02.png,I54.png,2.73,0.929,11,02
6677,I54_11_03.png,I54.png,2.83,0.898,11,03
6678,I54_11_04.png,I54.png,2.43,0.716,11,04
6679,I54_11_05.png,I54.png,2.33,0.83,11,05
6680,I54_12_01.png,I54.png,4.38,0.74,12,01
6681,I54_12_02.png,I54.png,3.37,0.836,12,02
6682,I54_12_03.png,I54.png,2.8,0.792,12,03
6683,I54_12_04.png,I54.png,2.27,0.727,12,04
6684,I54_12_05.png,I54.png,2.1,0.651,12,05
6685,I54_13_01.png,I54.png,3.37,0.948,13,01
6686,I54_13_02.png,I54.png,2.8,1.013,13,02
6687,I54_13_03.png,I54.png,2.5,0.806,13,03
6688,I54_13_04.png,I54.png,2.43,0.92,13,04
6689,I54_13_05.png,I54.png,1.9,0.597,13,05
6690,I54_14_01.png,I54.png,4.63,0.547,14,01
6691,I54_14_02.png,I54.png,3.47,0.884,14,02
6692,I54_14_03.png,I54.png,3.17,0.82,14,03
6693,I54_14_04.png,I54.png,2.6,0.663,14,04
6694,I54_14_05.png,I54.png,2.17,0.637,14,05
6695,I54_15_01.png,I54.png,3.6,0.879,15,01
6696,I54_15_02.png,I54.png,2.63,0.912,15,02
6697,I54_15_03.png,I54.png,1.9,0.746,15,03
6698,I54_15_04.png,I54.png,1.6,0.49,15,04
6699,I54_15_05.png,I54.png,1.27,0.442,15,05
6700,I54_16_01.png,I54.png,4.47,0.718,16,01
6701,I54_16_02.png,I54.png,4.17,0.687,16,02
6702,I54_16_03.png,I54.png,3.8,0.748,16,03
6703,I54_16_04.png,I54.png,2.57,0.883,16,04
6704,I54_16_05.png,I54.png,1.63,0.795,16,05
6705,I54_17_01.png,I54.png,4.6,0.663,17,01
6706,I54_17_02.png,I54.png,4.6,0.49,17,02
6707,I54_17_03.png,I54.png,4.23,0.496,17,03
6708,I54_17_04.png,I54.png,3.27,0.929,17,04
6709,I54_17_05.png,I54.png,1.97,0.948,17,05
6710,I54_18_01.png,I54.png,4.27,0.573,18,01
6711,I54_18_02.png,I54.png,4.53,0.499,18,02
6712,I54_18_03.png,I54.png,4.5,0.806,18,03
6713,I54_18_04.png,I54.png,4.45,0.559,18,04
6714,I54_18_05.png,I54.png,3.53,0.763,18,05
6715,I54_19_01.png,I54.png,4.5,0.563,19,01
6716,I54_19_02.png,I54.png,4.1,0.473,19,02
6717,I54_19_03.png,I54.png,3.33,0.745,19,03
6718,I54_19_04.png,I54.png,1.73,0.892,19,04
6719,I54_19_05.png,I54.png,1.43,0.559,19,05
6720,I54_20_01.png,I54.png,4.4,0.8,20,01
6721,I54_20_02.png,I54.png,3.87,1.087,20,02
6722,I54_20_03.png,I54.png,3.97,0.752,20,03
6723,I54_20_04.png,I54.png,4.07,0.998,20,04
6724,I54_20_05.png,I54.png,3.37,0.983,20,05
6725,I54_21_01.png,I54.png,4.67,0.537,21,01
6726,I54_21_02.png,I54.png,3.9,1.012,21,02
6727,I54_21_03.png,I54.png,3.1,1.399,21,03
6728,I54_21_04.png,I54.png,2.93,1.153,21,04
6729,I54_21_05.png,I54.png,1.63,1.169,21,05
6730,I54_22_01.png,I54.png,3.13,1.024,22,01
6731,I54_22_02.png,I54.png,2.94,0.914,22,02
6732,I54_22_03.png,I54.png,3.07,0.964,22,03
6733,I54_22_04.png,I54.png,2.73,1.031,22,04
6734,I54_22_05.png,I54.png,2.6,1.356,22,05
6735,I54_23_01.png,I54.png,2.7,1.159,23,01
6736,I54_23_02.png,I54.png,2.0,0.775,23,02
6737,I54_23_03.png,I54.png,2.07,0.892,23,03
6738,I54_23_04.png,I54.png,1.67,0.83,23,04
6739,I54_23_05.png,I54.png,1.91,0.805,23,05
6740,I54_24_01.png,I54.png,3.1,1.136,24,01
6741,I54_24_02.png,I54.png,2.1,0.831,24,02
6742,I54_24_03.png,I54.png,1.9,0.831,24,03
6743,I54_24_04.png,I54.png,1.47,0.718,24,04
6744,I54_24_05.png,I54.png,1.37,0.706,24,05
6745,I54_25_01.png,I54.png,3.87,0.618,25,01
6746,I54_25_02.png,I54.png,4.2,0.653,25,02
6747,I54_25_03.png,I54.png,4.27,0.629,25,03
6748,I54_25_04.png,I54.png,4.0,0.683,25,04
6749,I54_25_05.png,I54.png,3.4,0.8,25,05
6750,I55_01_01.png,I55.png,4.47,0.67,01,01
6751,I55_01_02.png,I55.png,4.5,0.719,01,02
6752,I55_01_03.png,I55.png,2.87,0.763,01,03
6753,I55_01_04.png,I55.png,1.8,0.702,01,04
6754,I55_01_05.png,I55.png,1.23,0.423,01,05
6755,I55_02_01.png,I55.png,3.77,0.716,02,01
6756,I55_02_02.png,I55.png,2.43,0.761,02,02
6757,I55_02_03.png,I55.png,1.63,0.605,02,03
6758,I55_02_04.png,I55.png,1.42,0.61,02,04
6759,I55_02_05.png,I55.png,1.23,0.423,02,05
6760,I55_03_01.png,I55.png,4.63,0.547,03,01
6761,I55_03_02.png,I55.png,4.0,0.894,03,02
6762,I55_03_03.png,I55.png,2.4,0.712,03,03
6763,I55_03_04.png,I55.png,2.0,0.683,03,04
6764,I55_03_05.png,I55.png,1.57,0.616,03,05
6765,I55_04_01.png,I55.png,4.61,0.549,04,01
6766,I55_04_02.png,I55.png,2.52,0.911,04,02
6767,I55_04_03.png,I55.png,2.1,0.777,04,03
6768,I55_04_04.png,I55.png,1.93,0.772,04,04
6769,I55_04_05.png,I55.png,1.5,0.5,04,05
6770,I55_05_01.png,I55.png,4.5,0.806,05,01
6771,I55_05_02.png,I55.png,2.33,0.789,05,02
6772,I55_05_03.png,I55.png,1.6,0.554,05,03
6773,I55_05_04.png,I55.png,1.5,0.5,05,04
6774,I55_05_05.png,I55.png,1.6,0.663,05,05
6775,I55_06_01.png,I55.png,4.65,0.542,06,01
6776,I55_06_02.png,I55.png,4.23,0.844,06,02
6777,I55_06_03.png,I55.png,3.87,0.884,06,03
6778,I55_06_04.png,I55.png,3.33,0.943,06,04
6779,I55_06_05.png,I55.png,2.26,1.077,06,05
6780,I55_07_01.png,I55.png,3.17,1.003,07,01
6781,I55_07_02.png,I55.png,2.67,0.869,07,02
6782,I55_07_03.png,I55.png,2.27,1.093,07,03
6783,I55_07_04.png,I55.png,2.57,0.955,07,04
6784,I55_07_05.png,I55.png,2.07,0.929,07,05
6785,I55_08_01.png,I55.png,4.67,0.471,08,01
6786,I55_08_02.png,I55.png,3.37,0.948,08,02
6787,I55_08_03.png,I55.png,2.37,0.875,08,03
6788,I55_08_04.png,I55.png,1.73,0.814,08,04
6789,I55_08_05.png,I55.png,1.87,0.846,08,05
6790,I55_09_01.png,I55.png,4.43,0.716,09,01
6791,I55_09_02.png,I55.png,3.77,0.883,09,02
6792,I55_09_03.png,I55.png,3.6,0.917,09,03
6793,I55_09_04.png,I55.png,2.07,0.814,09,04
6794,I55_09_05.png,I55.png,1.23,0.496,09,05
6795,I55_10_01.png,I55.png,4.23,0.716,10,01
6796,I55_10_02.png,I55.png,4.37,0.795,10,02
6797,I55_10_03.png,I55.png,4.27,0.573,10,03
6798,I55_10_04.png,I55.png,1.87,0.67,10,04
6799,I55_10_05.png,I55.png,1.23,0.418,10,05
6800,I55_11_01.png,I55.png,4.6,0.611,11,01
6801,I55_11_02.png,I55.png,4.2,0.748,11,02
6802,I55_11_03.png,I55.png,3.87,0.806,11,03
6803,I55_11_04.png,I55.png,3.0,0.966,11,04
6804,I55_11_05.png,I55.png,2.83,0.86,11,05
6805,I55_12_01.png,I55.png,4.4,0.554,12,01
6806,I55_12_02.png,I55.png,4.53,0.499,12,02
6807,I55_12_03.png,I55.png,4.3,0.69,12,03
6808,I55_12_04.png,I55.png,3.17,0.734,12,04
6809,I55_12_05.png,I55.png,2.9,0.79,12,05
6810,I55_13_01.png,I55.png,3.6,0.917,13,01
6811,I55_13_02.png,I55.png,2.87,0.718,13,02
6812,I55_13_03.png,I55.png,2.77,0.761,13,03
6813,I55_13_04.png,I55.png,2.37,0.752,13,04
6814,I55_13_05.png,I55.png,2.17,0.898,13,05
6815,I55_14_01.png,I55.png,4.47,0.806,14,01
6816,I55_14_02.png,I55.png,4.1,0.7,14,02
6817,I55_14_03.png,I55.png,4.3,0.69,14,03
6818,I55_14_04.png,I55.png,3.2,0.872,14,04
6819,I55_14_05.png,I55.png,2.73,0.854,14,05
6820,I55_15_01.png,I55.png,3.83,0.637,15,01
6821,I55_15_02.png,I55.png,2.6,0.611,15,02
6822,I55_15_03.png,I55.png,2.23,0.667,15,03
6823,I55_15_04.png,I55.png,1.87,0.806,15,04
6824,I55_15_05.png,I55.png,1.67,0.471,15,05
6825,I55_16_01.png,I55.png,4.57,0.496,16,01
6826,I55_16_02.png,I55.png,4.5,0.5,16,02
6827,I55_16_03.png,I55.png,3.8,0.748,16,03
6828,I55_16_04.png,I55.png,2.97,1.11,16,04
6829,I55_16_05.png,I55.png,1.87,0.763,16,05
6830,I55_17_01.png,I55.png,4.53,0.499,17,01
6831,I55_17_02.png,I55.png,4.43,0.496,17,02
6832,I55_17_03.png,I55.png,4.13,0.763,17,03
6833,I55_17_04.png,I55.png,3.5,0.806,17,04
6834,I55_17_05.png,I55.png,1.6,0.757,17,05
6835,I55_18_01.png,I55.png,4.43,0.667,18,01
6836,I55_18_02.png,I55.png,4.5,0.619,18,02
6837,I55_18_03.png,I55.png,4.53,0.499,18,03
6838,I55_18_04.png,I55.png,4.5,0.5,18,04
6839,I55_18_05.png,I55.png,3.42,0.943,18,05
6840,I55_19_01.png,I55.png,4.19,0.644,19,01
6841,I55_19_02.png,I55.png,3.8,0.653,19,02
6842,I55_19_03.png,I55.png,3.13,0.907,19,03
6843,I55_19_04.png,I55.png,1.68,0.59,19,04
6844,I55_19_05.png,I55.png,1.16,0.368,19,05
6845,I55_20_01.png,I55.png,4.43,0.92,20,01
6846,I55_20_02.png,I55.png,4.23,0.844,20,02
6847,I55_20_03.png,I55.png,4.17,1.003,20,03
6848,I55_20_04.png,I55.png,4.13,1.147,20,04
6849,I55_20_05.png,I55.png,3.43,1.359,20,05
6850,I55_21_01.png,I55.png,3.83,0.934,21,01
6851,I55_21_02.png,I55.png,2.93,0.929,21,02
6852,I55_21_03.png,I55.png,2.37,0.836,21,03
6853,I55_21_04.png,I55.png,2.4,0.8,21,04
6854,I55_21_05.png,I55.png,1.4,0.611,21,05
6855,I55_22_01.png,I55.png,4.6,0.49,22,01
6856,I55_22_02.png,I55.png,4.77,0.496,22,02
6857,I55_22_03.png,I55.png,4.33,0.869,22,03
6858,I55_22_04.png,I55.png,3.93,0.727,22,04
6859,I55_22_05.png,I55.png,3.47,1.056,22,05
6860,I55_23_01.png,I55.png,2.27,0.929,23,01
6861,I55_23_02.png,I55.png,2.4,0.987,23,02
6862,I55_23_03.png,I55.png,2.27,0.929,23,03
6863,I55_23_04.png,I55.png,1.87,0.718,23,04
6864,I55_23_05.png,I55.png,2.53,1.056,23,05
6865,I55_24_01.png,I55.png,3.03,1.016,24,01
6866,I55_24_02.png,I55.png,2.1,0.7,24,02
6867,I55_24_03.png,I55.png,1.73,0.727,24,03
6868,I55_24_04.png,I55.png,1.53,0.67,24,04
6869,I55_24_05.png,I55.png,1.1,0.3,24,05
6870,I55_25_01.png,I55.png,2.8,0.872,25,01
6871,I55_25_02.png,I55.png,3.67,0.789,25,02
6872,I55_25_03.png,I55.png,4.0,0.577,25,03
6873,I55_25_04.png,I55.png,4.3,0.69,25,04
6874,I55_25_05.png,I55.png,3.47,0.806,25,05
6875,I56_01_01.png,I56.png,4.6,0.712,01,01
6876,I56_01_02.png,I56.png,4.63,0.482,01,02
6877,I56_01_03.png,I56.png,2.87,0.806,01,03
6878,I56_01_04.png,I56.png,1.87,0.618,01,04
6879,I56_01_05.png,I56.png,1.2,0.4,01,05
6880,I56_02_01.png,I56.png,3.5,0.922,02,01
6881,I56_02_02.png,I56.png,2.5,0.847,02,02
6882,I56_02_03.png,I56.png,1.9,0.651,02,03
6883,I56_02_04.png,I56.png,1.53,0.618,02,04
6884,I56_02_05.png,I56.png,1.23,0.496,02,05
6885,I56_03_01.png,I56.png,4.63,0.482,03,01
6886,I56_03_02.png,I56.png,4.27,0.629,03,02
6887,I56_03_03.png,I56.png,2.43,0.844,03,03
6888,I56_03_04.png,I56.png,1.97,0.706,03,04
6889,I56_03_05.png,I56.png,1.6,0.611,03,05
6890,I56_04_01.png,I56.png,4.63,0.547,04,01
6891,I56_04_02.png,I56.png,2.4,1.052,04,02
6892,I56_04_03.png,I56.png,1.83,0.82,04,03
6893,I56_04_04.png,I56.png,1.83,0.969,04,04
6894,I56_04_05.png,I56.png,1.43,0.667,04,05
6895,I56_05_01.png,I56.png,4.37,0.605,05,01
6896,I56_05_02.png,I56.png,2.87,0.884,05,02
6897,I56_05_03.png,I56.png,2.07,0.998,05,03
6898,I56_05_04.png,I56.png,1.87,0.884,05,04
6899,I56_05_05.png,I56.png,2.13,0.846,05,05
6900,I56_06_01.png,I56.png,4.0,0.73,06,01
6901,I56_06_02.png,I56.png,3.6,0.917,06,02
6902,I56_06_03.png,I56.png,3.17,0.934,06,03
6903,I56_06_04.png,I56.png,2.57,0.716,06,04
6904,I56_06_05.png,I56.png,2.0,0.577,06,05
6905,I56_07_01.png,I56.png,2.2,1.046,07,01
6906,I56_07_02.png,I56.png,1.8,0.872,07,02
6907,I56_07_03.png,I56.png,2.43,1.116,07,03
6908,I56_07_04.png,I56.png,2.5,1.057,07,04
6909,I56_07_05.png,I56.png,2.37,1.169,07,05
6910,I56_08_01.png,I56.png,4.73,0.442,08,01
6911,I56_08_02.png,I56.png,2.8,0.98,08,02
6912,I56_08_03.png,I56.png,2.33,0.978,08,03
6913,I56_08_04.png,I56.png,1.6,0.712,08,04
6914,I56_08_05.png,I56.png,1.87,0.846,08,05
6915,I56_09_01.png,I56.png,4.4,0.8,09,01
6916,I56_09_02.png,I56.png,4.67,0.471,09,02
6917,I56_09_03.png,I56.png,4.67,0.471,09,03
6918,I56_09_04.png,I56.png,3.07,0.929,09,04
6919,I56_09_05.png,I56.png,1.57,0.559,09,05
6920,I56_10_01.png,I56.png,4.55,0.498,10,01
6921,I56_10_02.png,I56.png,4.13,0.921,10,02
6922,I56_10_03.png,I56.png,3.83,0.934,10,03
6923,I56_10_04.png,I56.png,1.67,0.596,10,04
6924,I56_10_05.png,I56.png,1.2,0.4,10,05
6925,I56_11_01.png,I56.png,3.67,0.83,11,01
6926,I56_11_02.png,I56.png,3.4,0.841,11,02
6927,I56_11_03.png,I56.png,2.8,0.872,11,03
6928,I56_11_04.png,I56.png,2.43,0.761,11,04
6929,I56_11_05.png,I56.png,2.03,0.407,11,05
6930,I56_12_01.png,I56.png,4.63,0.657,12,01
6931,I56_12_02.png,I56.png,3.8,0.98,12,02
6932,I56_12_03.png,I56.png,2.9,0.907,12,03
6933,I56_12_04.png,I56.png,2.67,0.789,12,04
6934,I56_12_05.png,I56.png,2.13,0.67,12,05
6935,I56_13_01.png,I56.png,3.17,0.86,13,01
6936,I56_13_02.png,I56.png,2.33,0.65,13,02
6937,I56_13_03.png,I56.png,2.53,0.806,13,03
6938,I56_13_04.png,I56.png,2.03,0.482,13,04
6939,I56_13_05.png,I56.png,2.27,0.892,13,05
6940,I56_14_01.png,I56.png,4.47,0.718,14,01
6941,I56_14_02.png,I56.png,3.5,0.992,14,02
6942,I56_14_03.png,I56.png,2.9,1.012,14,03
6943,I56_14_04.png,I56.png,2.47,0.67,14,04
6944,I56_14_05.png,I56.png,2.0,0.577,14,05
6945,I56_15_01.png,I56.png,3.77,0.803,15,01
6946,I56_15_02.png,I56.png,2.63,0.912,15,02
6947,I56_15_03.png,I56.png,1.97,0.875,15,03
6948,I56_15_04.png,I56.png,1.5,0.619,15,04
6949,I56_15_05.png,I56.png,1.43,0.559,15,05
6950,I56_16_01.png,I56.png,4.53,0.562,16,01
6951,I56_16_02.png,I56.png,4.35,0.698,16,02
6952,I56_16_03.png,I56.png,3.5,0.806,16,03
6953,I56_16_04.png,I56.png,3.23,0.883,16,04
6954,I56_16_05.png,I56.png,1.97,0.983,16,05
6955,I56_17_01.png,I56.png,4.58,0.708,17,01
6956,I56_17_02.png,I56.png,4.3,0.737,17,02
6957,I56_17_03.png,I56.png,4.07,0.854,17,03
6958,I56_17_04.png,I56.png,3.13,0.884,17,04
6959,I56_17_05.png,I56.png,1.94,0.84,17,05
6960,I56_18_01.png,I56.png,4.37,0.547,18,01
6961,I56_18_02.png,I56.png,4.47,0.67,18,02
6962,I56_18_03.png,I56.png,4.2,0.833,18,03
6963,I56_18_04.png,I56.png,4.3,0.69,18,04
6964,I56_18_05.png,I56.png,3.57,0.616,18,05
6965,I56_19_01.png,I56.png,4.53,0.562,19,01
6966,I56_19_02.png,I56.png,4.07,0.573,19,02
6967,I56_19_03.png,I56.png,3.67,0.943,19,03
6968,I56_19_04.png,I56.png,1.77,0.559,19,04
6969,I56_19_05.png,I56.png,1.53,0.562,19,05
6970,I56_20_01.png,I56.png,4.37,0.752,20,01
6971,I56_20_02.png,I56.png,3.43,1.023,20,02
6972,I56_20_03.png,I56.png,3.93,0.929,20,03
6973,I56_20_04.png,I56.png,2.73,1.209,20,04
6974,I56_20_05.png,I56.png,2.6,0.917,20,05
6975,I56_21_01.png,I56.png,4.03,0.948,21,01
6976,I56_21_02.png,I56.png,3.43,0.955,21,02
6977,I56_21_03.png,I56.png,2.5,1.088,21,03
6978,I56_21_04.png,I56.png,3.07,0.892,21,04
6979,I56_21_05.png,I56.png,1.53,0.562,21,05
6980,I56_22_01.png,I56.png,4.2,0.702,22,01
6981,I56_22_02.png,I56.png,3.97,0.948,22,02
6982,I56_22_03.png,I56.png,2.8,0.872,22,03
6983,I56_22_04.png,I56.png,2.63,1.016,22,04
6984,I56_22_05.png,I56.png,1.9,0.907,22,05
6985,I56_23_01.png,I56.png,2.67,1.011,23,01
6986,I56_23_02.png,I56.png,2.07,0.814,23,02
6987,I56_23_03.png,I56.png,2.1,0.79,23,03
6988,I56_23_04.png,I56.png,2.33,0.943,23,04
6989,I56_23_05.png,I56.png,2.03,0.706,23,05
6990,I56_24_01.png,I56.png,3.23,0.844,24,01
6991,I56_24_02.png,I56.png,2.27,0.629,24,02
6992,I56_24_03.png,I56.png,1.87,0.763,24,03
6993,I56_24_04.png,I56.png,1.43,0.667,24,04
6994,I56_24_05.png,I56.png,1.27,0.442,24,05
6995,I56_25_01.png,I56.png,3.13,0.806,25,01
6996,I56_25_02.png,I56.png,3.47,0.846,25,02
6997,I56_25_03.png,I56.png,4.1,0.79,25,03
6998,I56_25_04.png,I56.png,3.7,0.781,25,04
6999,I56_25_05.png,I56.png,2.7,0.862,25,05
7000,I57_01_01.png,I57.png,4.43,0.559,01,01
7001,I57_01_02.png,I57.png,3.93,0.854,01,02
7002,I57_01_03.png,I57.png,2.23,0.716,01,03
7003,I57_01_04.png,I57.png,1.7,0.823,01,04
7004,I57_01_05.png,I57.png,1.07,0.249,01,05
7005,I57_02_01.png,I57.png,3.1,0.746,02,01
7006,I57_02_02.png,I57.png,2.13,0.763,02,02
7007,I57_02_03.png,I57.png,1.27,0.442,02,03
7008,I57_02_04.png,I57.png,1.2,0.4,02,04
7009,I57_02_05.png,I57.png,1.26,0.438,02,05
7010,I57_03_01.png,I57.png,4.6,0.554,03,01
7011,I57_03_02.png,I57.png,3.8,0.833,03,02
7012,I57_03_03.png,I57.png,2.37,0.752,03,03
7013,I57_03_04.png,I57.png,1.87,0.427,03,04
7014,I57_03_05.png,I57.png,1.4,0.554,03,05
7015,I57_04_01.png,I57.png,3.9,0.746,04,01
7016,I57_04_02.png,I57.png,2.57,0.844,04,02
7017,I57_04_03.png,I57.png,1.87,0.763,04,03
7018,I57_04_04.png,I57.png,1.7,0.823,04,04
7019,I57_04_05.png,I57.png,1.37,0.605,04,05
7020,I57_05_01.png,I57.png,3.1,0.943,05,01
7021,I57_05_02.png,I57.png,1.77,0.716,05,02
7022,I57_05_03.png,I57.png,1.63,0.605,05,03
7023,I57_05_04.png,I57.png,1.43,0.844,05,04
7024,I57_05_05.png,I57.png,1.23,0.423,05,05
7025,I57_06_01.png,I57.png,3.73,0.772,06,01
7026,I57_06_02.png,I57.png,3.73,1.031,06,02
7027,I57_06_03.png,I57.png,3.67,0.789,06,03
7028,I57_06_04.png,I57.png,2.47,0.957,06,04
7029,I57_06_05.png,I57.png,1.47,0.618,06,05
7030,I57_07_01.png,I57.png,2.5,0.922,07,01
7031,I57_07_02.png,I57.png,2.1,0.978,07,02
7032,I57_07_03.png,I57.png,2.2,0.945,07,03
7033,I57_07_04.png,I57.png,2.47,1.231,07,04
7034,I57_07_05.png,I57.png,2.03,0.967,07,05
7035,I57_08_01.png,I57.png,4.43,0.803,08,01
7036,I57_08_02.png,I57.png,3.17,1.035,08,02
7037,I57_08_03.png,I57.png,2.0,0.683,08,03
7038,I57_08_04.png,I57.png,1.4,0.663,08,04
7039,I57_08_05.png,I57.png,1.17,0.373,08,05
7040,I57_09_01.png,I57.png,4.58,0.493,09,01
7041,I57_09_02.png,I57.png,3.6,0.952,09,02
7042,I57_09_03.png,I57.png,3.3,0.936,09,03
7043,I57_09_04.png,I57.png,2.23,0.716,09,04
7044,I57_09_05.png,I57.png,1.23,0.423,09,05
7045,I57_10_01.png,I57.png,4.23,0.616,10,01
7046,I57_10_02.png,I57.png,4.23,0.803,10,02
7047,I57_10_03.png,I57.png,3.83,0.969,10,03
7048,I57_10_04.png,I57.png,2.23,1.116,10,04
7049,I57_10_05.png,I57.png,1.37,0.482,10,05
7050,I57_11_01.png,I57.png,4.1,0.79,11,01
7051,I57_11_02.png,I57.png,4.17,1.003,11,02
7052,I57_11_03.png,I57.png,3.43,0.955,11,03
7053,I57_11_04.png,I57.png,2.93,1.153,11,04
7054,I57_11_05.png,I57.png,2.23,0.803,11,05
7055,I57_12_01.png,I57.png,4.5,0.671,12,01
7056,I57_12_02.png,I57.png,4.27,0.727,12,02
7057,I57_12_03.png,I57.png,3.73,0.964,12,03
7058,I57_12_04.png,I57.png,2.8,0.833,12,04
7059,I57_12_05.png,I57.png,2.47,0.718,12,05
7060,I57_13_01.png,I57.png,4.0,0.856,13,01
7061,I57_13_02.png,I57.png,3.53,0.991,13,02
7062,I57_13_03.png,I57.png,3.1,1.075,13,03
7063,I57_13_04.png,I57.png,2.37,0.752,13,04
7064,I57_13_05.png,I57.png,2.3,0.781,13,05
7065,I57_14_01.png,I57.png,4.43,0.559,14,01
7066,I57_14_02.png,I57.png,4.13,0.957,14,02
7067,I57_14_03.png,I57.png,3.23,0.92,14,03
7068,I57_14_04.png,I57.png,2.73,0.929,14,04
7069,I57_14_05.png,I57.png,1.9,0.651,14,05
7070,I57_15_01.png,I57.png,3.8,0.945,15,01
7071,I57_15_02.png,I57.png,3.23,0.883,15,02
7072,I57_15_03.png,I57.png,2.3,0.823,15,03
7073,I57_15_04.png,I57.png,1.67,0.65,15,04
7074,I57_15_05.png,I57.png,1.4,0.712,15,05
7075,I57_16_01.png,I57.png,4.32,0.642,16,01
7076,I57_16_02.png,I57.png,4.4,0.554,16,02
7077,I57_16_03.png,I57.png,3.0,0.856,16,03
7078,I57_16_04.png,I57.png,1.8,0.748,16,04
7079,I57_16_05.png,I57.png,1.33,0.596,16,05
7080,I57_17_01.png,I57.png,4.27,0.772,17,01
7081,I57_17_02.png,I57.png,4.47,0.562,17,02
7082,I57_17_03.png,I57.png,4.0,0.632,17,03
7083,I57_17_04.png,I57.png,3.47,0.806,17,04
7084,I57_17_05.png,I57.png,2.2,0.792,17,05
7085,I57_18_01.png,I57.png,3.77,0.803,18,01
7086,I57_18_02.png,I57.png,4.3,0.64,18,02
7087,I57_18_03.png,I57.png,4.43,0.559,18,03
7088,I57_18_04.png,I57.png,4.3,0.458,18,04
7089,I57_18_05.png,I57.png,3.9,0.831,18,05
7090,I57_19_01.png,I57.png,4.23,0.716,19,01
7091,I57_19_02.png,I57.png,3.8,0.702,19,02
7092,I57_19_03.png,I57.png,2.47,0.846,19,03
7093,I57_19_04.png,I57.png,1.63,0.605,19,04
7094,I57_19_05.png,I57.png,1.37,0.547,19,05
7095,I57_20_01.png,I57.png,4.33,0.699,20,01
7096,I57_20_02.png,I57.png,4.13,1.024,20,02
7097,I57_20_03.png,I57.png,3.9,1.058,20,03
7098,I57_20_04.png,I57.png,3.97,0.875,20,04
7099,I57_20_05.png,I57.png,4.0,0.931,20,05
7100,I57_21_01.png,I57.png,3.5,1.057,21,01
7101,I57_21_02.png,I57.png,2.67,0.907,21,02
7102,I57_21_03.png,I57.png,2.5,1.088,21,03
7103,I57_21_04.png,I57.png,2.57,0.989,21,04
7104,I57_21_05.png,I57.png,1.4,0.49,21,05
7105,I57_22_01.png,I57.png,4.47,0.562,22,01
7106,I57_22_02.png,I57.png,4.43,0.496,22,02
7107,I57_22_03.png,I57.png,4.17,0.687,22,03
7108,I57_22_04.png,I57.png,4.13,0.718,22,04
7109,I57_22_05.png,I57.png,3.97,0.706,22,05
7110,I57_23_01.png,I57.png,2.5,0.847,23,01
7111,I57_23_02.png,I57.png,2.37,0.836,23,02
7112,I57_23_03.png,I57.png,2.03,0.912,23,03
7113,I57_23_04.png,I57.png,2.0,0.894,23,04
7114,I57_23_05.png,I57.png,1.8,0.872,23,05
7115,I57_24_01.png,I57.png,2.67,1.043,24,01
7116,I57_24_02.png,I57.png,1.7,0.69,24,02
7117,I57_24_03.png,I57.png,1.43,0.559,24,03
7118,I57_24_04.png,I57.png,1.27,0.442,24,04
7119,I57_24_05.png,I57.png,1.1,0.3,24,05
7120,I57_25_01.png,I57.png,2.97,0.912,25,01
7121,I57_25_02.png,I57.png,3.57,0.616,25,02
7122,I57_25_03.png,I57.png,3.57,1.146,25,03
7123,I57_25_04.png,I57.png,3.83,0.86,25,04
7124,I57_25_05.png,I57.png,3.07,0.814,25,05
7125,I58_01_01.png,I58.png,4.73,0.512,01,01
7126,I58_01_02.png,I58.png,4.43,0.559,01,02
7127,I58_01_03.png,I58.png,3.9,0.597,01,03
7128,I58_01_04.png,I58.png,2.6,0.917,01,04
7129,I58_01_05.png,I58.png,1.53,0.618,01,05
7130,I58_02_01.png,I58.png,4.27,0.727,02,01
7131,I58_02_02.png,I58.png,3.6,0.8,02,02
7132,I58_02_03.png,I58.png,2.47,0.806,02,03
7133,I58_02_04.png,I58.png,1.97,0.795,02,04
7134,I58_02_05.png,I58.png,1.6,0.663,02,05
7135,I58_03_01.png,I58.png,4.57,0.559,03,01
7136,I58_03_02.png,I58.png,4.47,0.499,03,02
7137,I58_03_03.png,I58.png,3.4,0.952,03,03
7138,I58_03_04.png,I58.png,2.93,0.929,03,04
7139,I58_03_05.png,I58.png,2.27,0.727,03,05
7140,I58_04_01.png,I58.png,4.17,0.453,04,01
7141,I58_04_02.png,I58.png,2.5,0.957,04,02
7142,I58_04_03.png,I58.png,1.43,0.616,04,03
7143,I58_04_04.png,I58.png,1.07,0.249,04,04
7144,I58_04_05.png,I58.png,1.0,0.0,04,05
7145,I58_05_01.png,I58.png,4.63,0.605,05,01
7146,I58_05_02.png,I58.png,3.97,0.948,05,02
7147,I58_05_03.png,I58.png,2.43,0.92,05,03
7148,I58_05_04.png,I58.png,2.47,0.806,05,04
7149,I58_05_05.png,I58.png,3.4,1.02,05,05
7150,I58_06_01.png,I58.png,4.35,0.9,06,01
7151,I58_06_02.png,I58.png,4.2,0.872,06,02
7152,I58_06_03.png,I58.png,3.3,1.038,06,03
7153,I58_06_04.png,I58.png,2.6,0.712,06,04
7154,I58_06_05.png,I58.png,2.3,0.64,06,05
7155,I58_07_01.png,I58.png,2.4,0.952,07,01
7156,I58_07_02.png,I58.png,2.13,0.991,07,02
7157,I58_07_03.png,I58.png,2.2,1.077,07,03
7158,I58_07_04.png,I58.png,2.2,0.945,07,04
7159,I58_07_05.png,I58.png,2.27,0.998,07,05
7160,I58_08_01.png,I58.png,4.73,0.512,08,01
7161,I58_08_02.png,I58.png,4.03,0.752,08,02
7162,I58_08_03.png,I58.png,3.35,0.969,08,03
7163,I58_08_04.png,I58.png,1.67,0.745,08,04
7164,I58_08_05.png,I58.png,1.3,0.586,08,05
7165,I58_09_01.png,I58.png,4.63,0.482,09,01
7166,I58_09_02.png,I58.png,4.5,0.671,09,02
7167,I58_09_03.png,I58.png,4.63,0.482,09,03
7168,I58_09_04.png,I58.png,3.52,0.798,09,04
7169,I58_09_05.png,I58.png,1.8,0.98,09,05
7170,I58_10_01.png,I58.png,4.03,0.795,10,01
7171,I58_10_02.png,I58.png,4.17,0.86,10,02
7172,I58_10_03.png,I58.png,3.3,0.936,10,03
7173,I58_10_04.png,I58.png,1.8,0.542,10,04
7174,I58_10_05.png,I58.png,1.53,0.806,10,05
7175,I58_11_01.png,I58.png,3.77,0.883,11,01
7176,I58_11_02.png,I58.png,3.2,0.748,11,02
7177,I58_11_03.png,I58.png,2.9,0.79,11,03
7178,I58_11_04.png,I58.png,2.9,0.87,11,04
7179,I58_11_05.png,I58.png,2.3,0.781,11,05
7180,I58_12_01.png,I58.png,4.37,0.706,12,01
7181,I58_12_02.png,I58.png,3.43,0.803,12,02
7182,I58_12_03.png,I58.png,2.93,0.772,12,03
7183,I58_12_04.png,I58.png,2.5,0.619,12,04
7184,I58_12_05.png,I58.png,2.17,0.687,12,05
7185,I58_13_01.png,I58.png,3.1,0.7,13,01
7186,I58_13_02.png,I58.png,2.33,0.65,13,02
7187,I58_13_03.png,I58.png,2.6,0.663,13,03
7188,I58_13_04.png,I58.png,2.13,1.056,13,04
7189,I58_13_05.png,I58.png,1.83,0.637,13,05
7190,I58_14_01.png,I58.png,4.37,0.657,14,01
7191,I58_14_02.png,I58.png,3.53,1.056,14,02
7192,I58_14_03.png,I58.png,3.37,0.752,14,03
7193,I58_14_04.png,I58.png,2.8,0.748,14,04
7194,I58_14_05.png,I58.png,2.27,0.68,14,05
7195,I58_15_01.png,I58.png,3.77,0.844,15,01
7196,I58_15_02.png,I58.png,2.77,1.023,15,02
7197,I58_15_03.png,I58.png,2.4,0.712,15,03
7198,I58_15_04.png,I58.png,1.77,0.716,15,04
7199,I58_15_05.png,I58.png,1.47,0.562,15,05
7200,I58_16_01.png,I58.png,4.83,0.373,16,01
7201,I58_16_02.png,I58.png,4.57,0.559,16,02
7202,I58_16_03.png,I58.png,4.17,0.687,16,03
7203,I58_16_04.png,I58.png,3.5,0.847,16,04
7204,I58_16_05.png,I58.png,2.33,0.699,16,05
7205,I58_17_01.png,I58.png,4.77,0.423,17,01
7206,I58_17_02.png,I58.png,4.57,0.559,17,02
7207,I58_17_03.png,I58.png,4.03,0.706,17,03
7208,I58_17_04.png,I58.png,3.5,0.671,17,04
7209,I58_17_05.png,I58.png,2.17,1.035,17,05
7210,I58_18_01.png,I58.png,4.37,0.547,18,01
7211,I58_18_02.png,I58.png,4.77,0.423,18,02
7212,I58_18_03.png,I58.png,4.83,0.373,18,03
7213,I58_18_04.png,I58.png,4.27,0.68,18,04
7214,I58_18_05.png,I58.png,3.73,0.814,18,05
7215,I58_19_01.png,I58.png,4.43,0.496,19,01
7216,I58_19_02.png,I58.png,4.3,0.526,19,02
7217,I58_19_03.png,I58.png,3.4,0.757,19,03
7218,I58_19_04.png,I58.png,1.97,0.875,19,04
7219,I58_19_05.png,I58.png,1.67,0.537,19,05
7220,I58_20_01.png,I58.png,4.07,0.772,20,01
7221,I58_20_02.png,I58.png,4.5,0.847,20,02
7222,I58_20_03.png,I58.png,3.07,1.181,20,03
7223,I58_20_04.png,I58.png,3.23,1.086,20,04
7224,I58_20_05.png,I58.png,3.03,1.379,20,05
7225,I58_21_01.png,I58.png,4.23,0.705,21,01
7226,I58_21_02.png,I58.png,3.5,0.885,21,02
7227,I58_21_03.png,I58.png,3.33,0.83,21,03
7228,I58_21_04.png,I58.png,3.29,0.923,21,04
7229,I58_21_05.png,I58.png,1.97,0.706,21,05
7230,I58_22_01.png,I58.png,2.9,1.221,22,01
7231,I58_22_02.png,I58.png,2.1,0.943,22,02
7232,I58_22_03.png,I58.png,2.3,0.823,22,03
7233,I58_22_04.png,I58.png,2.03,0.836,22,04
7234,I58_22_05.png,I58.png,2.0,0.816,22,05
7235,I58_23_01.png,I58.png,2.9,0.978,23,01
7236,I58_23_02.png,I58.png,2.4,0.712,23,02
7237,I58_23_03.png,I58.png,2.33,0.869,23,03
7238,I58_23_04.png,I58.png,2.33,0.943,23,04
7239,I58_23_05.png,I58.png,1.97,0.657,23,05
7240,I58_24_01.png,I58.png,4.3,0.526,24,01
7241,I58_24_02.png,I58.png,3.57,0.883,24,02
7242,I58_24_03.png,I58.png,3.13,1.07,24,03
7243,I58_24_04.png,I58.png,2.17,0.734,24,04
7244,I58_24_05.png,I58.png,1.7,0.64,24,05
7245,I58_25_01.png,I58.png,3.5,0.957,25,01
7246,I58_25_02.png,I58.png,4.07,0.68,25,02
7247,I58_25_03.png,I58.png,4.45,0.559,25,03
7248,I58_25_04.png,I58.png,4.1,0.943,25,04
7249,I58_25_05.png,I58.png,3.53,0.921,25,05
7250,I59_01_01.png,I59.png,4.8,0.4,01,01
7251,I59_01_02.png,I59.png,4.3,0.526,01,02
7252,I59_01_03.png,I59.png,3.2,0.653,01,03
7253,I59_01_04.png,I59.png,1.8,0.653,01,04
7254,I59_01_05.png,I59.png,1.37,0.605,01,05
7255,I59_02_01.png,I59.png,4.37,0.482,02,01
7256,I59_02_02.png,I59.png,3.03,0.836,02,02
7257,I59_02_03.png,I59.png,1.73,0.68,02,03
7258,I59_02_04.png,I59.png,1.47,0.499,02,04
7259,I59_02_05.png,I59.png,1.2,0.4,02,05
7260,I59_03_01.png,I59.png,4.83,0.373,03,01
7261,I59_03_02.png,I59.png,4.27,0.512,03,02
7262,I59_03_03.png,I59.png,3.43,0.803,03,03
7263,I59_03_04.png,I59.png,2.3,0.823,03,04
7264,I59_03_05.png,I59.png,1.47,0.499,03,05
7265,I59_04_01.png,I59.png,4.6,0.49,04,01
7266,I59_04_02.png,I59.png,3.17,0.898,04,02
7267,I59_04_03.png,I59.png,2.33,0.943,04,03
7268,I59_04_04.png,I59.png,2.43,0.844,04,04
7269,I59_04_05.png,I59.png,2.07,0.772,04,05
7270,I59_05_01.png,I59.png,4.67,0.471,05,01
7271,I59_05_02.png,I59.png,2.6,0.879,05,02
7272,I59_05_03.png,I59.png,1.9,0.597,05,03
7273,I59_05_04.png,I59.png,1.27,0.442,05,04
7274,I59_05_05.png,I59.png,1.4,0.554,05,05
7275,I59_06_01.png,I59.png,4.27,0.814,06,01
7276,I59_06_02.png,I59.png,3.97,0.795,06,02
7277,I59_06_03.png,I59.png,3.87,0.921,06,03
7278,I59_06_04.png,I59.png,3.37,1.016,06,04
7279,I59_06_05.png,I59.png,2.83,1.098,06,05
7280,I59_07_01.png,I59.png,3.13,0.921,07,01
7281,I59_07_02.png,I59.png,2.4,0.917,07,02
7282,I59_07_03.png,I59.png,2.8,1.222,07,03
7283,I59_07_04.png,I59.png,2.52,1.158,07,04
7284,I59_07_05.png,I59.png,2.19,0.737,07,05
7285,I59_08_01.png,I59.png,4.7,0.458,08,01
7286,I59_08_02.png,I59.png,3.27,0.929,08,02
7287,I59_08_03.png,I59.png,2.87,1.204,08,03
7288,I59_08_04.png,I59.png,2.4,1.083,08,04
7289,I59_08_05.png,I59.png,1.87,0.884,08,05
7290,I59_09_01.png,I59.png,4.63,0.482,09,01
7291,I59_09_02.png,I59.png,4.6,0.49,09,02
7292,I59_09_03.png,I59.png,4.4,0.663,09,03
7293,I59_09_04.png,I59.png,3.1,1.075,09,04
7294,I59_09_05.png,I59.png,1.3,0.458,09,05
7295,I59_10_01.png,I59.png,4.77,0.418,10,01
7296,I59_10_02.png,I59.png,4.77,0.423,10,02
7297,I59_10_03.png,I59.png,4.5,0.671,10,03
7298,I59_10_04.png,I59.png,2.5,1.025,10,04
7299,I59_10_05.png,I59.png,1.47,0.562,10,05
7300,I59_11_01.png,I59.png,4.29,0.77,11,01
7301,I59_11_02.png,I59.png,3.77,0.92,11,02
7302,I59_11_03.png,I59.png,3.43,0.955,11,03
7303,I59_11_04.png,I59.png,3.0,0.931,11,04
7304,I59_11_05.png,I59.png,2.3,0.69,11,05
7305,I59_12_01.png,I59.png,4.5,0.5,12,01
7306,I59_12_02.png,I59.png,4.03,0.752,12,02
7307,I59_12_03.png,I59.png,3.6,0.841,12,03
7308,I59_12_04.png,I59.png,2.97,0.752,12,04
7309,I59_12_05.png,I59.png,2.6,0.712,12,05
7310,I59_13_01.png,I59.png,4.27,0.814,13,01
7311,I59_13_02.png,I59.png,3.2,1.013,13,02
7312,I59_13_03.png,I59.png,2.77,0.844,13,03
7313,I59_13_04.png,I59.png,2.33,0.869,13,04
7314,I59_13_05.png,I59.png,2.3,0.64,13,05
7315,I59_14_01.png,I59.png,4.87,0.34,14,01
7316,I59_14_02.png,I59.png,4.13,0.884,14,02
7317,I59_14_03.png,I59.png,3.03,0.752,14,03
7318,I59_14_04.png,I59.png,2.77,0.883,14,04
7319,I59_14_05.png,I59.png,2.23,0.716,14,05
7320,I59_15_01.png,I59.png,4.13,0.618,15,01
7321,I59_15_02.png,I59.png,3.03,0.87,15,02
7322,I59_15_03.png,I59.png,2.53,0.957,15,03
7323,I59_15_04.png,I59.png,1.8,0.476,15,04
7324,I59_15_05.png,I59.png,1.5,0.5,15,05
7325,I59_16_01.png,I59.png,4.73,0.442,16,01
7326,I59_16_02.png,I59.png,4.47,0.618,16,02
7327,I59_16_03.png,I59.png,3.83,0.687,16,03
7328,I59_16_04.png,I59.png,2.9,0.907,16,04
7329,I59_16_05.png,I59.png,1.53,0.763,16,05
7330,I59_17_01.png,I59.png,4.83,0.373,17,01
7331,I59_17_02.png,I59.png,4.39,0.83,17,02
7332,I59_17_03.png,I59.png,4.3,0.586,17,03
7333,I59_17_04.png,I59.png,3.7,0.69,17,04
7334,I59_17_05.png,I59.png,2.37,1.08,17,05
7335,I59_18_01.png,I59.png,4.43,0.667,18,01
7336,I59_18_02.png,I59.png,4.7,0.458,18,02
7337,I59_18_03.png,I59.png,4.67,0.65,18,03
7338,I59_18_04.png,I59.png,4.43,0.559,18,04
7339,I59_18_05.png,I59.png,3.93,0.629,18,05
7340,I59_19_01.png,I59.png,4.53,0.562,19,01
7341,I59_19_02.png,I59.png,4.27,0.573,19,02
7342,I59_19_03.png,I59.png,3.7,0.862,19,03
7343,I59_19_04.png,I59.png,2.0,0.73,19,04
7344,I59_19_05.png,I59.png,1.13,0.34,19,05
7345,I59_20_01.png,I59.png,4.47,0.67,20,01
7346,I59_20_02.png,I59.png,4.57,0.616,20,02
7347,I59_20_03.png,I59.png,4.07,1.031,20,03
7348,I59_20_04.png,I59.png,4.23,0.92,20,04
7349,I59_20_05.png,I59.png,3.6,1.143,20,05
7350,I59_21_01.png,I59.png,4.5,0.719,21,01
7351,I59_21_02.png,I59.png,3.67,1.075,21,02
7352,I59_21_03.png,I59.png,3.8,0.98,21,03
7353,I59_21_04.png,I59.png,3.1,0.907,21,04
7354,I59_21_05.png,I59.png,1.53,0.562,21,05
7355,I59_22_01.png,I59.png,4.4,0.554,22,01
7356,I59_22_02.png,I59.png,4.48,0.757,22,02
7357,I59_22_03.png,I59.png,3.7,0.781,22,03
7358,I59_22_04.png,I59.png,3.73,0.964,22,04
7359,I59_22_05.png,I59.png,3.4,1.052,22,05
7360,I59_23_01.png,I59.png,2.87,0.846,23,01
7361,I59_23_02.png,I59.png,2.47,0.846,23,02
7362,I59_23_03.png,I59.png,2.5,0.806,23,03
7363,I59_23_04.png,I59.png,2.4,0.917,23,04
7364,I59_23_05.png,I59.png,2.3,0.936,23,05
7365,I59_24_01.png,I59.png,3.93,0.512,24,01
7366,I59_24_02.png,I59.png,2.93,0.929,24,02
7367,I59_24_03.png,I59.png,2.4,0.712,24,03
7368,I59_24_04.png,I59.png,1.8,0.748,24,04
7369,I59_24_05.png,I59.png,1.4,0.49,24,05
7370,I59_25_01.png,I59.png,4.0,0.568,25,01
7371,I59_25_02.png,I59.png,3.87,0.67,25,02
7372,I59_25_03.png,I59.png,4.39,0.487,25,03
7373,I59_25_04.png,I59.png,4.1,0.597,25,04
7374,I59_25_05.png,I59.png,2.93,1.093,25,05
7375,I60_01_01.png,I60.png,4.47,0.499,01,01
7376,I60_01_02.png,I60.png,4.6,0.554,01,02
7377,I60_01_03.png,I60.png,3.33,0.869,01,03
7378,I60_01_04.png,I60.png,1.97,0.605,01,04
7379,I60_01_05.png,I60.png,1.57,0.496,01,05
7380,I60_02_01.png,I60.png,4.16,0.677,02,01
7381,I60_02_02.png,I60.png,3.03,0.912,02,02
7382,I60_02_03.png,I60.png,1.8,0.702,02,03
7383,I60_02_04.png,I60.png,1.23,0.423,02,04
7384,I60_02_05.png,I60.png,1.2,0.4,02,05
7385,I60_03_01.png,I60.png,4.63,0.482,03,01
7386,I60_03_02.png,I60.png,4.7,0.458,03,02
7387,I60_03_03.png,I60.png,3.13,0.806,03,03
7388,I60_03_04.png,I60.png,2.77,0.761,03,04
7389,I60_03_05.png,I60.png,1.97,0.605,03,05
7390,I60_04_01.png,I60.png,4.57,0.559,04,01
7391,I60_04_02.png,I60.png,1.97,0.706,04,02
7392,I60_04_03.png,I60.png,1.33,0.471,04,03
7393,I60_04_04.png,I60.png,1.2,0.4,04,04
7394,I60_04_05.png,I60.png,1.13,0.34,04,05
7395,I60_05_01.png,I60.png,4.7,0.526,05,01
7396,I60_05_02.png,I60.png,2.87,1.258,05,02
7397,I60_05_03.png,I60.png,2.3,1.038,05,03
7398,I60_05_04.png,I60.png,2.5,0.847,05,04
7399,I60_05_05.png,I60.png,2.67,0.943,05,05
7400,I60_06_01.png,I60.png,4.03,0.795,06,01
7401,I60_06_02.png,I60.png,3.9,0.978,06,02
7402,I60_06_03.png,I60.png,3.63,0.836,06,03
7403,I60_06_04.png,I60.png,3.1,0.978,06,04
7404,I60_06_05.png,I60.png,2.53,0.921,06,05
7405,I60_07_01.png,I60.png,2.8,1.108,07,01
7406,I60_07_02.png,I60.png,2.63,1.197,07,02
7407,I60_07_03.png,I60.png,1.87,0.846,07,03
7408,I60_07_04.png,I60.png,1.8,0.833,07,04
7409,I60_07_05.png,I60.png,1.8,0.792,07,05
7410,I60_08_01.png,I60.png,4.6,0.49,08,01
7411,I60_08_02.png,I60.png,3.03,0.875,08,02
7412,I60_08_03.png,I60.png,1.87,0.921,08,03
7413,I60_08_04.png,I60.png,1.6,0.554,08,04
7414,I60_08_05.png,I60.png,1.47,0.562,08,05
7415,I60_09_01.png,I60.png,4.53,0.562,09,01
7416,I60_09_02.png,I60.png,4.13,0.846,09,02
7417,I60_09_03.png,I60.png,4.33,0.596,09,03
7418,I60_09_04.png,I60.png,2.33,0.869,09,04
7419,I60_09_05.png,I60.png,1.4,0.49,09,05
7420,I60_10_01.png,I60.png,4.57,0.667,10,01
7421,I60_10_02.png,I60.png,4.37,0.752,10,02
7422,I60_10_03.png,I60.png,4.16,0.766,10,03
7423,I60_10_04.png,I60.png,2.43,1.086,10,04
7424,I60_10_05.png,I60.png,1.47,0.618,10,05
7425,I60_11_01.png,I60.png,3.53,0.846,11,01
7426,I60_11_02.png,I60.png,3.47,0.846,11,02
7427,I60_11_03.png,I60.png,3.07,0.772,11,03
7428,I60_11_04.png,I60.png,2.7,0.781,11,04
7429,I60_11_05.png,I60.png,2.6,0.987,11,05
7430,I60_12_01.png,I60.png,4.53,0.67,12,01
7431,I60_12_02.png,I60.png,4.0,0.775,12,02
7432,I60_12_03.png,I60.png,3.57,0.803,12,03
7433,I60_12_04.png,I60.png,2.87,0.884,12,04
7434,I60_12_05.png,I60.png,2.45,0.797,12,05
7435,I60_13_01.png,I60.png,3.67,0.83,13,01
7436,I60_13_02.png,I60.png,2.93,0.929,13,02
7437,I60_13_03.png,I60.png,2.63,0.706,13,03
7438,I60_13_04.png,I60.png,2.57,0.92,13,04
7439,I60_13_05.png,I60.png,2.27,0.727,13,05
7440,I60_14_01.png,I60.png,4.47,0.562,14,01
7441,I60_14_02.png,I60.png,3.63,0.795,14,02
7442,I60_14_03.png,I60.png,3.2,0.872,14,03
7443,I60_14_04.png,I60.png,2.73,0.964,14,04
7444,I60_14_05.png,I60.png,1.97,0.706,14,05
7445,I60_15_01.png,I60.png,4.2,0.909,15,01
7446,I60_15_02.png,I60.png,2.97,0.752,15,02
7447,I60_15_03.png,I60.png,2.3,0.823,15,03
7448,I60_15_04.png,I60.png,1.87,0.718,15,04
7449,I60_15_05.png,I60.png,1.57,0.616,15,05
7450,I60_16_01.png,I60.png,4.57,0.496,16,01
7451,I60_16_02.png,I60.png,4.53,0.499,16,02
7452,I60_16_03.png,I60.png,3.43,0.883,16,03
7453,I60_16_04.png,I60.png,3.1,0.907,16,04
7454,I60_16_05.png,I60.png,1.93,0.929,16,05
7455,I60_17_01.png,I60.png,4.47,0.499,17,01
7456,I60_17_02.png,I60.png,4.5,0.563,17,02
7457,I60_17_03.png,I60.png,4.33,0.537,17,03
7458,I60_17_04.png,I60.png,3.47,0.921,17,04
7459,I60_17_05.png,I60.png,2.4,0.987,17,05
7460,I60_18_01.png,I60.png,4.5,0.671,18,01
7461,I60_18_02.png,I60.png,4.8,0.4,18,02
7462,I60_18_03.png,I60.png,4.65,0.478,18,03
7463,I60_18_04.png,I60.png,4.63,0.482,18,04
7464,I60_18_05.png,I60.png,4.13,0.846,18,05
7465,I60_19_01.png,I60.png,4.5,0.719,19,01
7466,I60_19_02.png,I60.png,3.73,0.814,19,02
7467,I60_19_03.png,I60.png,3.6,0.712,19,03
7468,I60_19_04.png,I60.png,2.13,0.618,19,04
7469,I60_19_05.png,I60.png,1.37,0.482,19,05
7470,I60_20_01.png,I60.png,4.27,0.964,20,01
7471,I60_20_02.png,I60.png,3.8,0.872,20,02
7472,I60_20_03.png,I60.png,3.6,1.227,20,03
7473,I60_20_04.png,I60.png,3.63,1.08,20,04
7474,I60_20_05.png,I60.png,3.33,1.193,20,05
7475,I60_21_01.png,I60.png,3.93,0.814,21,01
7476,I60_21_02.png,I60.png,3.5,0.957,21,02
7477,I60_21_03.png,I60.png,3.37,0.836,21,03
7478,I60_21_04.png,I60.png,3.13,1.056,21,04
7479,I60_21_05.png,I60.png,1.93,0.929,21,05
7480,I60_22_01.png,I60.png,4.27,0.814,22,01
7481,I60_22_02.png,I60.png,4.2,0.792,22,02
7482,I60_22_03.png,I60.png,3.83,0.934,22,03
7483,I60_22_04.png,I60.png,3.4,1.083,22,04
7484,I60_22_05.png,I60.png,3.17,0.934,22,05
7485,I60_23_01.png,I60.png,3.03,0.795,23,01
7486,I60_23_02.png,I60.png,2.81,1.33,23,02
7487,I60_23_03.png,I60.png,2.3,0.862,23,03
7488,I60_23_04.png,I60.png,1.8,0.702,23,04
7489,I60_23_05.png,I60.png,2.13,0.763,23,05
7490,I60_24_01.png,I60.png,3.6,1.052,24,01
7491,I60_24_02.png,I60.png,2.9,1.012,24,02
7492,I60_24_03.png,I60.png,2.13,0.846,24,03
7493,I60_24_04.png,I60.png,1.47,0.499,24,04
7494,I60_24_05.png,I60.png,1.57,0.616,24,05
7495,I60_25_01.png,I60.png,3.13,1.147,25,01
7496,I60_25_02.png,I60.png,3.93,0.772,25,02
7497,I60_25_03.png,I60.png,4.43,0.496,25,03
7498,I60_25_04.png,I60.png,4.1,0.943,25,04
7499,I60_25_05.png,I60.png,3.8,0.748,25,05
7500,I61_01_01.png,I61.png,4.47,0.562,01,01
7501,I61_01_02.png,I61.png,4.63,0.482,01,02
7502,I61_01_03.png,I61.png,2.73,0.854,01,03
7503,I61_01_04.png,I61.png,1.97,0.706,01,04
7504,I61_01_05.png,I61.png,1.13,0.34,01,05
7505,I61_02_01.png,I61.png,3.67,0.596,02,01
7506,I61_02_02.png,I61.png,2.87,0.846,02,02
7507,I61_02_03.png,I61.png,1.67,0.65,02,03
7508,I61_02_04.png,I61.png,1.27,0.442,02,04
7509,I61_02_05.png,I61.png,1.3,0.64,02,05
7510,I61_03_01.png,I61.png,4.43,0.716,03,01
7511,I61_03_02.png,I61.png,4.03,0.647,03,02
7512,I61_03_03.png,I61.png,2.37,0.657,03,03
7513,I61_03_04.png,I61.png,2.0,0.632,03,04
7514,I61_03_05.png,I61.png,1.45,0.559,03,05
7515,I61_04_01.png,I61.png,4.27,0.772,04,01
7516,I61_04_02.png,I61.png,2.7,0.971,04,02
7517,I61_04_03.png,I61.png,1.73,0.772,04,03
7518,I61_04_04.png,I61.png,1.5,0.719,04,04
7519,I61_04_05.png,I61.png,1.23,0.423,04,05
7520,I61_05_01.png,I61.png,4.47,0.618,05,01
7521,I61_05_02.png,I61.png,2.17,0.86,05,02
7522,I61_05_03.png,I61.png,1.77,0.559,05,03
7523,I61_05_04.png,I61.png,1.83,0.734,05,04
7524,I61_05_05.png,I61.png,1.63,0.706,05,05
7525,I61_06_01.png,I61.png,4.6,0.554,06,01
7526,I61_06_02.png,I61.png,4.17,0.778,06,02
7527,I61_06_03.png,I61.png,4.33,0.699,06,03
7528,I61_06_04.png,I61.png,3.73,0.929,06,04
7529,I61_06_05.png,I61.png,2.4,0.987,06,05
7530,I61_07_01.png,I61.png,2.9,1.106,07,01
7531,I61_07_02.png,I61.png,2.47,0.957,07,02
7532,I61_07_03.png,I61.png,2.33,1.247,07,03
7533,I61_07_04.png,I61.png,2.8,1.046,07,04
7534,I61_07_05.png,I61.png,1.87,0.763,07,05
7535,I61_08_01.png,I61.png,4.6,0.49,08,01
7536,I61_08_02.png,I61.png,3.57,0.716,08,02
7537,I61_08_03.png,I61.png,3.1,0.978,08,03
7538,I61_08_04.png,I61.png,2.1,0.943,08,04
7539,I61_08_05.png,I61.png,1.7,0.64,08,05
7540,I61_09_01.png,I61.png,4.67,0.471,09,01
7541,I61_09_02.png,I61.png,3.4,0.917,09,02
7542,I61_09_03.png,I61.png,3.4,1.083,09,03
7543,I61_09_04.png,I61.png,1.6,0.8,09,04
7544,I61_09_05.png,I61.png,1.23,0.423,09,05
7545,I61_10_01.png,I61.png,4.27,0.772,10,01
7546,I61_10_02.png,I61.png,4.1,0.746,10,02
7547,I61_10_03.png,I61.png,3.63,0.836,10,03
7548,I61_10_04.png,I61.png,1.93,0.573,10,04
7549,I61_10_05.png,I61.png,1.47,0.562,10,05
7550,I61_11_01.png,I61.png,4.17,0.687,11,01
7551,I61_11_02.png,I61.png,3.3,0.971,11,02
7552,I61_11_03.png,I61.png,2.9,0.978,11,03
7553,I61_11_04.png,I61.png,2.6,0.757,11,04
7554,I61_11_05.png,I61.png,2.37,0.836,11,05
7555,I61_12_01.png,I61.png,4.63,0.482,12,01
7556,I61_12_02.png,I61.png,3.83,0.734,12,02
7557,I61_12_03.png,I61.png,3.23,0.667,12,03
7558,I61_12_04.png,I61.png,2.8,0.909,12,04
7559,I61_12_05.png,I61.png,2.63,0.752,12,05
7560,I61_13_01.png,I61.png,3.87,0.806,13,01
7561,I61_13_02.png,I61.png,2.83,0.969,13,02
7562,I61_13_03.png,I61.png,2.73,0.854,13,03
7563,I61_13_04.png,I61.png,2.47,1.024,13,04
7564,I61_13_05.png,I61.png,2.1,1.012,13,05
7565,I61_14_01.png,I61.png,4.47,0.499,14,01
7566,I61_14_02.png,I61.png,3.32,0.736,14,02
7567,I61_14_03.png,I61.png,2.67,0.83,14,03
7568,I61_14_04.png,I61.png,2.43,0.883,14,04
7569,I61_14_05.png,I61.png,2.3,0.737,14,05
7570,I61_15_01.png,I61.png,3.6,0.879,15,01
7571,I61_15_02.png,I61.png,3.2,0.748,15,02
7572,I61_15_03.png,I61.png,2.67,0.745,15,03
7573,I61_15_04.png,I61.png,1.8,0.4,15,04
7574,I61_15_05.png,I61.png,1.53,0.499,15,05
7575,I61_16_01.png,I61.png,4.67,0.471,16,01
7576,I61_16_02.png,I61.png,4.3,0.586,16,02
7577,I61_16_03.png,I61.png,3.57,0.92,16,03
7578,I61_16_04.png,I61.png,3.0,0.966,16,04
7579,I61_16_05.png,I61.png,1.9,0.746,16,05
7580,I61_17_01.png,I61.png,4.53,0.718,17,01
7581,I61_17_02.png,I61.png,4.5,0.5,17,02
7582,I61_17_03.png,I61.png,4.1,0.651,17,03
7583,I61_17_04.png,I61.png,2.83,0.86,17,04
7584,I61_17_05.png,I61.png,1.93,0.854,17,05
7585,I61_18_01.png,I61.png,4.1,0.651,18,01
7586,I61_18_02.png,I61.png,4.43,0.496,18,02
7587,I61_18_03.png,I61.png,4.7,0.458,18,03
7588,I61_18_04.png,I61.png,4.1,0.79,18,04
7589,I61_18_05.png,I61.png,3.63,0.795,18,05
7590,I61_19_01.png,I61.png,4.48,0.5,19,01
7591,I61_19_02.png,I61.png,3.5,0.885,19,02
7592,I61_19_03.png,I61.png,2.5,0.719,19,03
7593,I61_19_04.png,I61.png,1.57,0.559,19,04
7594,I61_19_05.png,I61.png,1.03,0.18,19,05
7595,I61_20_01.png,I61.png,4.47,0.67,20,01
7596,I61_20_02.png,I61.png,4.57,0.616,20,02
7597,I61_20_03.png,I61.png,4.43,0.803,20,03
7598,I61_20_04.png,I61.png,4.03,0.836,20,04
7599,I61_20_05.png,I61.png,4.33,0.869,20,05
7600,I61_21_01.png,I61.png,4.0,0.894,21,01
7601,I61_21_02.png,I61.png,3.27,0.929,21,02
7602,I61_21_03.png,I61.png,2.63,0.875,21,03
7603,I61_21_04.png,I61.png,2.27,0.892,21,04
7604,I61_21_05.png,I61.png,1.13,0.34,21,05
7605,I61_22_01.png,I61.png,4.27,0.772,22,01
7606,I61_22_02.png,I61.png,4.23,0.803,22,02
7607,I61_22_03.png,I61.png,4.0,0.894,22,03
7608,I61_22_04.png,I61.png,3.1,0.79,22,04
7609,I61_22_05.png,I61.png,2.7,0.737,22,05
7610,I61_23_01.png,I61.png,2.9,1.136,23,01
7611,I61_23_02.png,I61.png,2.2,0.872,23,02
7612,I61_23_03.png,I61.png,2.53,0.957,23,03
7613,I61_23_04.png,I61.png,2.23,0.883,23,04
7614,I61_23_05.png,I61.png,2.23,0.989,23,05
7615,I61_24_01.png,I61.png,3.3,1.005,24,01
7616,I61_24_02.png,I61.png,2.3,1.005,24,02
7617,I61_24_03.png,I61.png,1.67,0.65,24,03
7618,I61_24_04.png,I61.png,1.53,0.846,24,04
7619,I61_24_05.png,I61.png,1.27,0.573,24,05
7620,I61_25_01.png,I61.png,2.67,0.978,25,01
7621,I61_25_02.png,I61.png,3.67,0.83,25,02
7622,I61_25_03.png,I61.png,4.17,0.778,25,03
7623,I61_25_04.png,I61.png,4.33,0.596,25,04
7624,I61_25_05.png,I61.png,3.53,0.763,25,05
7625,I62_01_01.png,I62.png,4.63,0.657,01,01
7626,I62_01_02.png,I62.png,4.03,0.605,01,02
7627,I62_01_03.png,I62.png,2.6,0.8,01,03
7628,I62_01_04.png,I62.png,1.87,0.67,01,04
7629,I62_01_05.png,I62.png,1.43,0.496,01,05
7630,I62_02_01.png,I62.png,3.8,0.748,02,01
7631,I62_02_02.png,I62.png,2.4,0.757,02,02
7632,I62_02_03.png,I62.png,1.8,0.6,02,03
7633,I62_02_04.png,I62.png,1.47,0.562,02,04
7634,I62_02_05.png,I62.png,1.47,0.499,02,05
7635,I62_03_01.png,I62.png,4.27,0.629,03,01
7636,I62_03_02.png,I62.png,3.47,0.763,03,02
7637,I62_03_03.png,I62.png,2.3,0.781,03,03
7638,I62_03_04.png,I62.png,1.8,0.6,03,04
7639,I62_03_05.png,I62.png,1.47,0.562,03,05
7640,I62_04_01.png,I62.png,4.53,0.67,04,01
7641,I62_04_02.png,I62.png,2.6,1.02,04,02
7642,I62_04_03.png,I62.png,2.3,0.781,04,03
7643,I62_04_04.png,I62.png,2.03,1.048,04,04
7644,I62_04_05.png,I62.png,1.4,0.554,04,05
7645,I62_05_01.png,I62.png,4.5,0.671,05,01
7646,I62_05_02.png,I62.png,2.03,0.836,05,02
7647,I62_05_03.png,I62.png,1.73,0.573,05,03
7648,I62_05_04.png,I62.png,1.63,0.605,05,04
7649,I62_05_05.png,I62.png,1.57,0.496,05,05
7650,I62_06_01.png,I62.png,4.17,0.86,06,01
7651,I62_06_02.png,I62.png,4.23,0.705,06,02
7652,I62_06_03.png,I62.png,3.94,0.669,06,03
7653,I62_06_04.png,I62.png,3.3,0.862,06,04
7654,I62_06_05.png,I62.png,2.4,0.879,06,05
7655,I62_07_01.png,I62.png,3.1,0.907,07,01
7656,I62_07_02.png,I62.png,2.73,1.062,07,02
7657,I62_07_03.png,I62.png,2.87,0.991,07,03
7658,I62_07_04.png,I62.png,2.6,0.917,07,04
7659,I62_07_05.png,I62.png,2.37,0.836,07,05
7660,I62_08_01.png,I62.png,4.5,0.619,08,01
7661,I62_08_02.png,I62.png,3.37,0.657,08,02
7662,I62_08_03.png,I62.png,2.8,0.872,08,03
7663,I62_08_04.png,I62.png,1.87,0.884,08,04
7664,I62_08_05.png,I62.png,1.8,0.872,08,05
7665,I62_09_01.png,I62.png,4.43,0.496,09,01
7666,I62_09_02.png,I62.png,3.9,0.978,09,02
7667,I62_09_03.png,I62.png,3.23,1.055,09,03
7668,I62_09_04.png,I62.png,1.73,0.772,09,04
7669,I62_09_05.png,I62.png,1.57,0.667,09,05
7670,I62_10_01.png,I62.png,4.23,0.803,10,01
7671,I62_10_02.png,I62.png,4.23,0.803,10,02
7672,I62_10_03.png,I62.png,3.93,0.814,10,03
7673,I62_10_04.png,I62.png,1.77,0.667,10,04
7674,I62_10_05.png,I62.png,1.47,0.718,10,05
7675,I62_11_01.png,I62.png,4.03,0.752,11,01
7676,I62_11_02.png,I62.png,3.5,0.885,11,02
7677,I62_11_03.png,I62.png,2.57,0.955,11,03
7678,I62_11_04.png,I62.png,2.68,0.778,11,04
7679,I62_11_05.png,I62.png,2.27,0.68,11,05
7680,I62_12_01.png,I62.png,4.53,0.499,12,01
7681,I62_12_02.png,I62.png,4.1,0.746,12,02
7682,I62_12_03.png,I62.png,3.03,0.752,12,03
7683,I62_12_04.png,I62.png,2.83,0.778,12,04
7684,I62_12_05.png,I62.png,2.37,0.657,12,05
7685,I62_13_01.png,I62.png,3.31,0.882,13,01
7686,I62_13_02.png,I62.png,2.67,0.83,13,02
7687,I62_13_03.png,I62.png,2.03,0.482,13,03
7688,I62_13_04.png,I62.png,2.33,0.83,13,04
7689,I62_13_05.png,I62.png,2.13,0.67,13,05
7690,I62_14_01.png,I62.png,4.37,0.547,14,01
7691,I62_14_02.png,I62.png,3.43,0.955,14,02
7692,I62_14_03.png,I62.png,2.57,0.844,14,03
7693,I62_14_04.png,I62.png,2.47,0.884,14,04
7694,I62_14_05.png,I62.png,2.2,0.6,14,05
7695,I62_15_01.png,I62.png,3.3,0.781,15,01
7696,I62_15_02.png,I62.png,2.2,0.702,15,02
7697,I62_15_03.png,I62.png,2.0,0.816,15,03
7698,I62_15_04.png,I62.png,1.63,0.547,15,04
7699,I62_15_05.png,I62.png,1.5,0.5,15,05
7700,I62_16_01.png,I62.png,4.2,0.792,16,01
7701,I62_16_02.png,I62.png,4.47,0.562,16,02
7702,I62_16_03.png,I62.png,3.83,0.734,16,03
7703,I62_16_04.png,I62.png,3.1,0.87,16,04
7704,I62_16_05.png,I62.png,2.0,0.816,16,05
7705,I62_17_01.png,I62.png,4.5,0.563,17,01
7706,I62_17_02.png,I62.png,4.3,0.586,17,02
7707,I62_17_03.png,I62.png,3.93,0.727,17,03
7708,I62_17_04.png,I62.png,2.67,1.043,17,04
7709,I62_17_05.png,I62.png,1.7,0.737,17,05
7710,I62_18_01.png,I62.png,4.38,0.484,18,01
7711,I62_18_02.png,I62.png,4.43,0.616,18,02
7712,I62_18_03.png,I62.png,4.37,0.657,18,03
7713,I62_18_04.png,I62.png,3.87,0.618,18,04
7714,I62_18_05.png,I62.png,3.07,1.093,18,05
7715,I62_19_01.png,I62.png,4.13,0.718,19,01
7716,I62_19_02.png,I62.png,3.93,0.629,19,02
7717,I62_19_03.png,I62.png,2.93,0.854,19,03
7718,I62_19_04.png,I62.png,1.83,0.86,19,04
7719,I62_19_05.png,I62.png,1.23,0.496,19,05
7720,I62_20_01.png,I62.png,3.97,0.875,20,01
7721,I62_20_02.png,I62.png,4.27,0.814,20,02
7722,I62_20_03.png,I62.png,4.27,0.814,20,03
7723,I62_20_04.png,I62.png,4.07,0.854,20,04
7724,I62_20_05.png,I62.png,3.53,1.024,20,05
7725,I62_21_01.png,I62.png,4.13,0.806,21,01
7726,I62_21_02.png,I62.png,3.37,1.08,21,02
7727,I62_21_03.png,I62.png,3.17,1.067,21,03
7728,I62_21_04.png,I62.png,2.97,1.251,21,04
7729,I62_21_05.png,I62.png,1.37,0.657,21,05
7730,I62_22_01.png,I62.png,4.4,0.49,22,01
7731,I62_22_02.png,I62.png,4.4,0.663,22,02
7732,I62_22_03.png,I62.png,4.13,0.763,22,03
7733,I62_22_04.png,I62.png,3.73,0.854,22,04
7734,I62_22_05.png,I62.png,2.8,0.945,22,05
7735,I62_23_01.png,I62.png,2.5,0.885,23,01
7736,I62_23_02.png,I62.png,2.4,0.712,23,02
7737,I62_23_03.png,I62.png,1.9,0.597,23,03
7738,I62_23_04.png,I62.png,2.17,0.734,23,04
7739,I62_23_05.png,I62.png,1.67,0.596,23,05
7740,I62_24_01.png,I62.png,3.23,0.989,24,01
7741,I62_24_02.png,I62.png,2.6,0.663,24,02
7742,I62_24_03.png,I62.png,2.07,0.772,24,03
7743,I62_24_04.png,I62.png,1.53,0.562,24,04
7744,I62_24_05.png,I62.png,1.27,0.442,24,05
7745,I62_25_01.png,I62.png,3.17,0.734,25,01
7746,I62_25_02.png,I62.png,3.13,1.024,25,02
7747,I62_25_03.png,I62.png,3.93,0.68,25,03
7748,I62_25_04.png,I62.png,4.03,0.875,25,04
7749,I62_25_05.png,I62.png,3.4,0.879,25,05
7750,I63_01_01.png,I63.png,4.67,0.471,01,01
7751,I63_01_02.png,I63.png,4.43,0.616,01,02
7752,I63_01_03.png,I63.png,2.6,0.712,01,03
7753,I63_01_04.png,I63.png,1.87,0.67,01,04
7754,I63_01_05.png,I63.png,1.3,0.458,01,05
7755,I63_02_01.png,I63.png,3.47,0.957,02,01
7756,I63_02_02.png,I63.png,2.47,0.67,02,02
7757,I63_02_03.png,I63.png,1.57,0.559,02,03
7758,I63_02_04.png,I63.png,1.27,0.442,02,04
7759,I63_02_05.png,I63.png,1.3,0.526,02,05
7760,I63_03_01.png,I63.png,4.5,0.5,03,01
7761,I63_03_02.png,I63.png,3.83,0.934,03,02
7762,I63_03_03.png,I63.png,2.77,0.667,03,03
7763,I63_03_04.png,I63.png,1.83,0.637,03,04
7764,I63_03_05.png,I63.png,1.5,0.5,03,05
7765,I63_04_01.png,I63.png,4.33,0.699,04,01
7766,I63_04_02.png,I63.png,2.8,0.945,04,02
7767,I63_04_03.png,I63.png,1.63,0.875,04,03
7768,I63_04_04.png,I63.png,1.33,0.596,04,04
7769,I63_04_05.png,I63.png,1.2,0.476,04,05
7770,I63_05_01.png,I63.png,3.77,0.92,05,01
7771,I63_05_02.png,I63.png,2.33,0.745,05,02
7772,I63_05_03.png,I63.png,1.8,0.6,05,03
7773,I63_05_04.png,I63.png,1.53,0.499,05,04
7774,I63_05_05.png,I63.png,1.53,0.562,05,05
7775,I63_06_01.png,I63.png,3.63,0.912,06,01
7776,I63_06_02.png,I63.png,3.48,1.103,06,02
7777,I63_06_03.png,I63.png,3.53,0.957,06,03
7778,I63_06_04.png,I63.png,2.83,0.86,06,04
7779,I63_06_05.png,I63.png,1.67,0.65,06,05
7780,I63_07_01.png,I63.png,2.9,1.075,07,01
7781,I63_07_02.png,I63.png,2.7,1.069,07,02
7782,I63_07_03.png,I63.png,2.57,0.989,07,03
7783,I63_07_04.png,I63.png,2.43,1.146,07,04
7784,I63_07_05.png,I63.png,2.4,1.281,07,05
7785,I63_08_01.png,I63.png,4.33,0.699,08,01
7786,I63_08_02.png,I63.png,3.7,0.823,08,02
7787,I63_08_03.png,I63.png,2.17,1.003,08,03
7788,I63_08_04.png,I63.png,1.4,0.554,08,04
7789,I63_08_05.png,I63.png,1.57,0.616,08,05
7790,I63_09_01.png,I63.png,4.57,0.559,09,01
7791,I63_09_02.png,I63.png,3.93,0.727,09,02
7792,I63_09_03.png,I63.png,3.43,0.803,09,03
7793,I63_09_04.png,I63.png,2.0,0.672,09,04
7794,I63_09_05.png,I63.png,1.2,0.748,09,05
7795,I63_10_01.png,I63.png,4.07,0.892,10,01
7796,I63_10_02.png,I63.png,4.3,0.781,10,02
7797,I63_10_03.png,I63.png,3.9,0.79,10,03
7798,I63_10_04.png,I63.png,2.33,0.699,10,04
7799,I63_10_05.png,I63.png,1.7,0.737,10,05
7800,I63_11_01.png,I63.png,3.93,0.814,11,01
7801,I63_11_02.png,I63.png,3.93,0.814,11,02
7802,I63_11_03.png,I63.png,3.3,0.781,11,03
7803,I63_11_04.png,I63.png,3.07,0.929,11,04
7804,I63_11_05.png,I63.png,2.5,0.619,11,05
7805,I63_12_01.png,I63.png,4.6,0.663,12,01
7806,I63_12_02.png,I63.png,3.77,0.559,12,02
7807,I63_12_03.png,I63.png,3.57,0.844,12,03
7808,I63_12_04.png,I63.png,2.87,0.846,12,04
7809,I63_12_05.png,I63.png,2.47,0.846,12,05
7810,I63_13_01.png,I63.png,3.97,1.048,13,01
7811,I63_13_02.png,I63.png,3.1,0.79,13,02
7812,I63_13_03.png,I63.png,2.45,0.782,13,03
7813,I63_13_04.png,I63.png,2.57,0.92,13,04
7814,I63_13_05.png,I63.png,2.4,0.841,13,05
7815,I63_14_01.png,I63.png,4.61,0.605,14,01
7816,I63_14_02.png,I63.png,3.83,0.734,14,02
7817,I63_14_03.png,I63.png,3.43,0.803,14,03
7818,I63_14_04.png,I63.png,2.83,0.734,14,04
7819,I63_14_05.png,I63.png,2.33,0.83,14,05
7820,I63_15_01.png,I63.png,3.93,0.512,15,01
7821,I63_15_02.png,I63.png,3.17,0.82,15,02
7822,I63_15_03.png,I63.png,2.63,0.875,15,03
7823,I63_15_04.png,I63.png,1.67,0.65,15,04
7824,I63_15_05.png,I63.png,1.37,0.482,15,05
7825,I63_16_01.png,I63.png,4.53,0.763,16,01
7826,I63_16_02.png,I63.png,4.2,0.6,16,02
7827,I63_16_03.png,I63.png,3.77,0.761,16,03
7828,I63_16_04.png,I63.png,3.1,0.943,16,04
7829,I63_16_05.png,I63.png,2.43,1.055,16,05
7830,I63_17_01.png,I63.png,4.6,0.49,17,01
7831,I63_17_02.png,I63.png,4.57,0.559,17,02
7832,I63_17_03.png,I63.png,4.27,0.68,17,03
7833,I63_17_04.png,I63.png,3.3,1.005,17,04
7834,I63_17_05.png,I63.png,1.83,0.82,17,05
7835,I63_18_01.png,I63.png,4.43,0.667,18,01
7836,I63_18_02.png,I63.png,4.67,0.471,18,02
7837,I63_18_03.png,I63.png,4.53,0.562,18,03
7838,I63_18_04.png,I63.png,4.4,0.554,18,04
7839,I63_18_05.png,I63.png,3.53,1.024,18,05
7840,I63_19_01.png,I63.png,4.37,0.482,19,01
7841,I63_19_02.png,I63.png,3.9,0.651,19,02
7842,I63_19_03.png,I63.png,2.77,0.844,19,03
7843,I63_19_04.png,I63.png,1.37,0.547,19,04
7844,I63_19_05.png,I63.png,1.13,0.34,19,05
7845,I63_20_01.png,I63.png,4.67,0.65,20,01
7846,I63_20_02.png,I63.png,4.47,0.846,20,02
7847,I63_20_03.png,I63.png,4.0,1.065,20,03
7848,I63_20_04.png,I63.png,3.03,1.251,20,04
7849,I63_20_05.png,I63.png,3.9,1.136,20,05
7850,I63_21_01.png,I63.png,3.93,0.573,21,01
7851,I63_21_02.png,I63.png,2.77,0.803,21,02
7852,I63_21_03.png,I63.png,2.6,0.917,21,03
7853,I63_21_04.png,I63.png,2.5,0.847,21,04
7854,I63_21_05.png,I63.png,1.3,0.458,21,05
7855,I63_22_01.png,I63.png,4.67,0.471,22,01
7856,I63_22_02.png,I63.png,4.47,0.718,22,02
7857,I63_22_03.png,I63.png,4.3,0.586,22,03
7858,I63_22_04.png,I63.png,3.83,0.637,22,04
7859,I63_22_05.png,I63.png,3.23,0.989,22,05
7860,I63_23_01.png,I63.png,3.6,1.052,23,01
7861,I63_23_02.png,I63.png,2.5,1.118,23,02
7862,I63_23_03.png,I63.png,2.1,0.87,23,03
7863,I63_23_04.png,I63.png,2.4,0.841,23,04
7864,I63_23_05.png,I63.png,1.97,0.657,23,05
7865,I63_24_01.png,I63.png,3.37,0.875,24,01
7866,I63_24_02.png,I63.png,2.67,0.978,24,02
7867,I63_24_03.png,I63.png,2.23,0.803,24,03
7868,I63_24_04.png,I63.png,1.33,0.537,24,04
7869,I63_24_05.png,I63.png,1.5,0.671,24,05
7870,I63_25_01.png,I63.png,3.3,0.9,25,01
7871,I63_25_02.png,I63.png,3.7,0.781,25,02
7872,I63_25_03.png,I63.png,4.23,0.803,25,03
7873,I63_25_04.png,I63.png,3.97,0.875,25,04
7874,I63_25_05.png,I63.png,3.59,0.744,25,05
7875,I64_01_01.png,I64.png,4.67,0.471,01,01
7876,I64_01_02.png,I64.png,4.4,0.554,01,02
7877,I64_01_03.png,I64.png,3.23,0.844,01,03
7878,I64_01_04.png,I64.png,1.83,0.637,01,04
7879,I64_01_05.png,I64.png,1.23,0.423,01,05
7880,I64_02_01.png,I64.png,4.13,0.718,02,01
7881,I64_02_02.png,I64.png,2.5,0.885,02,02
7882,I64_02_03.png,I64.png,1.55,0.614,02,03
7883,I64_02_04.png,I64.png,1.53,0.499,02,04
7884,I64_02_05.png,I64.png,1.43,0.496,02,05
7885,I64_03_01.png,I64.png,4.67,0.471,03,01
7886,I64_03_02.png,I64.png,4.07,0.442,03,02
7887,I64_03_03.png,I64.png,2.9,0.7,03,03
7888,I64_03_04.png,I64.png,2.17,0.453,03,04
7889,I64_03_05.png,I64.png,1.77,0.667,03,05
7890,I64_04_01.png,I64.png,4.32,0.642,04,01
7891,I64_04_02.png,I64.png,3.37,0.875,04,02
7892,I64_04_03.png,I64.png,2.07,0.998,04,03
7893,I64_04_04.png,I64.png,1.63,0.706,04,04
7894,I64_04_05.png,I64.png,1.4,0.49,04,05
7895,I64_05_01.png,I64.png,4.5,0.619,05,01
7896,I64_05_02.png,I64.png,2.4,0.611,05,02
7897,I64_05_03.png,I64.png,1.57,0.616,05,03
7898,I64_05_04.png,I64.png,1.6,0.49,05,04
7899,I64_05_05.png,I64.png,1.53,0.618,05,05
7900,I64_06_01.png,I64.png,3.8,0.833,06,01
7901,I64_06_02.png,I64.png,3.97,0.875,06,02
7902,I64_06_03.png,I64.png,3.65,0.935,06,03
7903,I64_06_04.png,I64.png,3.2,1.166,06,04
7904,I64_06_05.png,I64.png,2.67,0.789,06,05
7905,I64_07_01.png,I64.png,2.87,0.957,07,01
7906,I64_07_02.png,I64.png,2.53,0.884,07,02
7907,I64_07_03.png,I64.png,1.9,0.831,07,03
7908,I64_07_04.png,I64.png,2.3,1.069,07,04
7909,I64_07_05.png,I64.png,2.03,0.875,07,05
7910,I64_08_01.png,I64.png,4.4,0.554,08,01
7911,I64_08_02.png,I64.png,4.03,0.836,08,02
7912,I64_08_03.png,I64.png,3.07,0.929,08,03
7913,I64_08_04.png,I64.png,2.07,0.892,08,04
7914,I64_08_05.png,I64.png,1.73,0.772,08,05
7915,I64_09_01.png,I64.png,4.33,0.596,09,01
7916,I64_09_02.png,I64.png,4.1,0.7,09,02
7917,I64_09_03.png,I64.png,3.67,0.869,09,03
7918,I64_09_04.png,I64.png,2.1,0.7,09,04
7919,I64_09_05.png,I64.png,1.33,0.471,09,05
7920,I64_10_01.png,I64.png,4.23,0.616,10,01
7921,I64_10_02.png,I64.png,3.93,0.854,10,02
7922,I64_10_03.png,I64.png,3.97,0.657,10,03
7923,I64_10_04.png,I64.png,2.13,0.884,10,04
7924,I64_10_05.png,I64.png,1.4,0.554,10,05
7925,I64_11_01.png,I64.png,3.74,0.841,11,01
7926,I64_11_02.png,I64.png,3.37,0.605,11,02
7927,I64_11_03.png,I64.png,2.87,0.763,11,03
7928,I64_11_04.png,I64.png,2.8,1.077,11,04
7929,I64_11_05.png,I64.png,2.63,0.547,11,05
7930,I64_12_01.png,I64.png,4.47,0.67,12,01
7931,I64_12_02.png,I64.png,4.1,0.651,12,02
7932,I64_12_03.png,I64.png,3.34,0.69,12,03
7933,I64_12_04.png,I64.png,2.84,0.514,12,04
7934,I64_12_05.png,I64.png,2.6,0.663,12,05
7935,I64_13_01.png,I64.png,3.73,1.031,13,01
7936,I64_13_02.png,I64.png,3.37,0.948,13,02
7937,I64_13_03.png,I64.png,2.9,0.746,13,03
7938,I64_13_04.png,I64.png,2.53,0.957,13,04
7939,I64_13_05.png,I64.png,2.22,0.544,13,05
7940,I64_14_01.png,I64.png,4.47,0.618,14,01
7941,I64_14_02.png,I64.png,3.83,0.82,14,02
7942,I64_14_03.png,I64.png,3.33,0.869,14,03
7943,I64_14_04.png,I64.png,2.53,0.618,14,04
7944,I64_14_05.png,I64.png,2.2,0.6,14,05
7945,I64_15_01.png,I64.png,3.8,0.945,15,01
7946,I64_15_02.png,I64.png,3.13,0.884,15,02
7947,I64_15_03.png,I64.png,2.63,0.875,15,03
7948,I64_15_04.png,I64.png,1.47,0.499,15,04
7949,I64_15_05.png,I64.png,1.47,0.562,15,05
7950,I64_16_01.png,I64.png,4.43,0.761,16,01
7951,I64_16_02.png,I64.png,4.3,0.69,16,02
7952,I64_16_03.png,I64.png,3.57,0.761,16,03
7953,I64_16_04.png,I64.png,2.63,0.875,16,04
7954,I64_16_05.png,I64.png,1.53,0.618,16,05
7955,I64_17_01.png,I64.png,4.53,0.562,17,01
7956,I64_17_02.png,I64.png,4.57,0.496,17,02
7957,I64_17_03.png,I64.png,4.27,0.573,17,03
7958,I64_17_04.png,I64.png,3.8,0.6,17,04
7959,I64_17_05.png,I64.png,1.93,0.772,17,05
7960,I64_18_01.png,I64.png,4.3,0.586,18,01
7961,I64_18_02.png,I64.png,4.53,0.618,18,02
7962,I64_18_03.png,I64.png,4.67,0.471,18,03
7963,I64_18_04.png,I64.png,4.67,0.471,18,04
7964,I64_18_05.png,I64.png,3.97,0.657,18,05
7965,I64_19_01.png,I64.png,4.27,0.573,19,01
7966,I64_19_02.png,I64.png,3.8,0.702,19,02
7967,I64_19_03.png,I64.png,2.43,0.803,19,03
7968,I64_19_04.png,I64.png,1.32,0.467,19,04
7969,I64_19_05.png,I64.png,1.27,0.442,19,05
7970,I64_20_01.png,I64.png,4.33,0.83,20,01
7971,I64_20_02.png,I64.png,4.37,0.912,20,02
7972,I64_20_03.png,I64.png,3.93,0.964,20,03
7973,I64_20_04.png,I64.png,3.9,0.907,20,04
7974,I64_20_05.png,I64.png,3.53,1.056,20,05
7975,I64_21_01.png,I64.png,2.93,0.964,21,01
7976,I64_21_02.png,I64.png,2.39,0.973,21,02
7977,I64_21_03.png,I64.png,2.7,0.862,21,03
7978,I64_21_04.png,I64.png,2.07,0.772,21,04
7979,I64_21_05.png,I64.png,1.1,0.3,21,05
7980,I64_22_01.png,I64.png,4.37,0.706,22,01
7981,I64_22_02.png,I64.png,4.33,0.699,22,02
7982,I64_22_03.png,I64.png,4.07,0.68,22,03
7983,I64_22_04.png,I64.png,3.7,0.971,22,04
7984,I64_22_05.png,I64.png,3.07,0.929,22,05
7985,I64_23_01.png,I64.png,3.17,1.067,23,01
7986,I64_23_02.png,I64.png,2.37,0.948,23,02
7987,I64_23_03.png,I64.png,2.43,0.883,23,03
7988,I64_23_04.png,I64.png,2.0,0.775,23,04
7989,I64_23_05.png,I64.png,2.43,0.883,23,05
7990,I64_24_01.png,I64.png,3.63,0.948,24,01
7991,I64_24_02.png,I64.png,2.63,0.875,24,02
7992,I64_24_03.png,I64.png,2.57,0.716,24,03
7993,I64_24_04.png,I64.png,1.8,0.833,24,04
7994,I64_24_05.png,I64.png,1.33,0.699,24,05
7995,I64_25_01.png,I64.png,3.83,0.637,25,01
7996,I64_25_02.png,I64.png,4.2,0.653,25,02
7997,I64_25_03.png,I64.png,4.4,0.757,25,03
7998,I64_25_04.png,I64.png,4.23,0.716,25,04
7999,I64_25_05.png,I64.png,3.5,0.764,25,05
8000,I65_01_01.png,I65.png,4.77,0.423,01,01
8001,I65_01_02.png,I65.png,4.4,0.757,01,02
8002,I65_01_03.png,I65.png,2.6,0.952,01,03
8003,I65_01_04.png,I65.png,1.9,0.7,01,04
8004,I65_01_05.png,I65.png,1.33,0.471,01,05
8005,I65_02_01.png,I65.png,3.53,0.67,02,01
8006,I65_02_02.png,I65.png,2.17,0.734,02,02
8007,I65_02_03.png,I65.png,1.67,0.537,02,03
8008,I65_02_04.png,I65.png,1.4,0.554,02,04
8009,I65_02_05.png,I65.png,1.13,0.34,02,05
8010,I65_03_01.png,I65.png,4.7,0.526,03,01
8011,I65_03_02.png,I65.png,4.0,0.775,03,02
8012,I65_03_03.png,I65.png,2.6,0.663,03,03
8013,I65_03_04.png,I65.png,1.87,0.67,03,04
8014,I65_03_05.png,I65.png,1.5,0.5,03,05
8015,I65_04_01.png,I65.png,4.7,0.69,04,01
8016,I65_04_02.png,I65.png,3.2,0.98,04,02
8017,I65_04_03.png,I65.png,1.83,0.82,04,03
8018,I65_04_04.png,I65.png,2.5,1.232,04,04
8019,I65_04_05.png,I65.png,1.4,0.554,04,05
8020,I65_05_01.png,I65.png,3.77,0.955,05,01
8021,I65_05_02.png,I65.png,2.3,0.69,05,02
8022,I65_05_03.png,I65.png,1.97,0.657,05,03
8023,I65_05_04.png,I65.png,1.97,0.875,05,04
8024,I65_05_05.png,I65.png,1.73,0.727,05,05
8025,I65_06_01.png,I65.png,4.2,0.6,06,01
8026,I65_06_02.png,I65.png,4.0,0.894,06,02
8027,I65_06_03.png,I65.png,3.52,0.798,06,03
8028,I65_06_04.png,I65.png,3.0,0.931,06,04
8029,I65_06_05.png,I65.png,2.53,0.957,06,05
8030,I65_07_01.png,I65.png,3.33,0.943,07,01
8031,I65_07_02.png,I65.png,2.13,0.718,07,02
8032,I65_07_03.png,I65.png,2.33,0.943,07,03
8033,I65_07_04.png,I65.png,2.6,1.083,07,04
8034,I65_07_05.png,I65.png,2.13,0.921,07,05
8035,I65_08_01.png,I65.png,4.83,0.373,08,01
8036,I65_08_02.png,I65.png,3.6,0.712,08,02
8037,I65_08_03.png,I65.png,2.93,1.062,08,03
8038,I65_08_04.png,I65.png,2.17,1.157,08,04
8039,I65_08_05.png,I65.png,1.63,0.605,08,05
8040,I65_09_01.png,I65.png,4.5,0.563,09,01
8041,I65_09_02.png,I65.png,4.4,0.841,09,02
8042,I65_09_03.png,I65.png,3.4,0.879,09,03
8043,I65_09_04.png,I65.png,1.9,0.746,09,04
8044,I65_09_05.png,I65.png,1.3,0.458,09,05
8045,I65_10_01.png,I65.png,4.43,0.667,10,01
8046,I65_10_02.png,I65.png,4.4,0.554,10,02
8047,I65_10_03.png,I65.png,3.77,0.716,10,03
8048,I65_10_04.png,I65.png,1.53,0.562,10,04
8049,I65_10_05.png,I65.png,1.23,0.496,10,05
8050,I65_11_01.png,I65.png,3.5,0.619,11,01
8051,I65_11_02.png,I65.png,3.17,0.86,11,02
8052,I65_11_03.png,I65.png,2.73,0.727,11,03
8053,I65_11_04.png,I65.png,2.33,0.537,11,04
8054,I65_11_05.png,I65.png,2.3,0.737,11,05
8055,I65_12_01.png,I65.png,4.5,0.671,12,01
8056,I65_12_02.png,I65.png,3.47,0.67,12,02
8057,I65_12_03.png,I65.png,2.87,0.67,12,03
8058,I65_12_04.png,I65.png,2.5,0.922,12,04
8059,I65_12_05.png,I65.png,1.9,0.473,12,05
8060,I65_13_01.png,I65.png,3.33,0.869,13,01
8061,I65_13_02.png,I65.png,3.07,0.929,13,02
8062,I65_13_03.png,I65.png,2.43,0.803,13,03
8063,I65_13_04.png,I65.png,1.83,0.637,13,04
8064,I65_13_05.png,I65.png,2.3,0.781,13,05
8065,I65_14_01.png,I65.png,4.0,0.683,14,01
8066,I65_14_02.png,I65.png,3.07,0.814,14,02
8067,I65_14_03.png,I65.png,2.63,0.795,14,03
8068,I65_14_04.png,I65.png,2.23,0.803,14,04
8069,I65_14_05.png,I65.png,1.97,0.605,14,05
8070,I65_15_01.png,I65.png,3.63,0.875,15,01
8071,I65_15_02.png,I65.png,2.43,0.716,15,02
8072,I65_15_03.png,I65.png,2.1,0.651,15,03
8073,I65_15_04.png,I65.png,1.43,0.496,15,04
8074,I65_15_05.png,I65.png,1.47,0.562,15,05
8075,I65_16_01.png,I65.png,4.67,0.471,16,01
8076,I65_16_02.png,I65.png,4.33,0.699,16,02
8077,I65_16_03.png,I65.png,3.77,0.716,16,03
8078,I65_16_04.png,I65.png,3.0,0.856,16,04
8079,I65_16_05.png,I65.png,1.71,0.632,16,05
8080,I65_17_01.png,I65.png,4.63,0.657,17,01
8081,I65_17_02.png,I65.png,4.47,0.499,17,02
8082,I65_17_03.png,I65.png,4.67,0.471,17,03
8083,I65_17_04.png,I65.png,3.6,0.663,17,04
8084,I65_17_05.png,I65.png,2.57,0.883,17,05
8085,I65_18_01.png,I65.png,4.33,0.596,18,01
8086,I65_18_02.png,I65.png,4.7,0.458,18,02
8087,I65_18_03.png,I65.png,4.5,0.563,18,03
8088,I65_18_04.png,I65.png,4.47,0.67,18,04
8089,I65_18_05.png,I65.png,3.97,0.912,18,05
8090,I65_19_01.png,I65.png,4.57,0.496,19,01
8091,I65_19_02.png,I65.png,3.93,0.573,19,02
8092,I65_19_03.png,I65.png,2.5,0.619,19,03
8093,I65_19_04.png,I65.png,1.6,0.611,19,04
8094,I65_19_05.png,I65.png,1.27,0.442,19,05
8095,I65_20_01.png,I65.png,4.6,0.49,20,01
8096,I65_20_02.png,I65.png,4.3,0.69,20,02
8097,I65_20_03.png,I65.png,4.2,0.909,20,03
8098,I65_20_04.png,I65.png,4.3,1.005,20,04
8099,I65_20_05.png,I65.png,3.2,1.275,20,05
8100,I65_21_01.png,I65.png,3.9,1.012,21,01
8101,I65_21_02.png,I65.png,2.83,0.969,21,02
8102,I65_21_03.png,I65.png,2.77,0.883,21,03
8103,I65_21_04.png,I65.png,2.33,0.978,21,04
8104,I65_21_05.png,I65.png,1.27,0.442,21,05
8105,I65_22_01.png,I65.png,4.5,0.764,22,01
8106,I65_22_02.png,I65.png,3.53,0.957,22,02
8107,I65_22_03.png,I65.png,3.2,1.046,22,03
8108,I65_22_04.png,I65.png,2.83,0.969,22,04
8109,I65_22_05.png,I65.png,2.17,0.778,22,05
8110,I65_23_01.png,I65.png,2.97,1.303,23,01
8111,I65_23_02.png,I65.png,3.47,1.258,23,02
8112,I65_23_03.png,I65.png,3.03,1.197,23,03
8113,I65_23_04.png,I65.png,2.2,1.166,23,04
8114,I65_23_05.png,I65.png,1.9,0.907,23,05
8115,I65_24_01.png,I65.png,3.67,0.745,24,01
8116,I65_24_02.png,I65.png,2.97,1.048,24,02
8117,I65_24_03.png,I65.png,2.07,0.68,24,03
8118,I65_24_04.png,I65.png,2.0,0.683,24,04
8119,I65_24_05.png,I65.png,1.37,0.605,24,05
8120,I65_25_01.png,I65.png,3.87,0.67,25,01
8121,I65_25_02.png,I65.png,4.07,0.573,25,02
8122,I65_25_03.png,I65.png,4.43,0.559,25,03
8123,I65_25_04.png,I65.png,4.47,0.562,25,04
8124,I65_25_05.png,I65.png,3.57,0.92,25,05
8125,I66_01_01.png,I66.png,4.63,0.482,01,01
8126,I66_01_02.png,I66.png,4.48,0.5,01,02
8127,I66_01_03.png,I66.png,2.97,0.836,01,03
8128,I66_01_04.png,I66.png,1.73,0.512,01,04
8129,I66_01_05.png,I66.png,1.4,0.554,01,05
8130,I66_02_01.png,I66.png,3.8,0.792,02,01
8131,I66_02_02.png,I66.png,2.83,0.778,02,02
8132,I66_02_03.png,I66.png,1.8,0.653,02,03
8133,I66_02_04.png,I66.png,1.53,0.562,02,04
8134,I66_02_05.png,I66.png,1.37,0.482,02,05
8135,I66_03_01.png,I66.png,4.63,0.482,03,01
8136,I66_03_02.png,I66.png,4.1,0.651,03,02
8137,I66_03_03.png,I66.png,2.83,0.734,03,03
8138,I66_03_04.png,I66.png,2.23,0.761,03,04
8139,I66_03_05.png,I66.png,1.5,0.563,03,05
8140,I66_04_01.png,I66.png,4.4,0.554,04,01
8141,I66_04_02.png,I66.png,2.57,0.955,04,02
8142,I66_04_03.png,I66.png,1.7,0.823,04,03
8143,I66_04_04.png,I66.png,1.67,0.907,04,04
8144,I66_04_05.png,I66.png,1.47,0.618,04,05
8145,I66_05_01.png,I66.png,4.07,0.854,05,01
8146,I66_05_02.png,I66.png,2.3,0.737,05,02
8147,I66_05_03.png,I66.png,1.9,0.746,05,03
8148,I66_05_04.png,I66.png,1.8,0.702,05,04
8149,I66_05_05.png,I66.png,1.67,0.596,05,05
8150,I66_06_01.png,I66.png,4.2,0.872,06,01
8151,I66_06_02.png,I66.png,4.0,0.632,06,02
8152,I66_06_03.png,I66.png,3.77,0.844,06,03
8153,I66_06_04.png,I66.png,3.13,0.957,06,04
8154,I66_06_05.png,I66.png,2.43,0.92,06,05
8155,I66_07_01.png,I66.png,2.63,0.948,07,01
8156,I66_07_02.png,I66.png,2.2,0.909,07,02
8157,I66_07_03.png,I66.png,2.57,1.257,07,03
8158,I66_07_04.png,I66.png,2.27,1.123,07,04
8159,I66_07_05.png,I66.png,2.0,0.775,07,05
8160,I66_08_01.png,I66.png,4.5,0.563,08,01
8161,I66_08_02.png,I66.png,3.77,0.667,08,02
8162,I66_08_03.png,I66.png,2.43,0.92,08,03
8163,I66_08_04.png,I66.png,1.97,0.912,08,04
8164,I66_08_05.png,I66.png,1.73,0.68,08,05
8165,I66_09_01.png,I66.png,4.37,0.605,09,01
8166,I66_09_02.png,I66.png,4.37,0.706,09,02
8167,I66_09_03.png,I66.png,4.17,0.734,09,03
8168,I66_09_04.png,I66.png,2.23,0.803,09,04
8169,I66_09_05.png,I66.png,1.27,0.512,09,05
8170,I66_10_01.png,I66.png,4.43,0.667,10,01
8171,I66_10_02.png,I66.png,4.5,0.5,10,02
8172,I66_10_03.png,I66.png,3.97,0.752,10,03
8173,I66_10_04.png,I66.png,2.1,0.907,10,04
8174,I66_10_05.png,I66.png,1.47,0.562,10,05
8175,I66_11_01.png,I66.png,4.0,0.73,11,01
8176,I66_11_02.png,I66.png,3.03,0.836,11,02
8177,I66_11_03.png,I66.png,3.03,0.912,11,03
8178,I66_11_04.png,I66.png,2.87,0.763,11,04
8179,I66_11_05.png,I66.png,2.27,0.727,11,05
8180,I66_12_01.png,I66.png,4.47,0.67,12,01
8181,I66_12_02.png,I66.png,3.2,0.945,12,02
8182,I66_12_03.png,I66.png,3.07,0.892,12,03
8183,I66_12_04.png,I66.png,2.67,0.699,12,04
8184,I66_12_05.png,I66.png,2.4,0.757,12,05
8185,I66_13_01.png,I66.png,3.1,0.831,13,01
8186,I66_13_02.png,I66.png,2.57,0.844,13,02
8187,I66_13_03.png,I66.png,2.4,0.841,13,03
8188,I66_13_04.png,I66.png,2.2,0.748,13,04
8189,I66_13_05.png,I66.png,2.39,1.037,13,05
8190,I66_14_01.png,I66.png,4.5,0.5,14,01
8191,I66_14_02.png,I66.png,3.93,0.727,14,02
8192,I66_14_03.png,I66.png,3.77,0.803,14,03
8193,I66_14_04.png,I66.png,3.0,0.775,14,04
8194,I66_14_05.png,I66.png,2.43,0.844,14,05
8195,I66_15_01.png,I66.png,4.06,0.669,15,01
8196,I66_15_02.png,I66.png,3.2,0.909,15,02
8197,I66_15_03.png,I66.png,2.43,0.716,15,03
8198,I66_15_04.png,I66.png,1.87,0.618,15,04
8199,I66_15_05.png,I66.png,1.3,0.458,15,05
8200,I66_16_01.png,I66.png,4.57,0.496,16,01
8201,I66_16_02.png,I66.png,4.4,0.611,16,02
8202,I66_16_03.png,I66.png,3.9,0.651,16,03
8203,I66_16_04.png,I66.png,3.3,1.038,16,04
8204,I66_16_05.png,I66.png,2.27,0.814,16,05
8205,I66_17_01.png,I66.png,4.6,0.663,17,01
8206,I66_17_02.png,I66.png,4.37,0.605,17,02
8207,I66_17_03.png,I66.png,4.07,0.512,17,03
8208,I66_17_04.png,I66.png,3.43,0.803,17,04
8209,I66_17_05.png,I66.png,1.6,0.757,17,05
8210,I66_18_01.png,I66.png,4.47,0.562,18,01
8211,I66_18_02.png,I66.png,4.57,0.559,18,02
8212,I66_18_03.png,I66.png,4.57,0.667,18,03
8213,I66_18_04.png,I66.png,4.27,0.814,18,04
8214,I66_18_05.png,I66.png,3.87,0.763,18,05
8215,I66_19_01.png,I66.png,4.37,0.482,19,01
8216,I66_19_02.png,I66.png,3.87,0.806,19,02
8217,I66_19_03.png,I66.png,3.43,0.716,19,03
8218,I66_19_04.png,I66.png,1.93,0.727,19,04
8219,I66_19_05.png,I66.png,1.29,0.52,19,05
8220,I66_20_01.png,I66.png,4.52,0.561,20,01
8221,I66_20_02.png,I66.png,4.3,0.823,20,02
8222,I66_20_03.png,I66.png,3.5,0.885,20,03
8223,I66_20_04.png,I66.png,2.9,1.136,20,04
8224,I66_20_05.png,I66.png,3.8,0.98,20,05
8225,I66_21_01.png,I66.png,3.93,0.814,21,01
8226,I66_21_02.png,I66.png,2.47,0.884,21,02
8227,I66_21_03.png,I66.png,2.63,0.836,21,03
8228,I66_21_04.png,I66.png,3.27,1.263,21,04
8229,I66_21_05.png,I66.png,1.27,0.442,21,05
8230,I66_22_01.png,I66.png,4.33,0.699,22,01
8231,I66_22_02.png,I66.png,4.3,0.781,22,02
8232,I66_22_03.png,I66.png,3.0,1.078,22,03
8233,I66_22_04.png,I66.png,3.53,0.846,22,04
8234,I66_22_05.png,I66.png,2.9,0.978,22,05
8235,I66_23_01.png,I66.png,2.3,1.1,23,01
8236,I66_23_02.png,I66.png,2.61,0.868,23,02
8237,I66_23_03.png,I66.png,2.7,1.069,23,03
8238,I66_23_04.png,I66.png,2.23,0.761,23,04
8239,I66_23_05.png,I66.png,2.17,0.734,23,05
8240,I66_24_01.png,I66.png,3.37,1.016,24,01
8241,I66_24_02.png,I66.png,2.3,0.781,24,02
8242,I66_24_03.png,I66.png,1.83,0.687,24,03
8243,I66_24_04.png,I66.png,1.77,0.761,24,04
8244,I66_24_05.png,I66.png,1.2,0.4,24,05
8245,I66_25_01.png,I66.png,3.43,0.883,25,01
8246,I66_25_02.png,I66.png,3.73,0.854,25,02
8247,I66_25_03.png,I66.png,4.17,0.637,25,03
8248,I66_25_04.png,I66.png,4.23,0.559,25,04
8249,I66_25_05.png,I66.png,3.17,0.82,25,05
8250,I67_01_01.png,I67.png,4.63,0.547,01,01
8251,I67_01_02.png,I67.png,4.63,0.482,01,02
8252,I67_01_03.png,I67.png,3.1,0.907,01,03
8253,I67_01_04.png,I67.png,1.9,0.539,01,04
8254,I67_01_05.png,I67.png,1.27,0.442,01,05
8255,I67_02_01.png,I67.png,3.9,0.746,02,01
8256,I67_02_02.png,I67.png,2.8,0.872,02,02
8257,I67_02_03.png,I67.png,1.7,0.737,02,03
8258,I67_02_04.png,I67.png,1.43,0.496,02,04
8259,I67_02_05.png,I67.png,1.17,0.373,02,05
8260,I67_03_01.png,I67.png,4.5,0.806,03,01
8261,I67_03_02.png,I67.png,4.37,0.547,03,02
8262,I67_03_03.png,I67.png,2.7,0.862,03,03
8263,I67_03_04.png,I67.png,2.5,0.719,03,04
8264,I67_03_05.png,I67.png,1.63,0.706,03,05
8265,I67_04_01.png,I67.png,4.27,0.629,04,01
8266,I67_04_02.png,I67.png,1.63,0.836,04,02
8267,I67_04_03.png,I67.png,1.3,0.586,04,03
8268,I67_04_04.png,I67.png,1.16,0.368,04,04
8269,I67_04_05.png,I67.png,1.07,0.249,04,05
8270,I67_05_01.png,I67.png,4.3,0.781,05,01
8271,I67_05_02.png,I67.png,2.33,1.043,05,02
8272,I67_05_03.png,I67.png,2.07,0.772,05,03
8273,I67_05_04.png,I67.png,2.03,0.657,05,04
8274,I67_05_05.png,I67.png,2.2,0.909,05,05
8275,I67_06_01.png,I67.png,3.47,0.846,06,01
8276,I67_06_02.png,I67.png,3.4,0.8,06,02
8277,I67_06_03.png,I67.png,2.93,0.772,06,03
8278,I67_06_04.png,I67.png,2.47,0.718,06,04
8279,I67_06_05.png,I67.png,1.87,0.751,06,05
8280,I67_07_01.png,I67.png,2.6,0.879,07,01
8281,I67_07_02.png,I67.png,1.7,0.823,07,02
8282,I67_07_03.png,I67.png,2.77,1.283,07,03
8283,I67_07_04.png,I67.png,2.1,1.044,07,04
8284,I67_07_05.png,I67.png,2.0,1.033,07,05
8285,I67_08_01.png,I67.png,4.53,0.618,08,01
8286,I67_08_02.png,I67.png,2.5,0.885,08,02
8287,I67_08_03.png,I67.png,1.63,0.752,08,03
8288,I67_08_04.png,I67.png,1.37,0.482,08,04
8289,I67_08_05.png,I67.png,1.07,0.249,08,05
8290,I67_09_01.png,I67.png,4.67,0.471,09,01
8291,I67_09_02.png,I67.png,4.27,0.772,09,02
8292,I67_09_03.png,I67.png,3.6,1.052,09,03
8293,I67_09_04.png,I67.png,2.07,0.573,09,04
8294,I67_09_05.png,I67.png,1.13,0.34,09,05
8295,I67_10_01.png,I67.png,4.4,0.757,10,01
8296,I67_10_02.png,I67.png,4.3,0.64,10,02
8297,I67_10_03.png,I67.png,3.97,0.752,10,03
8298,I67_10_04.png,I67.png,1.87,0.806,10,04
8299,I67_10_05.png,I67.png,1.1,0.3,10,05
8300,I67_11_01.png,I67.png,3.87,0.921,11,01
8301,I67_11_02.png,I67.png,3.42,0.752,11,02
8302,I67_11_03.png,I67.png,2.93,0.68,11,03
8303,I67_11_04.png,I67.png,2.6,0.712,11,04
8304,I67_11_05.png,I67.png,2.3,0.737,11,05
8305,I67_12_01.png,I67.png,4.57,0.496,12,01
8306,I67_12_02.png,I67.png,3.6,0.8,12,02
8307,I67_12_03.png,I67.png,3.17,0.778,12,03
8308,I67_12_04.png,I67.png,2.63,0.875,12,04
8309,I67_12_05.png,I67.png,2.43,0.761,12,05
8310,I67_13_01.png,I67.png,3.3,0.936,13,01
8311,I67_13_02.png,I67.png,3.03,0.912,13,02
8312,I67_13_03.png,I67.png,2.7,0.971,13,03
8313,I67_13_04.png,I67.png,2.57,0.92,13,04
8314,I67_13_05.png,I67.png,2.07,0.772,13,05
8315,I67_14_01.png,I67.png,4.47,0.618,14,01
8316,I67_14_02.png,I67.png,3.67,0.83,14,02
8317,I67_14_03.png,I67.png,3.13,0.763,14,03
8318,I67_14_04.png,I67.png,2.53,0.718,14,04
8319,I67_14_05.png,I67.png,2.2,0.748,14,05
8320,I67_15_01.png,I67.png,3.6,0.841,15,01
8321,I67_15_02.png,I67.png,2.53,0.806,15,02
8322,I67_15_03.png,I67.png,2.0,0.775,15,03
8323,I67_15_04.png,I67.png,1.67,0.699,15,04
8324,I67_15_05.png,I67.png,1.5,0.563,15,05
8325,I67_16_01.png,I67.png,4.2,0.792,16,01
8326,I67_16_02.png,I67.png,4.0,0.632,16,02
8327,I67_16_03.png,I67.png,3.43,0.667,16,03
8328,I67_16_04.png,I67.png,2.8,0.98,16,04
8329,I67_16_05.png,I67.png,1.83,0.778,16,05
8330,I67_17_01.png,I67.png,4.57,0.496,17,01
8331,I67_17_02.png,I67.png,4.43,0.496,17,02
8332,I67_17_03.png,I67.png,3.97,0.752,17,03
8333,I67_17_04.png,I67.png,3.33,0.869,17,04
8334,I67_17_05.png,I67.png,2.13,1.024,17,05
8335,I67_18_01.png,I67.png,4.2,0.833,18,01
8336,I67_18_02.png,I67.png,4.43,0.716,18,02
8337,I67_18_03.png,I67.png,4.73,0.442,18,03
8338,I67_18_04.png,I67.png,4.37,0.706,18,04
8339,I67_18_05.png,I67.png,3.94,0.716,18,05
8340,I67_19_01.png,I67.png,4.37,0.605,19,01
8341,I67_19_02.png,I67.png,3.91,0.63,19,02
8342,I67_19_03.png,I67.png,3.27,0.629,19,03
8343,I67_19_04.png,I67.png,2.0,0.516,19,04
8344,I67_19_05.png,I67.png,1.4,0.49,19,05
8345,I67_20_01.png,I67.png,4.23,0.844,20,01
8346,I67_20_02.png,I67.png,4.33,0.745,20,02
8347,I67_20_03.png,I67.png,3.83,1.213,20,03
8348,I67_20_04.png,I67.png,2.1,1.075,20,04
8349,I67_20_05.png,I67.png,3.13,1.176,20,05
8350,I67_21_01.png,I67.png,4.07,0.929,21,01
8351,I67_21_02.png,I67.png,2.53,0.884,21,02
8352,I67_21_03.png,I67.png,2.47,0.921,21,03
8353,I67_21_04.png,I67.png,2.07,0.727,21,04
8354,I67_21_05.png,I67.png,1.2,0.4,21,05
8355,I67_22_01.png,I67.png,4.8,0.4,22,01
8356,I67_22_02.png,I67.png,4.57,0.559,22,02
8357,I67_22_03.png,I67.png,4.33,0.65,22,03
8358,I67_22_04.png,I67.png,4.2,0.792,22,04
8359,I67_22_05.png,I67.png,3.23,0.955,22,05
8360,I67_23_01.png,I67.png,3.53,1.087,23,01
8361,I67_23_02.png,I67.png,2.13,0.718,23,02
8362,I67_23_03.png,I67.png,2.53,0.846,23,03
8363,I67_23_04.png,I67.png,2.33,1.22,23,04
8364,I67_23_05.png,I67.png,2.03,1.08,23,05
8365,I67_24_01.png,I67.png,3.23,0.92,24,01
8366,I67_24_02.png,I67.png,2.4,0.841,24,02
8367,I67_24_03.png,I67.png,1.9,0.746,24,03
8368,I67_24_04.png,I67.png,1.43,0.559,24,04
8369,I67_24_05.png,I67.png,1.13,0.34,24,05
8370,I67_25_01.png,I67.png,3.23,0.92,25,01
8371,I67_25_02.png,I67.png,4.03,0.482,25,02
8372,I67_25_03.png,I67.png,4.07,0.727,25,03
8373,I67_25_04.png,I67.png,3.77,0.883,25,04
8374,I67_25_05.png,I67.png,3.27,1.062,25,05
8375,I68_01_01.png,I68.png,4.67,0.471,01,01
8376,I68_01_02.png,I68.png,4.33,0.65,01,02
8377,I68_01_03.png,I68.png,2.6,0.712,01,03
8378,I68_01_04.png,I68.png,1.67,0.537,01,04
8379,I68_01_05.png,I68.png,1.17,0.373,01,05
8380,I68_02_01.png,I68.png,3.6,0.712,02,01
8381,I68_02_02.png,I68.png,2.2,0.792,02,02
8382,I68_02_03.png,I68.png,1.5,0.5,02,03
8383,I68_02_04.png,I68.png,1.26,0.438,02,04
8384,I68_02_05.png,I68.png,1.06,0.246,02,05
8385,I68_03_01.png,I68.png,4.57,0.559,03,01
8386,I68_03_02.png,I68.png,4.1,0.978,03,02
8387,I68_03_03.png,I68.png,2.43,0.844,03,03
8388,I68_03_04.png,I68.png,2.0,0.73,03,04
8389,I68_03_05.png,I68.png,1.4,0.611,03,05
8390,I68_04_01.png,I68.png,4.43,0.616,04,01
8391,I68_04_02.png,I68.png,3.03,0.984,04,02
8392,I68_04_03.png,I68.png,1.77,0.761,04,03
8393,I68_04_04.png,I68.png,1.47,0.718,04,04
8394,I68_04_05.png,I68.png,1.3,0.526,04,05
8395,I68_05_01.png,I68.png,4.07,0.854,05,01
8396,I68_05_02.png,I68.png,2.17,0.86,05,02
8397,I68_05_03.png,I68.png,1.5,0.671,05,03
8398,I68_05_04.png,I68.png,1.77,0.616,05,04
8399,I68_05_05.png,I68.png,1.77,0.616,05,05
8400,I68_06_01.png,I68.png,3.5,1.057,06,01
8401,I68_06_02.png,I68.png,3.43,0.989,06,02
8402,I68_06_03.png,I68.png,3.1,0.831,06,03
8403,I68_06_04.png,I68.png,2.97,0.875,06,04
8404,I68_06_05.png,I68.png,2.16,0.766,06,05
8405,I68_07_01.png,I68.png,2.73,0.892,07,01
8406,I68_07_02.png,I68.png,2.27,0.998,07,02
8407,I68_07_03.png,I68.png,2.07,0.854,07,03
8408,I68_07_04.png,I68.png,1.87,0.957,07,04
8409,I68_07_05.png,I68.png,1.47,0.618,07,05
8410,I68_08_01.png,I68.png,4.7,0.64,08,01
8411,I68_08_02.png,I68.png,3.27,0.964,08,02
8412,I68_08_03.png,I68.png,2.5,0.992,08,03
8413,I68_08_04.png,I68.png,1.8,0.833,08,04
8414,I68_08_05.png,I68.png,1.67,0.699,08,05
8415,I68_09_01.png,I68.png,4.67,0.537,09,01
8416,I68_09_02.png,I68.png,4.2,0.792,09,02
8417,I68_09_03.png,I68.png,3.65,1.064,09,03
8418,I68_09_04.png,I68.png,2.07,0.892,09,04
8419,I68_09_05.png,I68.png,1.27,0.442,09,05
8420,I68_10_01.png,I68.png,4.2,0.702,10,01
8421,I68_10_02.png,I68.png,4.13,0.718,10,02
8422,I68_10_03.png,I68.png,3.6,0.879,10,03
8423,I68_10_04.png,I68.png,1.97,0.875,10,04
8424,I68_10_05.png,I68.png,1.23,0.423,10,05
8425,I68_11_01.png,I68.png,3.9,0.907,11,01
8426,I68_11_02.png,I68.png,3.07,0.772,11,02
8427,I68_11_03.png,I68.png,2.73,0.854,11,03
8428,I68_11_04.png,I68.png,2.8,0.653,11,04
8429,I68_11_05.png,I68.png,2.17,0.637,11,05
8430,I68_12_01.png,I68.png,4.33,0.65,12,01
8431,I68_12_02.png,I68.png,3.2,0.98,12,02
8432,I68_12_03.png,I68.png,2.97,1.048,12,03
8433,I68_12_04.png,I68.png,2.5,0.75,12,04
8434,I68_12_05.png,I68.png,1.97,0.657,12,05
8435,I68_13_01.png,I68.png,3.3,1.038,13,01
8436,I68_13_02.png,I68.png,2.9,0.831,13,02
8437,I68_13_03.png,I68.png,2.77,0.716,13,03
8438,I68_13_04.png,I68.png,2.23,0.716,13,04
8439,I68_13_05.png,I68.png,2.53,0.763,13,05
8440,I68_14_01.png,I68.png,4.6,0.49,14,01
8441,I68_14_02.png,I68.png,3.33,0.869,14,02
8442,I68_14_03.png,I68.png,2.9,0.831,14,03
8443,I68_14_04.png,I68.png,2.5,0.847,14,04
8444,I68_14_05.png,I68.png,1.87,0.618,14,05
8445,I68_15_01.png,I68.png,3.63,0.912,15,01
8446,I68_15_02.png,I68.png,2.35,0.825,15,02
8447,I68_15_03.png,I68.png,2.0,0.856,15,03
8448,I68_15_04.png,I68.png,1.4,0.49,15,04
8449,I68_15_05.png,I68.png,1.33,0.471,15,05
8450,I68_16_01.png,I68.png,4.73,0.442,16,01
8451,I68_16_02.png,I68.png,4.43,0.559,16,02
8452,I68_16_03.png,I68.png,3.3,0.9,16,03
8453,I68_16_04.png,I68.png,1.7,0.69,16,04
8454,I68_16_05.png,I68.png,1.5,0.563,16,05
8455,I68_17_01.png,I68.png,4.5,0.563,17,01
8456,I68_17_02.png,I68.png,4.7,0.526,17,02
8457,I68_17_03.png,I68.png,4.27,0.629,17,03
8458,I68_17_04.png,I68.png,3.6,0.841,17,04
8459,I68_17_05.png,I68.png,2.27,1.031,17,05
8460,I68_18_01.png,I68.png,4.03,0.836,18,01
8461,I68_18_02.png,I68.png,4.63,0.547,18,02
8462,I68_18_03.png,I68.png,4.6,0.49,18,03
8463,I68_18_04.png,I68.png,4.53,0.562,18,04
8464,I68_18_05.png,I68.png,4.2,0.653,18,05
8465,I68_19_01.png,I68.png,4.6,0.49,19,01
8466,I68_19_02.png,I68.png,4.2,0.6,19,02
8467,I68_19_03.png,I68.png,2.77,0.761,19,03
8468,I68_19_04.png,I68.png,1.77,0.667,19,04
8469,I68_19_05.png,I68.png,1.2,0.4,19,05
8470,I68_20_01.png,I68.png,4.43,0.496,20,01
8471,I68_20_02.png,I68.png,4.0,1.09,20,02
8472,I68_20_03.png,I68.png,4.6,0.49,20,03
8473,I68_20_04.png,I68.png,2.87,1.176,20,04
8474,I68_20_05.png,I68.png,3.53,1.258,20,05
8475,I68_21_01.png,I68.png,4.23,0.869,21,01
8476,I68_21_02.png,I68.png,2.8,0.98,21,02
8477,I68_21_03.png,I68.png,2.78,1.111,21,03
8478,I68_21_04.png,I68.png,2.63,1.251,21,04
8479,I68_21_05.png,I68.png,1.43,0.716,21,05
8480,I68_22_01.png,I68.png,4.27,0.814,22,01
8481,I68_22_02.png,I68.png,3.7,1.1,22,02
8482,I68_22_03.png,I68.png,3.77,1.023,22,03
8483,I68_22_04.png,I68.png,3.33,1.3,22,04
8484,I68_22_05.png,I68.png,2.9,1.075,22,05
8485,I68_23_01.png,I68.png,2.57,0.989,23,01
8486,I68_23_02.png,I68.png,2.5,0.992,23,02
8487,I68_23_03.png,I68.png,2.5,0.922,23,03
8488,I68_23_04.png,I68.png,2.2,0.872,23,04
8489,I68_23_05.png,I68.png,1.93,0.772,23,05
8490,I68_24_01.png,I68.png,3.17,1.003,24,01
8491,I68_24_02.png,I68.png,1.93,0.68,24,02
8492,I68_24_03.png,I68.png,1.83,0.637,24,03
8493,I68_24_04.png,I68.png,1.58,0.493,24,04
8494,I68_24_05.png,I68.png,1.1,0.3,24,05
8495,I68_25_01.png,I68.png,3.5,0.847,25,01
8496,I68_25_02.png,I68.png,4.23,0.803,25,02
8497,I68_25_03.png,I68.png,4.47,0.67,25,03
8498,I68_25_04.png,I68.png,4.03,0.657,25,04
8499,I68_25_05.png,I68.png,3.4,0.879,25,05
8500,I69_01_01.png,I69.png,4.48,0.713,01,01
8501,I69_01_02.png,I69.png,4.63,0.547,01,02
8502,I69_01_03.png,I69.png,3.4,0.757,01,03
8503,I69_01_04.png,I69.png,2.13,0.618,01,04
8504,I69_01_05.png,I69.png,1.4,0.49,01,05
8505,I69_02_01.png,I69.png,4.03,0.657,02,01
8506,I69_02_02.png,I69.png,3.23,0.803,02,02
8507,I69_02_03.png,I69.png,1.5,0.619,02,03
8508,I69_02_04.png,I69.png,1.4,0.554,02,04
8509,I69_02_05.png,I69.png,1.4,0.49,02,05
8510,I69_03_01.png,I69.png,4.5,0.563,03,01
8511,I69_03_02.png,I69.png,4.1,0.746,03,02
8512,I69_03_03.png,I69.png,3.3,0.823,03,03
8513,I69_03_04.png,I69.png,2.4,0.757,03,04
8514,I69_03_05.png,I69.png,1.87,0.618,03,05
8515,I69_04_01.png,I69.png,4.39,0.549,04,01
8516,I69_04_02.png,I69.png,2.97,1.08,04,02
8517,I69_04_03.png,I69.png,1.57,0.616,04,03
8518,I69_04_04.png,I69.png,1.3,0.586,04,04
8519,I69_04_05.png,I69.png,1.17,0.373,04,05
8520,I69_05_01.png,I69.png,4.6,0.554,05,01
8521,I69_05_02.png,I69.png,3.0,1.0,05,02
8522,I69_05_03.png,I69.png,1.93,0.727,05,03
8523,I69_05_04.png,I69.png,2.13,0.763,05,04
8524,I69_05_05.png,I69.png,2.47,0.846,05,05
8525,I69_06_01.png,I69.png,4.27,0.512,06,01
8526,I69_06_02.png,I69.png,3.7,0.69,06,02
8527,I69_06_03.png,I69.png,3.63,0.948,06,03
8528,I69_06_04.png,I69.png,3.27,0.814,06,04
8529,I69_06_05.png,I69.png,2.73,0.929,06,05
8530,I69_07_01.png,I69.png,2.47,0.884,07,01
8531,I69_07_02.png,I69.png,2.48,1.103,07,02
8532,I69_07_03.png,I69.png,2.39,1.037,07,03
8533,I69_07_04.png,I69.png,2.3,1.069,07,04
8534,I69_07_05.png,I69.png,2.58,1.071,07,05
8535,I69_08_01.png,I69.png,4.3,0.737,08,01
8536,I69_08_02.png,I69.png,3.69,0.768,08,02
8537,I69_08_03.png,I69.png,3.23,0.883,08,03
8538,I69_08_04.png,I69.png,2.0,0.683,08,04
8539,I69_08_05.png,I69.png,1.57,0.616,08,05
8540,I69_09_01.png,I69.png,4.3,0.9,09,01
8541,I69_09_02.png,I69.png,4.67,0.471,09,02
8542,I69_09_03.png,I69.png,4.2,0.792,09,03
8543,I69_09_04.png,I69.png,3.1,0.978,09,04
8544,I69_09_05.png,I69.png,1.53,0.562,09,05
8545,I69_10_01.png,I69.png,4.07,0.814,10,01
8546,I69_10_02.png,I69.png,4.07,0.892,10,02
8547,I69_10_03.png,I69.png,4.0,0.73,10,03
8548,I69_10_04.png,I69.png,2.03,0.795,10,04
8549,I69_10_05.png,I69.png,1.27,0.442,10,05
8550,I69_11_01.png,I69.png,3.8,0.872,11,01
8551,I69_11_02.png,I69.png,3.27,0.929,11,02
8552,I69_11_03.png,I69.png,3.27,0.772,11,03
8553,I69_11_04.png,I69.png,2.77,0.705,11,04
8554,I69_11_05.png,I69.png,2.23,0.883,11,05
8555,I69_12_01.png,I69.png,4.37,0.657,12,01
8556,I69_12_02.png,I69.png,3.37,1.016,12,02
8557,I69_12_03.png,I69.png,3.13,0.806,12,03
8558,I69_12_04.png,I69.png,2.87,0.846,12,04
8559,I69_12_05.png,I69.png,2.27,0.68,12,05
8560,I69_13_01.png,I69.png,3.83,0.898,13,01
8561,I69_13_02.png,I69.png,2.97,0.983,13,02
8562,I69_13_03.png,I69.png,2.73,0.68,13,03
8563,I69_13_04.png,I69.png,2.57,0.883,13,04
8564,I69_13_05.png,I69.png,2.13,0.67,13,05
8565,I69_14_01.png,I69.png,4.6,0.554,14,01
8566,I69_14_02.png,I69.png,4.1,0.79,14,02
8567,I69_14_03.png,I69.png,3.17,1.067,14,03
8568,I69_14_04.png,I69.png,2.93,0.964,14,04
8569,I69_14_05.png,I69.png,2.47,0.846,14,05
8570,I69_15_01.png,I69.png,3.77,0.92,15,01
8571,I69_15_02.png,I69.png,2.93,0.772,15,02
8572,I69_15_03.png,I69.png,2.47,0.718,15,03
8573,I69_15_04.png,I69.png,1.59,0.655,15,04
8574,I69_15_05.png,I69.png,1.33,0.471,15,05
8575,I69_16_01.png,I69.png,4.57,0.559,16,01
8576,I69_16_02.png,I69.png,4.1,0.7,16,02
8577,I69_16_03.png,I69.png,3.77,0.761,16,03
8578,I69_16_04.png,I69.png,3.33,0.869,16,04
8579,I69_16_05.png,I69.png,2.43,0.92,16,05
8580,I69_17_01.png,I69.png,4.67,0.65,17,01
8581,I69_17_02.png,I69.png,4.77,0.423,17,02
8582,I69_17_03.png,I69.png,4.27,0.442,17,03
8583,I69_17_04.png,I69.png,3.5,0.957,17,04
8584,I69_17_05.png,I69.png,1.87,0.618,17,05
8585,I69_18_01.png,I69.png,4.07,0.772,18,01
8586,I69_18_02.png,I69.png,4.53,0.562,18,02
8587,I69_18_03.png,I69.png,4.67,0.471,18,03
8588,I69_18_04.png,I69.png,4.43,0.559,18,04
8589,I69_18_05.png,I69.png,4.17,0.582,18,05
8590,I69_19_01.png,I69.png,4.27,0.772,19,01
8591,I69_19_02.png,I69.png,4.13,0.618,19,02
8592,I69_19_03.png,I69.png,3.03,0.674,19,03
8593,I69_19_04.png,I69.png,2.0,0.856,19,04
8594,I69_19_05.png,I69.png,1.3,0.526,19,05
8595,I69_20_01.png,I69.png,4.5,0.5,20,01
8596,I69_20_02.png,I69.png,3.63,1.251,20,02
8597,I69_20_03.png,I69.png,4.3,0.737,20,03
8598,I69_20_04.png,I69.png,3.8,1.249,20,04
8599,I69_20_05.png,I69.png,3.37,1.278,20,05
8600,I69_21_01.png,I69.png,3.6,0.8,21,01
8601,I69_21_02.png,I69.png,3.2,0.748,21,02
8602,I69_21_03.png,I69.png,3.23,0.955,21,03
8603,I69_21_04.png,I69.png,3.23,1.174,21,04
8604,I69_21_05.png,I69.png,1.57,0.559,21,05
8605,I69_22_01.png,I69.png,4.23,0.559,22,01
8606,I69_22_02.png,I69.png,4.33,0.83,22,02
8607,I69_22_03.png,I69.png,4.07,0.68,22,03
8608,I69_22_04.png,I69.png,3.77,0.844,22,04
8609,I69_22_05.png,I69.png,2.87,1.204,22,05
8610,I69_23_01.png,I69.png,2.2,0.945,23,01
8611,I69_23_02.png,I69.png,2.68,1.202,23,02
8612,I69_23_03.png,I69.png,2.43,1.023,23,03
8613,I69_23_04.png,I69.png,2.6,0.917,23,04
8614,I69_23_05.png,I69.png,2.07,0.68,23,05
8615,I69_24_01.png,I69.png,3.87,0.806,24,01
8616,I69_24_02.png,I69.png,3.4,0.757,24,02
8617,I69_24_03.png,I69.png,2.47,0.921,24,03
8618,I69_24_04.png,I69.png,1.5,0.563,24,04
8619,I69_24_05.png,I69.png,1.37,0.547,24,05
8620,I69_25_01.png,I69.png,3.53,0.957,25,01
8621,I69_25_02.png,I69.png,4.07,0.512,25,02
8622,I69_25_03.png,I69.png,4.5,0.5,25,03
8623,I69_25_04.png,I69.png,3.73,0.727,25,04
8624,I69_25_05.png,I69.png,2.93,0.964,25,05
8625,I70_01_01.png,I70.png,4.73,0.442,01,01
8626,I70_01_02.png,I70.png,4.73,0.442,01,02
8627,I70_01_03.png,I70.png,2.9,0.817,01,03
8628,I70_01_04.png,I70.png,1.93,0.68,01,04
8629,I70_01_05.png,I70.png,1.23,0.423,01,05
8630,I70_02_01.png,I70.png,4.23,0.761,02,01
8631,I70_02_02.png,I70.png,2.7,0.69,02,02
8632,I70_02_03.png,I70.png,1.77,0.667,02,03
8633,I70_02_04.png,I70.png,1.63,0.605,02,04
8634,I70_02_05.png,I70.png,1.23,0.423,02,05
8635,I70_03_01.png,I70.png,4.63,0.482,03,01
8636,I70_03_02.png,I70.png,4.5,0.5,03,02
8637,I70_03_03.png,I70.png,2.93,0.929,03,03
8638,I70_03_04.png,I70.png,2.17,0.582,03,04
8639,I70_03_05.png,I70.png,1.73,0.68,03,05
8640,I70_04_01.png,I70.png,4.63,0.482,04,01
8641,I70_04_02.png,I70.png,2.93,0.929,04,02
8642,I70_04_03.png,I70.png,1.73,0.727,04,03
8643,I70_04_04.png,I70.png,1.33,0.471,04,04
8644,I70_04_05.png,I70.png,1.33,0.537,04,05
8645,I70_05_01.png,I70.png,4.23,0.559,05,01
8646,I70_05_02.png,I70.png,2.1,0.79,05,02
8647,I70_05_03.png,I70.png,1.83,0.778,05,03
8648,I70_05_04.png,I70.png,1.9,0.651,05,04
8649,I70_05_05.png,I70.png,1.7,0.69,05,05
8650,I70_06_01.png,I70.png,4.03,0.948,06,01
8651,I70_06_02.png,I70.png,3.9,0.87,06,02
8652,I70_06_03.png,I70.png,3.23,1.086,06,03
8653,I70_06_04.png,I70.png,2.5,0.992,06,04
8654,I70_06_05.png,I70.png,1.67,0.537,06,05
8655,I70_07_01.png,I70.png,2.3,0.737,07,01
8656,I70_07_02.png,I70.png,1.97,0.795,07,02
8657,I70_07_03.png,I70.png,2.17,0.969,07,03
8658,I70_07_04.png,I70.png,2.3,1.13,07,04
8659,I70_07_05.png,I70.png,1.77,0.716,07,05
8660,I70_08_01.png,I70.png,4.73,0.442,08,01
8661,I70_08_02.png,I70.png,3.8,0.542,08,02
8662,I70_08_03.png,I70.png,2.87,1.056,08,03
8663,I70_08_04.png,I70.png,1.43,0.559,08,04
8664,I70_08_05.png,I70.png,1.23,0.423,08,05
8665,I70_09_01.png,I70.png,4.6,0.49,09,01
8666,I70_09_02.png,I70.png,4.53,0.499,09,02
8667,I70_09_03.png,I70.png,4.07,0.854,09,03
8668,I70_09_04.png,I70.png,2.07,0.892,09,04
8669,I70_09_05.png,I70.png,1.23,0.616,09,05
8670,I70_10_01.png,I70.png,4.5,0.5,10,01
8671,I70_10_02.png,I70.png,4.4,0.712,10,02
8672,I70_10_03.png,I70.png,3.97,0.822,10,03
8673,I70_10_04.png,I70.png,2.23,0.844,10,04
8674,I70_10_05.png,I70.png,1.23,0.423,10,05
8675,I70_11_01.png,I70.png,4.4,0.757,11,01
8676,I70_11_02.png,I70.png,3.5,0.922,11,02
8677,I70_11_03.png,I70.png,2.83,0.898,11,03
8678,I70_11_04.png,I70.png,2.7,0.823,11,04
8679,I70_11_05.png,I70.png,2.03,0.547,11,05
8680,I70_12_01.png,I70.png,4.63,0.482,12,01
8681,I70_12_02.png,I70.png,4.03,0.912,12,02
8682,I70_12_03.png,I70.png,3.1,0.87,12,03
8683,I70_12_04.png,I70.png,2.5,0.847,12,04
8684,I70_12_05.png,I70.png,2.53,0.763,12,05
8685,I70_13_01.png,I70.png,3.77,0.989,13,01
8686,I70_13_02.png,I70.png,2.97,0.948,13,02
8687,I70_13_03.png,I70.png,2.53,0.806,13,03
8688,I70_13_04.png,I70.png,2.23,0.803,13,04
8689,I70_13_05.png,I70.png,2.07,0.772,13,05
8690,I70_14_01.png,I70.png,4.57,0.496,14,01
8691,I70_14_02.png,I70.png,3.73,1.031,14,02
8692,I70_14_03.png,I70.png,3.07,0.629,14,03
8693,I70_14_04.png,I70.png,2.47,0.846,14,04
8694,I70_14_05.png,I70.png,2.1,0.831,14,05
8695,I70_15_01.png,I70.png,4.13,0.67,15,01
8696,I70_15_02.png,I70.png,2.87,0.991,15,02
8697,I70_15_03.png,I70.png,2.5,0.719,15,03
8698,I70_15_04.png,I70.png,1.77,0.667,15,04
8699,I70_15_05.png,I70.png,1.6,0.49,15,05
8700,I70_16_01.png,I70.png,4.7,0.458,16,01
8701,I70_16_02.png,I70.png,4.7,0.458,16,02
8702,I70_16_03.png,I70.png,4.03,0.706,16,03
8703,I70_16_04.png,I70.png,2.83,1.003,16,04
8704,I70_16_05.png,I70.png,2.13,0.806,16,05
8705,I70_17_01.png,I70.png,4.7,0.526,17,01
8706,I70_17_02.png,I70.png,4.7,0.458,17,02
8707,I70_17_03.png,I70.png,4.53,0.499,17,03
8708,I70_17_04.png,I70.png,3.97,0.657,17,04
8709,I70_17_05.png,I70.png,2.43,0.955,17,05
8710,I70_18_01.png,I70.png,4.37,0.752,18,01
8711,I70_18_02.png,I70.png,4.57,0.496,18,02
8712,I70_18_03.png,I70.png,4.6,0.49,18,03
8713,I70_18_04.png,I70.png,4.8,0.476,18,04
8714,I70_18_05.png,I70.png,4.43,0.496,18,05
8715,I70_19_01.png,I70.png,4.43,0.716,19,01
8716,I70_19_02.png,I70.png,3.9,0.7,19,02
8717,I70_19_03.png,I70.png,3.17,0.969,19,03
8718,I70_19_04.png,I70.png,1.57,0.616,19,04
8719,I70_19_05.png,I70.png,1.37,0.482,19,05
8720,I70_20_01.png,I70.png,3.77,1.174,20,01
8721,I70_20_02.png,I70.png,4.1,1.044,20,02
8722,I70_20_03.png,I70.png,3.53,0.957,20,03
8723,I70_20_04.png,I70.png,3.17,0.969,20,04
8724,I70_20_05.png,I70.png,1.74,0.915,20,05
8725,I70_21_01.png,I70.png,3.47,0.991,21,01
8726,I70_21_02.png,I70.png,2.6,1.083,21,02
8727,I70_21_03.png,I70.png,2.77,1.086,21,03
8728,I70_21_04.png,I70.png,2.2,0.945,21,04
8729,I70_21_05.png,I70.png,1.43,0.559,21,05
8730,I70_22_01.png,I70.png,4.63,0.605,22,01
8731,I70_22_02.png,I70.png,4.53,0.718,22,02
8732,I70_22_03.png,I70.png,4.37,0.836,22,03
8733,I70_22_04.png,I70.png,3.7,0.9,22,04
8734,I70_22_05.png,I70.png,2.73,0.998,22,05
8735,I70_23_01.png,I70.png,3.4,1.172,23,01
8736,I70_23_02.png,I70.png,2.43,0.883,23,02
8737,I70_23_03.png,I70.png,2.47,1.118,23,03
8738,I70_23_04.png,I70.png,2.67,1.075,23,04
8739,I70_23_05.png,I70.png,2.33,0.943,23,05
8740,I70_24_01.png,I70.png,3.7,0.971,24,01
8741,I70_24_02.png,I70.png,2.33,0.907,24,02
8742,I70_24_03.png,I70.png,2.0,0.718,24,03
8743,I70_24_04.png,I70.png,2.07,1.062,24,04
8744,I70_24_05.png,I70.png,1.37,0.605,24,05
8745,I70_25_01.png,I70.png,3.8,0.945,25,01
8746,I70_25_02.png,I70.png,4.0,1.033,25,02
8747,I70_25_03.png,I70.png,4.63,0.482,25,03
8748,I70_25_04.png,I70.png,4.23,0.761,25,04
8749,I70_25_05.png,I70.png,3.0,1.125,25,05
8750,I71_01_01.png,I71.png,4.63,0.482,01,01
8751,I71_01_02.png,I71.png,4.34,0.775,01,02
8752,I71_01_03.png,I71.png,2.7,0.823,01,03
8753,I71_01_04.png,I71.png,1.4,0.49,01,04
8754,I71_01_05.png,I71.png,1.23,0.418,01,05
8755,I71_02_01.png,I71.png,3.68,0.778,02,01
8756,I71_02_02.png,I71.png,2.33,0.943,02,02
8757,I71_02_03.png,I71.png,1.77,0.616,02,03
8758,I71_02_04.png,I71.png,1.4,0.554,02,04
8759,I71_02_05.png,I71.png,1.27,0.442,02,05
8760,I71_03_01.png,I71.png,4.47,0.618,03,01
8761,I71_03_02.png,I71.png,3.3,1.069,03,02
8762,I71_03_03.png,I71.png,2.87,0.921,03,03
8763,I71_03_04.png,I71.png,2.03,0.605,03,04
8764,I71_03_05.png,I71.png,1.5,0.619,03,05
8765,I71_04_01.png,I71.png,4.1,0.7,04,01
8766,I71_04_02.png,I71.png,2.57,0.844,04,02
8767,I71_04_03.png,I71.png,1.37,0.657,04,03
8768,I71_04_04.png,I71.png,1.47,0.562,04,04
8769,I71_04_05.png,I71.png,1.2,0.4,04,05
8770,I71_05_01.png,I71.png,4.5,0.671,05,01
8771,I71_05_02.png,I71.png,2.27,0.929,05,02
8772,I71_05_03.png,I71.png,1.87,0.718,05,03
8773,I71_05_04.png,I71.png,1.87,0.884,05,04
8774,I71_05_05.png,I71.png,1.77,0.559,05,05
8775,I71_06_01.png,I71.png,3.7,0.862,06,01
8776,I71_06_02.png,I71.png,3.8,0.748,06,02
8777,I71_06_03.png,I71.png,3.33,1.106,06,03
8778,I71_06_04.png,I71.png,3.23,0.844,06,04
8779,I71_06_05.png,I71.png,2.67,0.978,06,05
8780,I71_07_01.png,I71.png,3.0,0.966,07,01
8781,I71_07_02.png,I71.png,2.47,0.991,07,02
8782,I71_07_03.png,I71.png,2.4,1.172,07,03
8783,I71_07_04.png,I71.png,2.0,0.816,07,04
8784,I71_07_05.png,I71.png,1.87,0.884,07,05
8785,I71_08_01.png,I71.png,4.77,0.423,08,01
8786,I71_08_02.png,I71.png,3.2,1.046,08,02
8787,I71_08_03.png,I71.png,2.52,0.837,08,03
8788,I71_08_04.png,I71.png,1.7,0.586,08,04
8789,I71_08_05.png,I71.png,1.27,0.573,08,05
8790,I71_09_01.png,I71.png,4.53,0.618,09,01
8791,I71_09_02.png,I71.png,3.87,0.846,09,02
8792,I71_09_03.png,I71.png,3.6,1.02,09,03
8793,I71_09_04.png,I71.png,1.87,0.618,09,04
8794,I71_09_05.png,I71.png,1.07,0.249,09,05
8795,I71_10_01.png,I71.png,4.27,0.772,10,01
8796,I71_10_02.png,I71.png,3.87,0.806,10,02
8797,I71_10_03.png,I71.png,3.19,0.93,10,03
8798,I71_10_04.png,I71.png,1.43,0.496,10,04
8799,I71_10_05.png,I71.png,1.33,0.471,10,05
8800,I71_11_01.png,I71.png,3.33,0.745,11,01
8801,I71_11_02.png,I71.png,2.83,0.734,11,02
8802,I71_11_03.png,I71.png,2.47,0.718,11,03
8803,I71_11_04.png,I71.png,2.47,0.921,11,04
8804,I71_11_05.png,I71.png,1.93,0.68,11,05
8805,I71_12_01.png,I71.png,4.27,0.68,12,01
8806,I71_12_02.png,I71.png,3.3,0.862,12,02
8807,I71_12_03.png,I71.png,2.77,0.716,12,03
8808,I71_12_04.png,I71.png,2.33,0.745,12,04
8809,I71_12_05.png,I71.png,2.2,0.792,12,05
8810,I71_13_01.png,I71.png,3.5,0.806,13,01
8811,I71_13_02.png,I71.png,2.6,0.841,13,02
8812,I71_13_03.png,I71.png,2.53,0.763,13,03
8813,I71_13_04.png,I71.png,2.4,0.663,13,04
8814,I71_13_05.png,I71.png,2.07,0.772,13,05
8815,I71_14_01.png,I71.png,3.7,0.823,14,01
8816,I71_14_02.png,I71.png,2.87,0.884,14,02
8817,I71_14_03.png,I71.png,2.37,0.752,14,03
8818,I71_14_04.png,I71.png,1.87,0.618,14,04
8819,I71_14_05.png,I71.png,1.67,0.65,14,05
8820,I71_15_01.png,I71.png,3.0,0.984,15,01
8821,I71_15_02.png,I71.png,1.83,0.734,15,02
8822,I71_15_03.png,I71.png,1.67,0.65,15,03
8823,I71_15_04.png,I71.png,1.3,0.458,15,04
8824,I71_15_05.png,I71.png,1.17,0.373,15,05
8825,I71_16_01.png,I71.png,4.33,0.699,16,01
8826,I71_16_02.png,I71.png,4.17,0.82,16,02
8827,I71_16_03.png,I71.png,3.5,0.719,16,03
8828,I71_16_04.png,I71.png,2.17,0.778,16,04
8829,I71_16_05.png,I71.png,1.4,0.611,16,05
8830,I71_17_01.png,I71.png,4.43,0.716,17,01
8831,I71_17_02.png,I71.png,4.4,0.554,17,02
8832,I71_17_03.png,I71.png,4.23,0.559,17,03
8833,I71_17_04.png,I71.png,3.63,0.547,17,04
8834,I71_17_05.png,I71.png,2.5,0.957,17,05
8835,I71_18_01.png,I71.png,3.73,0.772,18,01
8836,I71_18_02.png,I71.png,4.3,0.781,18,02
8837,I71_18_03.png,I71.png,4.63,0.482,18,03
8838,I71_18_04.png,I71.png,4.2,0.6,18,04
8839,I71_18_05.png,I71.png,3.81,0.692,18,05
8840,I71_19_01.png,I71.png,4.53,0.618,19,01
8841,I71_19_02.png,I71.png,3.7,0.69,19,02
8842,I71_19_03.png,I71.png,2.87,0.957,19,03
8843,I71_19_04.png,I71.png,1.53,0.618,19,04
8844,I71_19_05.png,I71.png,1.6,0.49,19,05
8845,I71_20_01.png,I71.png,4.47,0.618,20,01
8846,I71_20_02.png,I71.png,3.7,1.159,20,02
8847,I71_20_03.png,I71.png,2.73,1.181,20,03
8848,I71_20_04.png,I71.png,2.43,1.055,20,04
8849,I71_20_05.png,I71.png,2.63,0.948,20,05
8850,I71_21_01.png,I71.png,3.43,1.146,21,01
8851,I71_21_02.png,I71.png,2.93,1.123,21,02
8852,I71_21_03.png,I71.png,2.6,1.2,21,03
8853,I71_21_04.png,I71.png,2.63,0.983,21,04
8854,I71_21_05.png,I71.png,1.5,0.5,21,05
8855,I71_22_01.png,I71.png,4.0,1.0,22,01
8856,I71_22_02.png,I71.png,3.53,0.846,22,02
8857,I71_22_03.png,I71.png,3.5,0.957,22,03
8858,I71_22_04.png,I71.png,3.17,0.969,22,04
8859,I71_22_05.png,I71.png,2.53,0.991,22,05
8860,I71_23_01.png,I71.png,2.3,0.737,23,01
8861,I71_23_02.png,I71.png,2.43,0.844,23,02
8862,I71_23_03.png,I71.png,1.8,0.792,23,03
8863,I71_23_04.png,I71.png,2.03,0.752,23,04
8864,I71_23_05.png,I71.png,2.1,0.943,23,05
8865,I71_24_01.png,I71.png,3.77,0.716,24,01
8866,I71_24_02.png,I71.png,2.93,0.854,24,02
8867,I71_24_03.png,I71.png,2.27,0.727,24,03
8868,I71_24_04.png,I71.png,1.8,0.6,24,04
8869,I71_24_05.png,I71.png,1.3,0.526,24,05
8870,I71_25_01.png,I71.png,3.3,0.781,25,01
8871,I71_25_02.png,I71.png,3.73,0.814,25,02
8872,I71_25_03.png,I71.png,4.23,0.667,25,03
8873,I71_25_04.png,I71.png,4.3,0.526,25,04
8874,I71_25_05.png,I71.png,3.77,0.761,25,05
8875,I72_01_01.png,I72.png,4.33,0.745,01,01
8876,I72_01_02.png,I72.png,4.27,0.772,01,02
8877,I72_01_03.png,I72.png,2.63,0.752,01,03
8878,I72_01_04.png,I72.png,1.83,0.687,01,04
8879,I72_01_05.png,I72.png,1.03,0.18,01,05
8880,I72_02_01.png,I72.png,3.47,0.67,02,01
8881,I72_02_02.png,I72.png,2.33,0.907,02,02
8882,I72_02_03.png,I72.png,1.6,0.611,02,03
8883,I72_02_04.png,I72.png,1.27,0.442,02,04
8884,I72_02_05.png,I72.png,1.13,0.34,02,05
8885,I72_03_01.png,I72.png,4.53,0.618,03,01
8886,I72_03_02.png,I72.png,4.07,0.727,03,02
8887,I72_03_03.png,I72.png,2.93,0.772,03,03
8888,I72_03_04.png,I72.png,1.9,0.539,03,04
8889,I72_03_05.png,I72.png,1.5,0.5,03,05
8890,I72_04_01.png,I72.png,4.27,0.68,04,01
8891,I72_04_02.png,I72.png,2.63,1.048,04,02
8892,I72_04_03.png,I72.png,2.07,1.062,04,03
8893,I72_04_04.png,I72.png,1.5,0.719,04,04
8894,I72_04_05.png,I72.png,1.6,0.663,04,05
8895,I72_05_01.png,I72.png,4.17,0.82,05,01
8896,I72_05_02.png,I72.png,2.2,0.872,05,02
8897,I72_05_03.png,I72.png,1.57,0.616,05,03
8898,I72_05_04.png,I72.png,1.4,0.49,05,04
8899,I72_05_05.png,I72.png,1.27,0.442,05,05
8900,I72_06_01.png,I72.png,4.07,0.727,06,01
8901,I72_06_02.png,I72.png,3.83,0.734,06,02
8902,I72_06_03.png,I72.png,3.1,0.943,06,03
8903,I72_06_04.png,I72.png,2.7,0.737,06,04
8904,I72_06_05.png,I72.png,2.17,0.898,06,05
8905,I72_07_01.png,I72.png,2.4,1.083,07,01
8906,I72_07_02.png,I72.png,2.7,1.1,07,02
8907,I72_07_03.png,I72.png,2.27,0.929,07,03
8908,I72_07_04.png,I72.png,2.37,1.016,07,04
8909,I72_07_05.png,I72.png,2.23,0.844,07,05
8910,I72_08_01.png,I72.png,4.33,0.745,08,01
8911,I72_08_02.png,I72.png,3.33,0.869,08,02
8912,I72_08_03.png,I72.png,2.6,0.8,08,03
8913,I72_08_04.png,I72.png,1.3,0.586,08,04
8914,I72_08_05.png,I72.png,1.23,0.418,08,05
8915,I72_09_01.png,I72.png,4.47,0.763,09,01
8916,I72_09_02.png,I72.png,4.4,0.554,09,02
8917,I72_09_03.png,I72.png,4.06,0.704,09,03
8918,I72_09_04.png,I72.png,2.17,0.86,09,04
8919,I72_09_05.png,I72.png,1.4,0.49,09,05
8920,I72_10_01.png,I72.png,4.17,0.898,10,01
8921,I72_10_02.png,I72.png,4.03,0.912,10,02
8922,I72_10_03.png,I72.png,3.9,0.746,10,03
8923,I72_10_04.png,I72.png,1.83,0.778,10,04
8924,I72_10_05.png,I72.png,1.4,0.663,10,05
8925,I72_11_01.png,I72.png,3.93,0.727,11,01
8926,I72_11_02.png,I72.png,3.5,0.806,11,02
8927,I72_11_03.png,I72.png,3.0,0.966,11,03
8928,I72_11_04.png,I72.png,2.5,0.719,11,04
8929,I72_11_05.png,I72.png,2.33,0.745,11,05
8930,I72_12_01.png,I72.png,4.3,0.64,12,01
8931,I72_12_02.png,I72.png,3.53,0.884,12,02
8932,I72_12_03.png,I72.png,3.23,0.92,12,03
8933,I72_12_04.png,I72.png,2.63,0.836,12,04
8934,I72_12_05.png,I72.png,2.1,0.7,12,05
8935,I72_13_01.png,I72.png,3.87,0.884,13,01
8936,I72_13_02.png,I72.png,2.97,0.657,13,02
8937,I72_13_03.png,I72.png,2.63,0.752,13,03
8938,I72_13_04.png,I72.png,2.3,0.737,13,04
8939,I72_13_05.png,I72.png,2.1,0.746,13,05
8940,I72_14_01.png,I72.png,4.33,0.789,14,01
8941,I72_14_02.png,I72.png,3.23,0.716,14,02
8942,I72_14_03.png,I72.png,2.52,0.837,14,03
8943,I72_14_04.png,I72.png,2.43,0.616,14,04
8944,I72_14_05.png,I72.png,1.7,0.69,14,05
8945,I72_15_01.png,I72.png,3.77,0.761,15,01
8946,I72_15_02.png,I72.png,2.9,0.746,15,02
8947,I72_15_03.png,I72.png,2.47,0.884,15,03
8948,I72_15_04.png,I72.png,1.77,0.607,15,04
8949,I72_15_05.png,I72.png,1.57,0.496,15,05
8950,I72_16_01.png,I72.png,4.57,0.496,16,01
8951,I72_16_02.png,I72.png,4.0,0.816,16,02
8952,I72_16_03.png,I72.png,3.33,0.83,16,03
8953,I72_16_04.png,I72.png,2.33,0.907,16,04
8954,I72_16_05.png,I72.png,1.55,0.711,16,05
8955,I72_17_01.png,I72.png,4.5,0.563,17,01
8956,I72_17_02.png,I72.png,4.43,0.559,17,02
8957,I72_17_03.png,I72.png,4.6,0.49,17,03
8958,I72_17_04.png,I72.png,3.67,0.699,17,04
8959,I72_17_05.png,I72.png,2.2,0.748,17,05
8960,I72_18_01.png,I72.png,3.47,0.763,18,01
8961,I72_18_02.png,I72.png,4.23,0.616,18,02
8962,I72_18_03.png,I72.png,4.5,0.619,18,03
8963,I72_18_04.png,I72.png,4.17,0.734,18,04
8964,I72_18_05.png,I72.png,3.87,0.921,18,05
8965,I72_19_01.png,I72.png,4.2,0.6,19,01
8966,I72_19_02.png,I72.png,3.6,0.712,19,02
8967,I72_19_03.png,I72.png,2.5,0.847,19,03
8968,I72_19_04.png,I72.png,1.53,0.562,19,04
8969,I72_19_05.png,I72.png,1.3,0.458,19,05
8970,I72_20_01.png,I72.png,4.43,0.667,20,01
8971,I72_20_02.png,I72.png,3.9,0.978,20,02
8972,I72_20_03.png,I72.png,3.9,0.79,20,03
8973,I72_20_04.png,I72.png,3.6,1.2,20,04
8974,I72_20_05.png,I72.png,4.1,1.106,20,05
8975,I72_21_01.png,I72.png,3.73,1.031,21,01
8976,I72_21_02.png,I72.png,2.37,0.752,21,02
8977,I72_21_03.png,I72.png,1.97,0.822,21,03
8978,I72_21_04.png,I72.png,2.07,0.68,21,04
8979,I72_21_05.png,I72.png,1.23,0.423,21,05
8980,I72_22_01.png,I72.png,4.5,0.619,22,01
8981,I72_22_02.png,I72.png,4.1,0.746,22,02
8982,I72_22_03.png,I72.png,3.87,0.884,22,03
8983,I72_22_04.png,I72.png,3.53,1.118,22,04
8984,I72_22_05.png,I72.png,3.3,0.69,22,05
8985,I72_23_01.png,I72.png,2.2,0.98,23,01
8986,I72_23_02.png,I72.png,2.33,0.869,23,02
8987,I72_23_03.png,I72.png,1.93,0.727,23,03
8988,I72_23_04.png,I72.png,1.8,0.702,23,04
8989,I72_23_05.png,I72.png,1.97,0.782,23,05
8990,I72_24_01.png,I72.png,2.94,0.801,24,01
8991,I72_24_02.png,I72.png,1.8,0.748,24,02
8992,I72_24_03.png,I72.png,1.77,0.667,24,03
8993,I72_24_04.png,I72.png,1.27,0.442,24,04
8994,I72_24_05.png,I72.png,1.33,0.699,24,05
8995,I72_25_01.png,I72.png,2.5,0.885,25,01
8996,I72_25_02.png,I72.png,3.6,0.757,25,02
8997,I72_25_03.png,I72.png,4.07,0.929,25,03
8998,I72_25_04.png,I72.png,4.2,0.833,25,04
8999,I72_25_05.png,I72.png,3.5,0.764,25,05
9000,I73_01_01.png,I73.png,4.63,0.547,01,01
9001,I73_01_02.png,I73.png,4.6,0.49,01,02
9002,I73_01_03.png,I73.png,3.13,0.921,01,03
9003,I73_01_04.png,I73.png,1.93,0.512,01,04
9004,I73_01_05.png,I73.png,1.17,0.373,01,05
9005,I73_02_01.png,I73.png,4.33,0.745,02,01
9006,I73_02_02.png,I73.png,2.35,0.698,02,02
9007,I73_02_03.png,I73.png,1.8,0.653,02,03
9008,I73_02_04.png,I73.png,1.3,0.458,02,04
9009,I73_02_05.png,I73.png,1.17,0.373,02,05
9010,I73_03_01.png,I73.png,4.63,0.482,03,01
9011,I73_03_02.png,I73.png,4.43,0.716,03,02
9012,I73_03_03.png,I73.png,3.37,1.016,03,03
9013,I73_03_04.png,I73.png,2.2,0.702,03,04
9014,I73_03_05.png,I73.png,1.77,0.559,03,05
9015,I73_04_01.png,I73.png,4.5,0.5,04,01
9016,I73_04_02.png,I73.png,3.03,0.836,04,02
9017,I73_04_03.png,I73.png,2.03,0.948,04,03
9018,I73_04_04.png,I73.png,1.7,0.823,04,04
9019,I73_04_05.png,I73.png,1.4,0.49,04,05
9020,I73_05_01.png,I73.png,4.07,0.929,05,01
9021,I73_05_02.png,I73.png,3.2,1.194,05,02
9022,I73_05_03.png,I73.png,2.4,0.952,05,03
9023,I73_05_04.png,I73.png,2.47,1.056,05,04
9024,I73_05_05.png,I73.png,1.73,0.727,05,05
9025,I73_06_01.png,I73.png,4.53,0.499,06,01
9026,I73_06_02.png,I73.png,4.27,0.727,06,02
9027,I73_06_03.png,I73.png,4.07,0.772,06,03
9028,I73_06_04.png,I73.png,3.43,0.803,06,04
9029,I73_06_05.png,I73.png,3.2,1.013,06,05
9030,I73_07_01.png,I73.png,3.07,1.062,07,01
9031,I73_07_02.png,I73.png,2.57,0.989,07,02
9032,I73_07_03.png,I73.png,2.2,1.013,07,03
9033,I73_07_04.png,I73.png,2.37,1.048,07,04
9034,I73_07_05.png,I73.png,1.83,0.687,07,05
9035,I73_08_01.png,I73.png,4.57,0.559,08,01
9036,I73_08_02.png,I73.png,3.33,1.011,08,02
9037,I73_08_03.png,I73.png,2.97,0.836,08,03
9038,I73_08_04.png,I73.png,2.07,0.892,08,04
9039,I73_08_05.png,I73.png,1.94,0.619,08,05
9040,I73_09_01.png,I73.png,4.73,0.442,09,01
9041,I73_09_02.png,I73.png,3.93,0.629,09,02
9042,I73_09_03.png,I73.png,2.93,0.854,09,03
9043,I73_09_04.png,I73.png,1.8,0.653,09,04
9044,I73_09_05.png,I73.png,1.43,0.496,09,05
9045,I73_10_01.png,I73.png,4.53,0.67,10,01
9046,I73_10_02.png,I73.png,4.07,0.727,10,02
9047,I73_10_03.png,I73.png,3.63,0.875,10,03
9048,I73_10_04.png,I73.png,2.0,0.775,10,04
9049,I73_10_05.png,I73.png,1.27,0.442,10,05
9050,I73_11_01.png,I73.png,3.93,0.772,11,01
9051,I73_11_02.png,I73.png,3.53,0.67,11,02
9052,I73_11_03.png,I73.png,2.57,0.803,11,03
9053,I73_11_04.png,I73.png,2.73,0.68,11,04
9054,I73_11_05.png,I73.png,2.26,0.67,11,05
9055,I73_12_01.png,I73.png,4.6,0.663,12,01
9056,I73_12_02.png,I73.png,3.57,0.559,12,02
9057,I73_12_03.png,I73.png,3.03,0.875,12,03
9058,I73_12_04.png,I73.png,2.47,0.718,12,04
9059,I73_12_05.png,I73.png,2.23,0.616,12,05
9060,I73_13_01.png,I73.png,3.03,0.752,13,01
9061,I73_13_02.png,I73.png,2.73,0.727,13,02
9062,I73_13_03.png,I73.png,2.47,0.618,13,03
9063,I73_13_04.png,I73.png,2.4,0.841,13,04
9064,I73_13_05.png,I73.png,2.2,0.542,13,05
9065,I73_14_01.png,I73.png,4.6,0.554,14,01
9066,I73_14_02.png,I73.png,3.5,0.885,14,02
9067,I73_14_03.png,I73.png,2.73,0.772,14,03
9068,I73_14_04.png,I73.png,2.63,0.605,14,04
9069,I73_14_05.png,I73.png,1.93,0.629,14,05
9070,I73_15_01.png,I73.png,3.8,0.702,15,01
9071,I73_15_02.png,I73.png,2.63,0.706,15,02
9072,I73_15_03.png,I73.png,2.07,0.727,15,03
9073,I73_15_04.png,I73.png,1.8,0.4,15,04
9074,I73_15_05.png,I73.png,1.63,0.657,15,05
9075,I73_16_01.png,I73.png,4.57,0.667,16,01
9076,I73_16_02.png,I73.png,4.37,0.605,16,02
9077,I73_16_03.png,I73.png,4.0,0.577,16,03
9078,I73_16_04.png,I73.png,3.1,1.075,16,04
9079,I73_16_05.png,I73.png,2.17,1.003,16,05
9080,I73_17_01.png,I73.png,4.83,0.373,17,01
9081,I73_17_02.png,I73.png,4.6,0.49,17,02
9082,I73_17_03.png,I73.png,4.33,0.471,17,03
9083,I73_17_04.png,I73.png,3.83,0.637,17,04
9084,I73_17_05.png,I73.png,2.83,0.86,17,05
9085,I73_18_01.png,I73.png,4.17,0.687,18,01
9086,I73_18_02.png,I73.png,4.3,0.64,18,02
9087,I73_18_03.png,I73.png,4.63,0.482,18,03
9088,I73_18_04.png,I73.png,4.5,0.563,18,04
9089,I73_18_05.png,I73.png,4.27,0.512,18,05
9090,I73_19_01.png,I73.png,4.57,0.667,19,01
9091,I73_19_02.png,I73.png,4.03,0.605,19,02
9092,I73_19_03.png,I73.png,2.93,0.854,19,03
9093,I73_19_04.png,I73.png,1.67,0.471,19,04
9094,I73_19_05.png,I73.png,1.16,0.368,19,05
9095,I73_20_01.png,I73.png,3.33,0.978,20,01
9096,I73_20_02.png,I73.png,3.87,1.176,20,02
9097,I73_20_03.png,I73.png,2.43,1.086,20,03
9098,I73_20_04.png,I73.png,3.35,1.064,20,04
9099,I73_20_05.png,I73.png,2.4,0.8,20,05
9100,I73_21_01.png,I73.png,2.83,1.003,21,01
9101,I73_21_02.png,I73.png,2.7,0.823,21,02
9102,I73_21_03.png,I73.png,2.1,0.79,21,03
9103,I73_21_04.png,I73.png,2.07,0.814,21,04
9104,I73_21_05.png,I73.png,1.33,0.471,21,05
9105,I73_22_01.png,I73.png,4.33,0.596,22,01
9106,I73_22_02.png,I73.png,4.17,0.86,22,02
9107,I73_22_03.png,I73.png,3.8,0.98,22,03
9108,I73_22_04.png,I73.png,3.27,0.964,22,04
9109,I73_22_05.png,I73.png,2.93,0.964,22,05
9110,I73_23_01.png,I73.png,2.83,1.003,23,01
9111,I73_23_02.png,I73.png,2.33,0.65,23,02
9112,I73_23_03.png,I73.png,2.47,1.024,23,03
9113,I73_23_04.png,I73.png,2.07,0.854,23,04
9114,I73_23_05.png,I73.png,2.53,1.024,23,05
9115,I73_24_01.png,I73.png,4.3,0.64,24,01
9116,I73_24_02.png,I73.png,3.2,0.872,24,02
9117,I73_24_03.png,I73.png,2.47,0.806,24,03
9118,I73_24_04.png,I73.png,2.0,0.894,24,04
9119,I73_24_05.png,I73.png,1.53,0.718,24,05
9120,I73_25_01.png,I73.png,3.57,0.761,25,01
9121,I73_25_02.png,I73.png,4.09,0.514,25,02
9122,I73_25_03.png,I73.png,4.5,0.563,25,03
9123,I73_25_04.png,I73.png,4.23,0.616,25,04
9124,I73_25_05.png,I73.png,3.33,0.978,25,05
9125,I74_01_01.png,I74.png,4.7,0.458,01,01
9126,I74_01_02.png,I74.png,4.43,0.616,01,02
9127,I74_01_03.png,I74.png,3.0,0.73,01,03
9128,I74_01_04.png,I74.png,2.1,0.7,01,04
9129,I74_01_05.png,I74.png,1.4,0.554,01,05
9130,I74_02_01.png,I74.png,4.1,0.651,02,01
9131,I74_02_02.png,I74.png,2.87,0.763,02,02
9132,I74_02_03.png,I74.png,1.83,0.522,02,03
9133,I74_02_04.png,I74.png,1.37,0.605,02,04
9134,I74_02_05.png,I74.png,1.39,0.649,02,05
9135,I74_03_01.png,I74.png,4.57,0.559,03,01
9136,I74_03_02.png,I74.png,4.33,0.537,03,02
9137,I74_03_03.png,I74.png,3.0,0.718,03,03
9138,I74_03_04.png,I74.png,2.27,0.512,03,04
9139,I74_03_05.png,I74.png,1.73,0.814,03,05
9140,I74_04_01.png,I74.png,4.58,0.555,04,01
9141,I74_04_02.png,I74.png,2.9,1.075,04,02
9142,I74_04_03.png,I74.png,2.47,0.884,04,03
9143,I74_04_04.png,I74.png,2.13,0.763,04,04
9144,I74_04_05.png,I74.png,1.57,0.616,04,05
9145,I74_05_01.png,I74.png,4.6,0.49,05,01
9146,I74_05_02.png,I74.png,2.9,1.012,05,02
9147,I74_05_03.png,I74.png,1.8,0.748,05,03
9148,I74_05_04.png,I74.png,1.8,0.6,05,04
9149,I74_05_05.png,I74.png,1.3,0.526,05,05
9150,I74_06_01.png,I74.png,4.3,0.69,06,01
9151,I74_06_02.png,I74.png,4.23,0.496,06,02
9152,I74_06_03.png,I74.png,4.1,0.79,06,03
9153,I74_06_04.png,I74.png,3.23,0.883,06,04
9154,I74_06_05.png,I74.png,2.77,0.883,06,05
9155,I74_07_01.png,I74.png,2.73,1.153,07,01
9156,I74_07_02.png,I74.png,2.33,0.907,07,02
9157,I74_07_03.png,I74.png,2.8,1.222,07,03
9158,I74_07_04.png,I74.png,2.1,0.978,07,04
9159,I74_07_05.png,I74.png,2.4,0.952,07,05
9160,I74_08_01.png,I74.png,4.6,0.8,08,01
9161,I74_08_02.png,I74.png,3.0,0.916,08,02
9162,I74_08_03.png,I74.png,2.63,0.948,08,03
9163,I74_08_04.png,I74.png,1.83,0.778,08,04
9164,I74_08_05.png,I74.png,1.63,0.706,08,05
9165,I74_09_01.png,I74.png,4.4,0.49,09,01
9166,I74_09_02.png,I74.png,4.57,0.496,09,02
9167,I74_09_03.png,I74.png,4.03,0.706,09,03
9168,I74_09_04.png,I74.png,2.57,0.761,09,04
9169,I74_09_05.png,I74.png,1.23,0.423,09,05
9170,I74_10_01.png,I74.png,4.37,0.547,10,01
9171,I74_10_02.png,I74.png,4.5,0.563,10,02
9172,I74_10_03.png,I74.png,4.13,0.793,10,03
9173,I74_10_04.png,I74.png,2.9,0.978,10,04
9174,I74_10_05.png,I74.png,2.03,0.752,10,05
9175,I74_11_01.png,I74.png,4.4,0.611,11,01
9176,I74_11_02.png,I74.png,4.23,0.803,11,02
9177,I74_11_03.png,I74.png,3.73,0.998,11,03
9178,I74_11_04.png,I74.png,3.43,0.883,11,04
9179,I74_11_05.png,I74.png,3.23,0.844,11,05
9180,I74_12_01.png,I74.png,4.37,0.912,12,01
9181,I74_12_02.png,I74.png,4.37,0.605,12,02
9182,I74_12_03.png,I74.png,4.0,0.73,12,03
9183,I74_12_04.png,I74.png,3.58,0.908,12,04
9184,I74_12_05.png,I74.png,3.19,0.916,12,05
9185,I74_13_01.png,I74.png,4.2,0.945,13,01
9186,I74_13_02.png,I74.png,3.73,1.031,13,02
9187,I74_13_03.png,I74.png,3.0,1.095,13,03
9188,I74_13_04.png,I74.png,2.6,0.8,13,04
9189,I74_13_05.png,I74.png,2.13,0.67,13,05
9190,I74_14_01.png,I74.png,4.67,0.471,14,01
9191,I74_14_02.png,I74.png,4.3,0.781,14,02
9192,I74_14_03.png,I74.png,3.73,0.854,14,03
9193,I74_14_04.png,I74.png,3.0,0.816,14,04
9194,I74_14_05.png,I74.png,2.6,0.879,14,05
9195,I74_15_01.png,I74.png,4.07,0.814,15,01
9196,I74_15_02.png,I74.png,3.07,0.727,15,02
9197,I74_15_03.png,I74.png,2.53,0.618,15,03
9198,I74_15_04.png,I74.png,1.93,0.629,15,04
9199,I74_15_05.png,I74.png,1.87,0.562,15,05
9200,I74_16_01.png,I74.png,4.3,0.737,16,01
9201,I74_16_02.png,I74.png,4.42,0.661,16,02
9202,I74_16_03.png,I74.png,3.67,0.907,16,03
9203,I74_16_04.png,I74.png,2.6,0.879,16,04
9204,I74_16_05.png,I74.png,1.77,0.803,16,05
9205,I74_17_01.png,I74.png,4.8,0.4,17,01
9206,I74_17_02.png,I74.png,4.33,0.699,17,02
9207,I74_17_03.png,I74.png,4.17,0.898,17,03
9208,I74_17_04.png,I74.png,4.0,0.672,17,04
9209,I74_17_05.png,I74.png,2.67,0.978,17,05
9210,I74_18_01.png,I74.png,4.2,0.476,18,01
9211,I74_18_02.png,I74.png,4.6,0.49,18,02
9212,I74_18_03.png,I74.png,4.43,0.716,18,03
9213,I74_18_04.png,I74.png,4.4,0.49,18,04
9214,I74_18_05.png,I74.png,3.87,0.67,18,05
9215,I74_19_01.png,I74.png,4.33,0.745,19,01
9216,I74_19_02.png,I74.png,4.1,0.79,19,02
9217,I74_19_03.png,I74.png,2.73,0.727,19,03
9218,I74_19_04.png,I74.png,1.5,0.619,19,04
9219,I74_19_05.png,I74.png,1.53,0.499,19,05
9220,I74_20_01.png,I74.png,4.3,0.586,20,01
9221,I74_20_02.png,I74.png,3.67,1.135,20,02
9222,I74_20_03.png,I74.png,3.63,1.169,20,03
9223,I74_20_04.png,I74.png,3.1,1.136,20,04
9224,I74_20_05.png,I74.png,2.67,1.043,20,05
9225,I74_21_01.png,I74.png,3.93,1.031,21,01
9226,I74_21_02.png,I74.png,3.23,1.116,21,02
9227,I74_21_03.png,I74.png,2.27,0.68,21,03
9228,I74_21_04.png,I74.png,2.43,0.803,21,04
9229,I74_21_05.png,I74.png,1.47,0.618,21,05
9230,I74_22_01.png,I74.png,4.43,0.559,22,01
9231,I74_22_02.png,I74.png,4.5,0.563,22,02
9232,I74_22_03.png,I74.png,4.3,0.737,22,03
9233,I74_22_04.png,I74.png,4.4,0.554,22,04
9234,I74_22_05.png,I74.png,3.67,1.011,22,05
9235,I74_23_01.png,I74.png,2.27,1.031,23,01
9236,I74_23_02.png,I74.png,2.3,0.823,23,02
9237,I74_23_03.png,I74.png,2.23,0.883,23,03
9238,I74_23_04.png,I74.png,1.83,0.778,23,04
9239,I74_23_05.png,I74.png,2.03,0.795,23,05
9240,I74_24_01.png,I74.png,3.63,0.752,24,01
9241,I74_24_02.png,I74.png,2.63,0.875,24,02
9242,I74_24_03.png,I74.png,2.33,0.699,24,03
9243,I74_24_04.png,I74.png,1.73,0.727,24,04
9244,I74_24_05.png,I74.png,1.3,0.458,24,05
9245,I74_25_01.png,I74.png,3.5,0.992,25,01
9246,I74_25_02.png,I74.png,3.87,0.618,25,02
9247,I74_25_03.png,I74.png,4.43,0.559,25,03
9248,I74_25_04.png,I74.png,3.9,0.651,25,04
9249,I74_25_05.png,I74.png,3.03,0.875,25,05
9250,I75_01_01.png,I75.png,4.37,0.752,01,01
9251,I75_01_02.png,I75.png,4.43,0.496,01,02
9252,I75_01_03.png,I75.png,2.5,0.806,01,03
9253,I75_01_04.png,I75.png,1.87,0.718,01,04
9254,I75_01_05.png,I75.png,1.4,0.554,01,05
9255,I75_02_01.png,I75.png,4.03,0.752,02,01
9256,I75_02_02.png,I75.png,2.67,0.869,02,02
9257,I75_02_03.png,I75.png,1.52,0.561,02,03
9258,I75_02_04.png,I75.png,1.6,0.49,02,04
9259,I75_02_05.png,I75.png,1.27,0.512,02,05
9260,I75_03_01.png,I75.png,4.5,0.619,03,01
9261,I75_03_02.png,I75.png,3.97,0.657,03,02
9262,I75_03_03.png,I75.png,2.57,0.761,03,03
9263,I75_03_04.png,I75.png,2.03,0.795,03,04
9264,I75_03_05.png,I75.png,1.8,0.6,03,05
9265,I75_04_01.png,I75.png,4.47,0.562,04,01
9266,I75_04_02.png,I75.png,2.61,0.904,04,02
9267,I75_04_03.png,I75.png,1.73,0.854,04,03
9268,I75_04_04.png,I75.png,1.7,0.781,04,04
9269,I75_04_05.png,I75.png,1.6,0.663,04,05
9270,I75_05_01.png,I75.png,4.13,0.763,05,01
9271,I75_05_02.png,I75.png,1.93,0.727,05,02
9272,I75_05_03.png,I75.png,1.84,0.627,05,03
9273,I75_05_04.png,I75.png,1.6,0.663,05,04
9274,I75_05_05.png,I75.png,1.77,0.667,05,05
9275,I75_06_01.png,I75.png,4.33,0.596,06,01
9276,I75_06_02.png,I75.png,4.13,0.618,06,02
9277,I75_06_03.png,I75.png,3.93,0.929,06,03
9278,I75_06_04.png,I75.png,3.5,0.719,06,04
9279,I75_06_05.png,I75.png,2.8,0.945,06,05
9280,I75_07_01.png,I75.png,2.63,1.016,07,01
9281,I75_07_02.png,I75.png,2.53,0.957,07,02
9282,I75_07_03.png,I75.png,2.97,0.983,07,03
9283,I75_07_04.png,I75.png,2.13,1.1,07,04
9284,I75_07_05.png,I75.png,2.27,1.031,07,05
9285,I75_08_01.png,I75.png,4.67,0.471,08,01
9286,I75_08_02.png,I75.png,2.87,1.024,08,02
9287,I75_08_03.png,I75.png,2.6,0.8,08,03
9288,I75_08_04.png,I75.png,2.27,0.727,08,04
9289,I75_08_05.png,I75.png,1.83,0.687,08,05
9290,I75_09_01.png,I75.png,4.5,0.671,09,01
9291,I75_09_02.png,I75.png,4.53,0.562,09,02
9292,I75_09_03.png,I75.png,4.6,0.49,09,03
9293,I75_09_04.png,I75.png,3.4,0.879,09,04
9294,I75_09_05.png,I75.png,1.8,0.748,09,05
9295,I75_10_01.png,I75.png,4.13,0.763,10,01
9296,I75_10_02.png,I75.png,4.13,0.718,10,02
9297,I75_10_03.png,I75.png,3.77,0.616,10,03
9298,I75_10_04.png,I75.png,1.6,0.663,10,04
9299,I75_10_05.png,I75.png,1.23,0.423,10,05
9300,I75_11_01.png,I75.png,3.63,0.836,11,01
9301,I75_11_02.png,I75.png,3.1,0.978,11,02
9302,I75_11_03.png,I75.png,2.77,0.716,11,03
9303,I75_11_04.png,I75.png,2.77,0.667,11,04
9304,I75_11_05.png,I75.png,2.4,0.757,11,05
9305,I75_12_01.png,I75.png,4.53,0.499,12,01
9306,I75_12_02.png,I75.png,3.27,0.814,12,02
9307,I75_12_03.png,I75.png,3.03,0.706,12,03
9308,I75_12_04.png,I75.png,2.53,0.884,12,04
9309,I75_12_05.png,I75.png,2.4,0.611,12,05
9310,I75_13_01.png,I75.png,3.47,0.884,13,01
9311,I75_13_02.png,I75.png,2.57,0.844,13,02
9312,I75_13_03.png,I75.png,2.5,0.671,13,03
9313,I75_13_04.png,I75.png,2.43,0.667,13,04
9314,I75_13_05.png,I75.png,2.0,0.73,13,05
9315,I75_14_01.png,I75.png,4.2,0.542,14,01
9316,I75_14_02.png,I75.png,3.33,0.907,14,02
9317,I75_14_03.png,I75.png,2.87,0.921,14,03
9318,I75_14_04.png,I75.png,2.27,0.772,14,04
9319,I75_14_05.png,I75.png,2.0,0.632,14,05
9320,I75_15_01.png,I75.png,3.73,0.929,15,01
9321,I75_15_02.png,I75.png,2.7,0.781,15,02
9322,I75_15_03.png,I75.png,2.03,0.605,15,03
9323,I75_15_04.png,I75.png,1.67,0.596,15,04
9324,I75_15_05.png,I75.png,1.17,0.453,15,05
9325,I75_16_01.png,I75.png,4.53,0.499,16,01
9326,I75_16_02.png,I75.png,4.03,0.795,16,02
9327,I75_16_03.png,I75.png,3.5,0.671,16,03
9328,I75_16_04.png,I75.png,2.97,0.948,16,04
9329,I75_16_05.png,I75.png,1.87,0.718,16,05
9330,I75_17_01.png,I75.png,4.67,0.471,17,01
9331,I75_17_02.png,I75.png,4.5,0.5,17,02
9332,I75_17_03.png,I75.png,4.3,0.781,17,03
9333,I75_17_04.png,I75.png,3.27,0.929,17,04
9334,I75_17_05.png,I75.png,1.83,0.637,17,05
9335,I75_18_01.png,I75.png,4.2,0.476,18,01
9336,I75_18_02.png,I75.png,4.5,0.563,18,02
9337,I75_18_03.png,I75.png,4.8,0.4,18,03
9338,I75_18_04.png,I75.png,4.32,0.69,18,04
9339,I75_18_05.png,I75.png,3.5,0.764,18,05
9340,I75_19_01.png,I75.png,4.47,0.499,19,01
9341,I75_19_02.png,I75.png,3.97,0.547,19,02
9342,I75_19_03.png,I75.png,3.23,0.883,19,03
9343,I75_19_04.png,I75.png,1.67,0.537,19,04
9344,I75_19_05.png,I75.png,1.2,0.4,19,05
9345,I75_20_01.png,I75.png,3.33,1.247,20,01
9346,I75_20_02.png,I75.png,3.93,0.892,20,02
9347,I75_20_03.png,I75.png,2.87,0.921,20,03
9348,I75_20_04.png,I75.png,2.83,1.213,20,04
9349,I75_20_05.png,I75.png,3.07,1.031,20,05
9350,I75_21_01.png,I75.png,3.5,0.957,21,01
9351,I75_21_02.png,I75.png,2.33,0.83,21,02
9352,I75_21_03.png,I75.png,2.47,0.763,21,03
9353,I75_21_04.png,I75.png,2.3,0.69,21,04
9354,I75_21_05.png,I75.png,1.43,0.559,21,05
9355,I75_22_01.png,I75.png,4.4,0.611,22,01
9356,I75_22_02.png,I75.png,3.83,0.934,22,02
9357,I75_22_03.png,I75.png,3.63,0.706,22,03
9358,I75_22_04.png,I75.png,2.57,0.883,22,04
9359,I75_22_05.png,I75.png,2.37,0.875,22,05
9360,I75_23_01.png,I75.png,2.5,1.025,23,01
9361,I75_23_02.png,I75.png,2.33,0.869,23,02
9362,I75_23_03.png,I75.png,2.1,0.907,23,03
9363,I75_23_04.png,I75.png,1.83,0.734,23,04
9364,I75_23_05.png,I75.png,1.9,0.746,23,05
9365,I75_24_01.png,I75.png,3.53,0.763,24,01
9366,I75_24_02.png,I75.png,2.4,0.917,24,02
9367,I75_24_03.png,I75.png,2.3,0.586,24,03
9368,I75_24_04.png,I75.png,1.73,0.727,24,04
9369,I75_24_05.png,I75.png,1.4,0.554,24,05
9370,I75_25_01.png,I75.png,3.27,0.964,25,01
9371,I75_25_02.png,I75.png,3.8,0.833,25,02
9372,I75_25_03.png,I75.png,4.43,0.496,25,03
9373,I75_25_04.png,I75.png,3.97,0.605,25,04
9374,I75_25_05.png,I75.png,2.87,0.884,25,05
9375,I76_01_01.png,I76.png,4.71,0.454,01,01
9376,I76_01_02.png,I76.png,4.47,0.562,01,02
9377,I76_01_03.png,I76.png,2.87,0.957,01,03
9378,I76_01_04.png,I76.png,1.57,0.496,01,04
9379,I76_01_05.png,I76.png,1.33,0.537,01,05
9380,I76_02_01.png,I76.png,3.83,0.734,02,01
9381,I76_02_02.png,I76.png,2.6,0.757,02,02
9382,I76_02_03.png,I76.png,1.6,0.663,02,03
9383,I76_02_04.png,I76.png,1.27,0.442,02,04
9384,I76_02_05.png,I76.png,1.27,0.442,02,05
9385,I76_03_01.png,I76.png,4.7,0.458,03,01
9386,I76_03_02.png,I76.png,3.83,0.687,03,02
9387,I76_03_03.png,I76.png,2.53,0.718,03,03
9388,I76_03_04.png,I76.png,1.83,0.687,03,04
9389,I76_03_05.png,I76.png,1.63,0.657,03,05
9390,I76_04_01.png,I76.png,4.57,0.616,04,01
9391,I76_04_02.png,I76.png,2.57,0.92,04,02
9392,I76_04_03.png,I76.png,1.63,0.795,04,03
9393,I76_04_04.png,I76.png,1.58,0.661,04,04
9394,I76_04_05.png,I76.png,1.33,0.471,04,05
9395,I76_05_01.png,I76.png,4.5,0.563,05,01
9396,I76_05_02.png,I76.png,2.47,0.846,05,02
9397,I76_05_03.png,I76.png,1.73,0.573,05,03
9398,I76_05_04.png,I76.png,1.73,0.727,05,04
9399,I76_05_05.png,I76.png,1.77,0.616,05,05
9400,I76_06_01.png,I76.png,4.27,0.772,06,01
9401,I76_06_02.png,I76.png,3.97,0.836,06,02
9402,I76_06_03.png,I76.png,3.6,0.879,06,03
9403,I76_06_04.png,I76.png,3.07,0.998,06,04
9404,I76_06_05.png,I76.png,2.27,0.814,06,05
9405,I76_07_01.png,I76.png,3.07,0.892,07,01
9406,I76_07_02.png,I76.png,2.37,0.836,07,02
9407,I76_07_03.png,I76.png,2.6,0.952,07,03
9408,I76_07_04.png,I76.png,2.4,1.02,07,04
9409,I76_07_05.png,I76.png,2.13,1.087,07,05
9410,I76_08_01.png,I76.png,4.5,0.5,08,01
9411,I76_08_02.png,I76.png,3.3,0.9,08,02
9412,I76_08_03.png,I76.png,2.33,1.075,08,03
9413,I76_08_04.png,I76.png,1.57,0.616,08,04
9414,I76_08_05.png,I76.png,1.37,0.547,08,05
9415,I76_09_01.png,I76.png,4.23,0.803,09,01
9416,I76_09_02.png,I76.png,3.5,0.764,09,02
9417,I76_09_03.png,I76.png,3.1,0.79,09,03
9418,I76_09_04.png,I76.png,1.6,0.554,09,04
9419,I76_09_05.png,I76.png,1.47,0.499,09,05
9420,I76_10_01.png,I76.png,4.4,0.611,10,01
9421,I76_10_02.png,I76.png,4.07,0.964,10,02
9422,I76_10_03.png,I76.png,3.8,0.748,10,03
9423,I76_10_04.png,I76.png,1.87,0.67,10,04
9424,I76_10_05.png,I76.png,1.4,0.554,10,05
9425,I76_11_01.png,I76.png,4.07,0.854,11,01
9426,I76_11_02.png,I76.png,3.67,0.745,11,02
9427,I76_11_03.png,I76.png,3.17,0.82,11,03
9428,I76_11_04.png,I76.png,2.97,0.752,11,04
9429,I76_11_05.png,I76.png,2.3,0.64,11,05
9430,I76_12_01.png,I76.png,4.27,0.772,12,01
9431,I76_12_02.png,I76.png,3.7,0.971,12,02
9432,I76_12_03.png,I76.png,3.47,0.806,12,03
9433,I76_12_04.png,I76.png,2.77,0.761,12,04
9434,I76_12_05.png,I76.png,2.3,0.69,12,05
9435,I76_13_01.png,I76.png,4.13,0.957,13,01
9436,I76_13_02.png,I76.png,2.83,0.82,13,02
9437,I76_13_03.png,I76.png,2.63,0.795,13,03
9438,I76_13_04.png,I76.png,2.1,0.79,13,04
9439,I76_13_05.png,I76.png,2.23,0.616,13,05
9440,I76_14_01.png,I76.png,4.4,0.611,14,01
9441,I76_14_02.png,I76.png,3.97,0.948,14,02
9442,I76_14_03.png,I76.png,3.39,0.83,14,03
9443,I76_14_04.png,I76.png,3.17,1.128,14,04
9444,I76_14_05.png,I76.png,2.3,0.781,14,05
9445,I76_15_01.png,I76.png,3.84,0.723,15,01
9446,I76_15_02.png,I76.png,2.83,0.687,15,02
9447,I76_15_03.png,I76.png,2.6,1.052,15,03
9448,I76_15_04.png,I76.png,1.53,0.499,15,04
9449,I76_15_05.png,I76.png,1.37,0.482,15,05
9450,I76_16_01.png,I76.png,4.4,0.49,16,01
9451,I76_16_02.png,I76.png,4.23,0.616,16,02
9452,I76_16_03.png,I76.png,3.67,0.537,16,03
9453,I76_16_04.png,I76.png,2.33,0.907,16,04
9454,I76_16_05.png,I76.png,2.23,0.989,16,05
9455,I76_17_01.png,I76.png,4.63,0.482,17,01
9456,I76_17_02.png,I76.png,4.43,0.496,17,02
9457,I76_17_03.png,I76.png,4.13,0.618,17,03
9458,I76_17_04.png,I76.png,3.93,0.629,17,04
9459,I76_17_05.png,I76.png,1.87,0.846,17,05
9460,I76_18_01.png,I76.png,4.4,0.611,18,01
9461,I76_18_02.png,I76.png,4.47,0.562,18,02
9462,I76_18_03.png,I76.png,4.58,0.555,18,03
9463,I76_18_04.png,I76.png,4.27,0.68,18,04
9464,I76_18_05.png,I76.png,3.9,0.539,18,05
9465,I76_19_01.png,I76.png,4.2,0.833,19,01
9466,I76_19_02.png,I76.png,3.73,0.573,19,02
9467,I76_19_03.png,I76.png,3.07,0.772,19,03
9468,I76_19_04.png,I76.png,1.33,0.537,19,04
9469,I76_19_05.png,I76.png,1.33,0.537,19,05
9470,I76_20_01.png,I76.png,4.33,0.699,20,01
9471,I76_20_02.png,I76.png,4.37,0.836,20,02
9472,I76_20_03.png,I76.png,4.53,0.499,20,03
9473,I76_20_04.png,I76.png,4.0,1.033,20,04
9474,I76_20_05.png,I76.png,3.77,1.174,20,05
9475,I76_21_01.png,I76.png,3.83,0.734,21,01
9476,I76_21_02.png,I76.png,2.6,0.917,21,02
9477,I76_21_03.png,I76.png,2.57,0.989,21,03
9478,I76_21_04.png,I76.png,2.3,0.823,21,04
9479,I76_21_05.png,I76.png,1.17,0.373,21,05
9480,I76_22_01.png,I76.png,4.4,0.554,22,01
9481,I76_22_02.png,I76.png,4.47,0.618,22,02
9482,I76_22_03.png,I76.png,4.13,0.67,22,03
9483,I76_22_04.png,I76.png,4.2,0.945,22,04
9484,I76_22_05.png,I76.png,3.37,1.048,22,05
9485,I76_23_01.png,I76.png,2.73,0.998,23,01
9486,I76_23_02.png,I76.png,2.47,1.024,23,02
9487,I76_23_03.png,I76.png,2.27,0.998,23,03
9488,I76_23_04.png,I76.png,2.17,0.898,23,04
9489,I76_23_05.png,I76.png,1.77,0.803,23,05
9490,I76_24_01.png,I76.png,3.27,0.998,24,01
9491,I76_24_02.png,I76.png,2.3,0.936,24,02
9492,I76_24_03.png,I76.png,2.0,0.707,24,03
9493,I76_24_04.png,I76.png,1.53,0.718,24,04
9494,I76_24_05.png,I76.png,1.1,0.3,24,05
9495,I76_25_01.png,I76.png,3.17,0.969,25,01
9496,I76_25_02.png,I76.png,3.83,0.734,25,02
9497,I76_25_03.png,I76.png,3.87,0.884,25,03
9498,I76_25_04.png,I76.png,4.17,0.522,25,04
9499,I76_25_05.png,I76.png,3.27,0.929,25,05
9500,I77_01_01.png,I77.png,4.63,0.657,01,01
9501,I77_01_02.png,I77.png,4.6,0.712,01,02
9502,I77_01_03.png,I77.png,2.87,0.921,01,03
9503,I77_01_04.png,I77.png,2.0,0.577,01,04
9504,I77_01_05.png,I77.png,1.43,0.496,01,05
9505,I77_02_01.png,I77.png,3.81,0.93,02,01
9506,I77_02_02.png,I77.png,2.8,0.909,02,02
9507,I77_02_03.png,I77.png,1.87,0.618,02,03
9508,I77_02_04.png,I77.png,1.47,0.499,02,04
9509,I77_02_05.png,I77.png,1.47,0.499,02,05
9510,I77_03_01.png,I77.png,4.65,0.478,03,01
9511,I77_03_02.png,I77.png,4.07,0.814,03,02
9512,I77_03_03.png,I77.png,2.77,0.92,03,03
9513,I77_03_04.png,I77.png,2.07,0.629,03,04
9514,I77_03_05.png,I77.png,1.57,0.559,03,05
9515,I77_04_01.png,I77.png,4.47,0.618,04,01
9516,I77_04_02.png,I77.png,1.93,0.854,04,02
9517,I77_04_03.png,I77.png,1.43,0.616,04,03
9518,I77_04_04.png,I77.png,1.33,0.537,04,04
9519,I77_04_05.png,I77.png,1.3,0.458,04,05
9520,I77_05_01.png,I77.png,4.5,0.719,05,01
9521,I77_05_02.png,I77.png,2.57,0.955,05,02
9522,I77_05_03.png,I77.png,2.47,0.846,05,03
9523,I77_05_04.png,I77.png,2.3,1.13,05,04
9524,I77_05_05.png,I77.png,2.33,0.978,05,05
9525,I77_06_01.png,I77.png,4.37,0.752,06,01
9526,I77_06_02.png,I77.png,3.97,0.912,06,02
9527,I77_06_03.png,I77.png,4.0,0.931,06,03
9528,I77_06_04.png,I77.png,3.27,0.998,06,04
9529,I77_06_05.png,I77.png,2.73,0.892,06,05
9530,I77_07_01.png,I77.png,2.37,0.912,07,01
9531,I77_07_02.png,I77.png,2.3,1.069,07,02
9532,I77_07_03.png,I77.png,1.93,1.062,07,03
9533,I77_07_04.png,I77.png,2.23,1.116,07,04
9534,I77_07_05.png,I77.png,1.77,1.023,07,05
9535,I77_08_01.png,I77.png,4.73,0.442,08,01
9536,I77_08_02.png,I77.png,2.87,0.957,08,02
9537,I77_08_03.png,I77.png,2.07,0.964,08,03
9538,I77_08_04.png,I77.png,1.32,0.467,08,04
9539,I77_08_05.png,I77.png,1.27,0.442,08,05
9540,I77_09_01.png,I77.png,4.83,0.373,09,01
9541,I77_09_02.png,I77.png,4.13,0.618,09,02
9542,I77_09_03.png,I77.png,3.83,0.637,09,03
9543,I77_09_04.png,I77.png,2.27,0.573,09,04
9544,I77_09_05.png,I77.png,1.39,0.487,09,05
9545,I77_10_01.png,I77.png,4.47,0.499,10,01
9546,I77_10_02.png,I77.png,4.37,0.547,10,02
9547,I77_10_03.png,I77.png,4.3,0.737,10,03
9548,I77_10_04.png,I77.png,2.03,0.836,10,04
9549,I77_10_05.png,I77.png,1.39,0.549,10,05
9550,I77_11_01.png,I77.png,4.42,0.661,11,01
9551,I77_11_02.png,I77.png,3.73,0.854,11,02
9552,I77_11_03.png,I77.png,3.5,0.806,11,03
9553,I77_11_04.png,I77.png,2.73,0.772,11,04
9554,I77_11_05.png,I77.png,2.37,0.657,11,05
9555,I77_12_01.png,I77.png,4.53,0.499,12,01
9556,I77_12_02.png,I77.png,4.16,0.755,12,02
9557,I77_12_03.png,I77.png,3.47,0.957,12,03
9558,I77_12_04.png,I77.png,3.13,0.846,12,04
9559,I77_12_05.png,I77.png,2.4,0.757,12,05
9560,I77_13_01.png,I77.png,3.6,0.879,13,01
9561,I77_13_02.png,I77.png,3.23,0.883,13,02
9562,I77_13_03.png,I77.png,2.9,0.746,13,03
9563,I77_13_04.png,I77.png,2.3,0.781,13,04
9564,I77_13_05.png,I77.png,2.07,0.512,13,05
9565,I77_14_01.png,I77.png,4.57,0.667,14,01
9566,I77_14_02.png,I77.png,4.0,0.816,14,02
9567,I77_14_03.png,I77.png,3.63,0.875,14,03
9568,I77_14_04.png,I77.png,3.0,0.856,14,04
9569,I77_14_05.png,I77.png,2.07,0.772,14,05
9570,I77_15_01.png,I77.png,3.53,0.884,15,01
9571,I77_15_02.png,I77.png,2.77,0.844,15,02
9572,I77_15_03.png,I77.png,2.43,0.667,15,03
9573,I77_15_04.png,I77.png,1.8,0.542,15,04
9574,I77_15_05.png,I77.png,1.73,0.68,15,05
9575,I77_16_01.png,I77.png,4.4,0.554,16,01
9576,I77_16_02.png,I77.png,4.13,0.67,16,02
9577,I77_16_03.png,I77.png,3.77,0.667,16,03
9578,I77_16_04.png,I77.png,3.27,0.892,16,04
9579,I77_16_05.png,I77.png,2.1,0.831,16,05
9580,I77_17_01.png,I77.png,4.5,0.5,17,01
9581,I77_17_02.png,I77.png,4.77,0.423,17,02
9582,I77_17_03.png,I77.png,4.17,0.637,17,03
9583,I77_17_04.png,I77.png,3.77,0.831,17,04
9584,I77_17_05.png,I77.png,2.23,1.023,17,05
9585,I77_18_01.png,I77.png,4.4,0.554,18,01
9586,I77_18_02.png,I77.png,4.7,0.458,18,02
9587,I77_18_03.png,I77.png,4.5,0.719,18,03
9588,I77_18_04.png,I77.png,4.37,0.706,18,04
9589,I77_18_05.png,I77.png,4.13,0.718,18,05
9590,I77_19_01.png,I77.png,4.1,0.978,19,01
9591,I77_19_02.png,I77.png,4.1,0.539,19,02
9592,I77_19_03.png,I77.png,3.23,0.92,19,03
9593,I77_19_04.png,I77.png,2.23,0.559,19,04
9594,I77_19_05.png,I77.png,1.57,0.616,19,05
9595,I77_20_01.png,I77.png,4.67,0.471,20,01
9596,I77_20_02.png,I77.png,4.17,0.969,20,02
9597,I77_20_03.png,I77.png,4.17,0.969,20,03
9598,I77_20_04.png,I77.png,4.03,0.836,20,04
9599,I77_20_05.png,I77.png,3.87,0.991,20,05
9600,I77_21_01.png,I77.png,3.93,0.929,21,01
9601,I77_21_02.png,I77.png,3.0,0.842,21,02
9602,I77_21_03.png,I77.png,2.83,1.128,21,03
9603,I77_21_04.png,I77.png,2.7,0.862,21,04
9604,I77_21_05.png,I77.png,1.77,0.974,21,05
9605,I77_22_01.png,I77.png,4.6,0.663,22,01
9606,I77_22_02.png,I77.png,4.57,0.559,22,02
9607,I77_22_03.png,I77.png,4.27,0.854,22,03
9608,I77_22_04.png,I77.png,4.2,0.792,22,04
9609,I77_22_05.png,I77.png,3.67,0.978,22,05
9610,I77_23_01.png,I77.png,2.47,0.806,23,01
9611,I77_23_02.png,I77.png,2.0,1.065,23,02
9612,I77_23_03.png,I77.png,1.73,0.998,23,03
9613,I77_23_04.png,I77.png,2.17,0.82,23,04
9614,I77_23_05.png,I77.png,2.27,0.998,23,05
9615,I77_24_01.png,I77.png,4.03,0.752,24,01
9616,I77_24_02.png,I77.png,2.63,0.836,24,02
9617,I77_24_03.png,I77.png,2.17,0.778,24,03
9618,I77_24_04.png,I77.png,1.71,0.727,24,04
9619,I77_24_05.png,I77.png,1.27,0.442,24,05
9620,I77_25_01.png,I77.png,3.83,0.82,25,01
9621,I77_25_02.png,I77.png,3.87,0.618,25,02
9622,I77_25_03.png,I77.png,4.4,0.554,25,03
9623,I77_25_04.png,I77.png,4.17,0.734,25,04
9624,I77_25_05.png,I77.png,3.7,0.526,25,05
9625,I78_01_01.png,I78.png,4.5,0.5,01,01
9626,I78_01_02.png,I78.png,4.43,0.616,01,02
9627,I78_01_03.png,I78.png,3.0,0.632,01,03
9628,I78_01_04.png,I78.png,2.17,0.734,01,04
9629,I78_01_05.png,I78.png,1.67,0.699,01,05
9630,I78_02_01.png,I78.png,4.13,0.499,02,01
9631,I78_02_02.png,I78.png,2.9,0.79,02,02
9632,I78_02_03.png,I78.png,1.9,0.53,02,03
9633,I78_02_04.png,I78.png,1.67,0.596,02,04
9634,I78_02_05.png,I78.png,1.53,0.618,02,05
9635,I78_03_01.png,I78.png,4.67,0.471,03,01
9636,I78_03_02.png,I78.png,4.48,0.561,03,02
9637,I78_03_03.png,I78.png,2.87,0.884,03,03
9638,I78_03_04.png,I78.png,2.13,0.562,03,04
9639,I78_03_05.png,I78.png,2.1,0.651,03,05
9640,I78_04_01.png,I78.png,4.6,0.49,04,01
9641,I78_04_02.png,I78.png,2.87,1.056,04,02
9642,I78_04_03.png,I78.png,1.9,0.943,04,03
9643,I78_04_04.png,I78.png,1.5,0.661,04,04
9644,I78_04_05.png,I78.png,1.47,0.718,04,05
9645,I78_05_01.png,I78.png,4.27,0.892,05,01
9646,I78_05_02.png,I78.png,3.33,0.83,05,02
9647,I78_05_03.png,I78.png,2.3,0.69,05,03
9648,I78_05_04.png,I78.png,2.5,0.885,05,04
9649,I78_05_05.png,I78.png,2.2,0.833,05,05
9650,I78_06_01.png,I78.png,4.6,0.663,06,01
9651,I78_06_02.png,I78.png,4.33,0.745,06,02
9652,I78_06_03.png,I78.png,3.97,0.912,06,03
9653,I78_06_04.png,I78.png,4.07,0.854,06,04
9654,I78_06_05.png,I78.png,3.33,0.869,06,05
9655,I78_07_01.png,I78.png,3.43,0.955,07,01
9656,I78_07_02.png,I78.png,2.53,1.118,07,02
9657,I78_07_03.png,I78.png,2.37,1.08,07,03
9658,I78_07_04.png,I78.png,2.0,1.155,07,04
9659,I78_07_05.png,I78.png,2.47,1.204,07,05
9660,I78_08_01.png,I78.png,4.6,0.49,08,01
9661,I78_08_02.png,I78.png,3.33,0.869,08,02
9662,I78_08_03.png,I78.png,2.7,0.936,08,03
9663,I78_08_04.png,I78.png,1.77,0.716,08,04
9664,I78_08_05.png,I78.png,1.57,0.716,08,05
9665,I78_09_01.png,I78.png,4.68,0.467,09,01
9666,I78_09_02.png,I78.png,4.43,0.496,09,02
9667,I78_09_03.png,I78.png,4.0,0.683,09,03
9668,I78_09_04.png,I78.png,2.4,0.611,09,04
9669,I78_09_05.png,I78.png,1.2,0.4,09,05
9670,I78_10_01.png,I78.png,4.57,0.559,10,01
9671,I78_10_02.png,I78.png,4.3,0.781,10,02
9672,I78_10_03.png,I78.png,3.8,0.909,10,03
9673,I78_10_04.png,I78.png,1.6,0.554,10,04
9674,I78_10_05.png,I78.png,1.37,0.547,10,05
9675,I78_11_01.png,I78.png,3.7,0.69,11,01
9676,I78_11_02.png,I78.png,3.43,0.761,11,02
9677,I78_11_03.png,I78.png,3.0,0.856,11,03
9678,I78_11_04.png,I78.png,2.97,0.836,11,04
9679,I78_11_05.png,I78.png,2.43,0.616,11,05
9680,I78_12_01.png,I78.png,4.5,0.563,12,01
9681,I78_12_02.png,I78.png,3.63,0.912,12,02
9682,I78_12_03.png,I78.png,3.37,0.752,12,03
9683,I78_12_04.png,I78.png,2.67,0.65,12,04
9684,I78_12_05.png,I78.png,2.23,0.667,12,05
9685,I78_13_01.png,I78.png,3.67,0.978,13,01
9686,I78_13_02.png,I78.png,3.03,0.875,13,02
9687,I78_13_03.png,I78.png,3.03,0.875,13,03
9688,I78_13_04.png,I78.png,2.53,0.884,13,04
9689,I78_13_05.png,I78.png,2.3,0.69,13,05
9690,I78_14_01.png,I78.png,4.43,0.559,14,01
9691,I78_14_02.png,I78.png,3.6,0.879,14,02
9692,I78_14_03.png,I78.png,3.1,0.831,14,03
9693,I78_14_04.png,I78.png,2.53,0.846,14,04
9694,I78_14_05.png,I78.png,2.07,0.629,14,05
9695,I78_15_01.png,I78.png,3.77,0.761,15,01
9696,I78_15_02.png,I78.png,3.03,0.752,15,02
9697,I78_15_03.png,I78.png,2.0,0.683,15,03
9698,I78_15_04.png,I78.png,1.8,0.6,15,04
9699,I78_15_05.png,I78.png,1.53,0.562,15,05
9700,I78_16_01.png,I78.png,4.6,0.49,16,01
9701,I78_16_02.png,I78.png,4.37,0.482,16,02
9702,I78_16_03.png,I78.png,4.1,0.539,16,03
9703,I78_16_04.png,I78.png,3.0,0.966,16,04
9704,I78_16_05.png,I78.png,1.67,0.83,16,05
9705,I78_17_01.png,I78.png,4.57,0.559,17,01
9706,I78_17_02.png,I78.png,4.43,0.667,17,02
9707,I78_17_03.png,I78.png,4.43,0.716,17,03
9708,I78_17_04.png,I78.png,3.7,0.781,17,04
9709,I78_17_05.png,I78.png,2.9,1.012,17,05
9710,I78_18_01.png,I78.png,4.57,0.559,18,01
9711,I78_18_02.png,I78.png,4.5,0.563,18,02
9712,I78_18_03.png,I78.png,4.6,0.49,18,03
9713,I78_18_04.png,I78.png,4.6,0.49,18,04
9714,I78_18_05.png,I78.png,4.17,0.687,18,05
9715,I78_19_01.png,I78.png,4.7,0.526,19,01
9716,I78_19_02.png,I78.png,4.27,0.573,19,02
9717,I78_19_03.png,I78.png,3.1,1.136,19,03
9718,I78_19_04.png,I78.png,2.0,0.856,19,04
9719,I78_19_05.png,I78.png,1.23,0.423,19,05
9720,I78_20_01.png,I78.png,4.5,0.619,20,01
9721,I78_20_02.png,I78.png,3.4,1.306,20,02
9722,I78_20_03.png,I78.png,3.57,1.257,20,03
9723,I78_20_04.png,I78.png,2.73,1.34,20,04
9724,I78_20_05.png,I78.png,2.37,1.08,20,05
9725,I78_21_01.png,I78.png,2.73,0.892,21,01
9726,I78_21_02.png,I78.png,2.57,0.955,21,02
9727,I78_21_03.png,I78.png,2.47,0.67,21,03
9728,I78_21_04.png,I78.png,1.97,0.752,21,04
9729,I78_21_05.png,I78.png,1.5,0.5,21,05
9730,I78_22_01.png,I78.png,3.8,0.909,22,01
9731,I78_22_02.png,I78.png,3.2,0.98,22,02
9732,I78_22_03.png,I78.png,3.73,0.964,22,03
9733,I78_22_04.png,I78.png,2.7,1.005,22,04
9734,I78_22_05.png,I78.png,2.2,0.542,22,05
9735,I78_23_01.png,I78.png,2.13,0.921,23,01
9736,I78_23_02.png,I78.png,2.1,0.7,23,02
9737,I78_23_03.png,I78.png,2.27,0.772,23,03
9738,I78_23_04.png,I78.png,2.0,0.775,23,04
9739,I78_23_05.png,I78.png,2.17,0.734,23,05
9740,I78_24_01.png,I78.png,3.74,0.915,24,01
9741,I78_24_02.png,I78.png,2.77,0.803,24,02
9742,I78_24_03.png,I78.png,2.3,1.005,24,03
9743,I78_24_04.png,I78.png,1.73,0.629,24,04
9744,I78_24_05.png,I78.png,1.6,0.663,24,05
9745,I78_25_01.png,I78.png,3.6,0.879,25,01
9746,I78_25_02.png,I78.png,3.93,0.68,25,02
9747,I78_25_03.png,I78.png,4.33,0.65,25,03
9748,I78_25_04.png,I78.png,4.33,0.596,25,04
9749,I78_25_05.png,I78.png,3.03,0.795,25,05
9750,I79_01_01.png,I79.png,4.7,0.458,01,01
9751,I79_01_02.png,I79.png,4.63,0.605,01,02
9752,I79_01_03.png,I79.png,3.37,0.836,01,03
9753,I79_01_04.png,I79.png,2.47,0.763,01,04
9754,I79_01_05.png,I79.png,1.53,0.499,01,05
9755,I79_02_01.png,I79.png,4.17,0.82,02,01
9756,I79_02_02.png,I79.png,3.23,0.883,02,02
9757,I79_02_03.png,I79.png,2.3,0.64,02,03
9758,I79_02_04.png,I79.png,1.87,0.618,02,04
9759,I79_02_05.png,I79.png,1.57,0.616,02,05
9760,I79_03_01.png,I79.png,4.53,0.618,03,01
9761,I79_03_02.png,I79.png,4.23,0.667,03,02
9762,I79_03_03.png,I79.png,3.3,0.823,03,03
9763,I79_03_04.png,I79.png,2.97,0.795,03,04
9764,I79_03_05.png,I79.png,2.07,0.573,03,05
9765,I79_04_01.png,I79.png,4.53,0.67,04,01
9766,I79_04_02.png,I79.png,2.3,0.971,04,02
9767,I79_04_03.png,I79.png,1.47,0.562,04,03
9768,I79_04_04.png,I79.png,1.3,0.69,04,04
9769,I79_04_05.png,I79.png,1.13,0.34,04,05
9770,I79_05_01.png,I79.png,4.37,0.948,05,01
9771,I79_05_02.png,I79.png,3.37,0.795,05,02
9772,I79_05_03.png,I79.png,2.5,0.806,05,03
9773,I79_05_04.png,I79.png,2.63,1.016,05,04
9774,I79_05_05.png,I79.png,2.97,1.016,05,05
9775,I79_06_01.png,I79.png,4.2,0.702,06,01
9776,I79_06_02.png,I79.png,4.27,0.68,06,02
9777,I79_06_03.png,I79.png,3.7,0.781,06,03
9778,I79_06_04.png,I79.png,3.3,0.936,06,04
9779,I79_06_05.png,I79.png,2.43,1.086,06,05
9780,I79_07_01.png,I79.png,2.07,0.854,07,01
9781,I79_07_02.png,I79.png,2.13,1.024,07,02
9782,I79_07_03.png,I79.png,1.7,0.781,07,03
9783,I79_07_04.png,I79.png,1.83,0.898,07,04
9784,I79_07_05.png,I79.png,1.57,0.559,07,05
9785,I79_08_01.png,I79.png,4.53,0.499,08,01
9786,I79_08_02.png,I79.png,3.57,0.761,08,02
9787,I79_08_03.png,I79.png,2.81,1.06,08,03
9788,I79_08_04.png,I79.png,1.53,0.618,08,04
9789,I79_08_05.png,I79.png,1.43,0.92,08,05
9790,I79_09_01.png,I79.png,4.73,0.442,09,01
9791,I79_09_02.png,I79.png,4.43,0.559,09,02
9792,I79_09_03.png,I79.png,4.26,0.67,09,03
9793,I79_09_04.png,I79.png,2.23,0.716,09,04
9794,I79_09_05.png,I79.png,1.23,0.423,09,05
9795,I79_10_01.png,I79.png,4.23,0.716,10,01
9796,I79_10_02.png,I79.png,4.03,0.836,10,02
9797,I79_10_03.png,I79.png,4.03,0.752,10,03
9798,I79_10_04.png,I79.png,2.13,0.806,10,04
9799,I79_10_05.png,I79.png,1.43,0.616,10,05
9800,I79_11_01.png,I79.png,4.43,0.559,11,01
9801,I79_11_02.png,I79.png,3.4,0.879,11,02
9802,I79_11_03.png,I79.png,3.17,0.82,11,03
9803,I79_11_04.png,I79.png,3.03,0.752,11,04
9804,I79_11_05.png,I79.png,2.5,0.563,11,05
9805,I79_12_01.png,I79.png,4.67,0.471,12,01
9806,I79_12_02.png,I79.png,3.77,0.716,12,02
9807,I79_12_03.png,I79.png,3.43,0.761,12,03
9808,I79_12_04.png,I79.png,2.8,0.702,12,04
9809,I79_12_05.png,I79.png,2.37,0.706,12,05
9810,I79_13_01.png,I79.png,3.77,0.92,13,01
9811,I79_13_02.png,I79.png,2.87,0.846,13,02
9812,I79_13_03.png,I79.png,2.53,0.67,13,03
9813,I79_13_04.png,I79.png,2.27,0.814,13,04
9814,I79_13_05.png,I79.png,2.23,0.803,13,05
9815,I79_14_01.png,I79.png,4.68,0.532,14,01
9816,I79_14_02.png,I79.png,4.03,0.706,14,02
9817,I79_14_03.png,I79.png,3.6,0.879,14,03
9818,I79_14_04.png,I79.png,2.83,0.934,14,04
9819,I79_14_05.png,I79.png,2.4,0.757,14,05
9820,I79_15_01.png,I79.png,4.0,0.516,15,01
9821,I79_15_02.png,I79.png,3.07,0.854,15,02
9822,I79_15_03.png,I79.png,2.67,0.789,15,03
9823,I79_15_04.png,I79.png,2.1,0.7,15,04
9824,I79_15_05.png,I79.png,1.63,0.547,15,05
9825,I79_16_01.png,I79.png,4.3,0.586,16,01
9826,I79_16_02.png,I79.png,4.17,0.522,16,02
9827,I79_16_03.png,I79.png,3.57,0.761,16,03
9828,I79_16_04.png,I79.png,3.37,0.836,16,04
9829,I79_16_05.png,I79.png,2.47,1.118,16,05
9830,I79_17_01.png,I79.png,4.47,0.562,17,01
9831,I79_17_02.png,I79.png,4.63,0.547,17,02
9832,I79_17_03.png,I79.png,4.03,0.795,17,03
9833,I79_17_04.png,I79.png,3.9,0.79,17,04
9834,I79_17_05.png,I79.png,2.47,1.024,17,05
9835,I79_18_01.png,I79.png,4.42,0.61,18,01
9836,I79_18_02.png,I79.png,4.7,0.458,18,02
9837,I79_18_03.png,I79.png,4.6,0.49,18,03
9838,I79_18_04.png,I79.png,4.33,0.537,18,04
9839,I79_18_05.png,I79.png,3.8,0.748,18,05
9840,I79_19_01.png,I79.png,4.3,0.737,19,01
9841,I79_19_02.png,I79.png,4.37,0.706,19,02
9842,I79_19_03.png,I79.png,3.67,0.537,19,03
9843,I79_19_04.png,I79.png,2.6,0.8,19,04
9844,I79_19_05.png,I79.png,1.6,0.49,19,05
9845,I79_20_01.png,I79.png,4.4,0.841,20,01
9846,I79_20_02.png,I79.png,3.8,1.108,20,02
9847,I79_20_03.png,I79.png,2.57,1.146,20,03
9848,I79_20_04.png,I79.png,2.83,0.934,20,04
9849,I79_20_05.png,I79.png,3.0,1.211,20,05
9850,I79_21_01.png,I79.png,4.23,0.716,21,01
9851,I79_21_02.png,I79.png,3.73,0.892,21,02
9852,I79_21_03.png,I79.png,3.47,0.67,21,03
9853,I79_21_04.png,I79.png,3.4,0.757,21,04
9854,I79_21_05.png,I79.png,2.0,0.683,21,05
9855,I79_22_01.png,I79.png,4.53,0.763,22,01
9856,I79_22_02.png,I79.png,4.3,0.737,22,02
9857,I79_22_03.png,I79.png,4.27,0.854,22,03
9858,I79_22_04.png,I79.png,3.13,0.957,22,04
9859,I79_22_05.png,I79.png,2.4,0.879,22,05
9860,I79_23_01.png,I79.png,2.67,1.043,23,01
9861,I79_23_02.png,I79.png,2.7,1.005,23,02
9862,I79_23_03.png,I79.png,2.17,0.778,23,03
9863,I79_23_04.png,I79.png,2.5,1.118,23,04
9864,I79_23_05.png,I79.png,1.7,0.586,23,05
9865,I79_24_01.png,I79.png,3.87,0.67,24,01
9866,I79_24_02.png,I79.png,3.33,0.699,24,02
9867,I79_24_03.png,I79.png,2.4,0.712,24,03
9868,I79_24_04.png,I79.png,1.83,0.687,24,04
9869,I79_24_05.png,I79.png,1.57,0.559,24,05
9870,I79_25_01.png,I79.png,3.93,0.772,25,01
9871,I79_25_02.png,I79.png,3.93,0.629,25,02
9872,I79_25_03.png,I79.png,4.5,0.5,25,03
9873,I79_25_04.png,I79.png,3.8,0.833,25,04
9874,I79_25_05.png,I79.png,3.2,0.833,25,05
9875,I80_01_01.png,I80.png,4.63,0.482,01,01
9876,I80_01_02.png,I80.png,4.43,0.667,01,02
9877,I80_01_03.png,I80.png,3.27,0.854,01,03
9878,I80_01_04.png,I80.png,2.1,0.597,01,04
9879,I80_01_05.png,I80.png,1.53,0.562,01,05
9880,I80_02_01.png,I80.png,3.83,0.82,02,01
9881,I80_02_02.png,I80.png,3.03,0.657,02,02
9882,I80_02_03.png,I80.png,1.9,0.831,02,03
9883,I80_02_04.png,I80.png,1.47,0.499,02,04
9884,I80_02_05.png,I80.png,1.1,0.3,02,05
9885,I80_03_01.png,I80.png,4.5,0.563,03,01
9886,I80_03_02.png,I80.png,4.3,0.526,03,02
9887,I80_03_03.png,I80.png,3.13,0.884,03,03
9888,I80_03_04.png,I80.png,2.73,0.814,03,04
9889,I80_03_05.png,I80.png,1.9,0.651,03,05
9890,I80_04_01.png,I80.png,4.47,0.499,04,01
9891,I80_04_02.png,I80.png,1.93,0.814,04,02
9892,I80_04_03.png,I80.png,1.37,0.547,04,03
9893,I80_04_04.png,I80.png,1.87,0.884,04,04
9894,I80_04_05.png,I80.png,1.37,0.482,04,05
9895,I80_05_01.png,I80.png,4.23,0.616,05,01
9896,I80_05_02.png,I80.png,3.33,0.907,05,02
9897,I80_05_03.png,I80.png,2.8,0.909,05,03
9898,I80_05_04.png,I80.png,3.13,1.129,05,04
9899,I80_05_05.png,I80.png,2.7,1.005,05,05
9900,I80_06_01.png,I80.png,4.37,0.706,06,01
9901,I80_06_02.png,I80.png,4.2,0.748,06,02
9902,I80_06_03.png,I80.png,4.03,0.706,06,03
9903,I80_06_04.png,I80.png,3.53,0.884,06,04
9904,I80_06_05.png,I80.png,2.87,0.991,06,05
9905,I80_07_01.png,I80.png,2.57,1.055,07,01
9906,I80_07_02.png,I80.png,2.4,0.879,07,02
9907,I80_07_03.png,I80.png,2.27,1.181,07,03
9908,I80_07_04.png,I80.png,2.0,0.775,07,04
9909,I80_07_05.png,I80.png,2.13,0.957,07,05
9910,I80_08_01.png,I80.png,4.5,0.619,08,01
9911,I80_08_02.png,I80.png,2.83,0.934,08,02
9912,I80_08_03.png,I80.png,2.27,0.964,08,03
9913,I80_08_04.png,I80.png,1.93,0.964,08,04
9914,I80_08_05.png,I80.png,1.5,0.719,08,05
9915,I80_09_01.png,I80.png,4.7,0.458,09,01
9916,I80_09_02.png,I80.png,4.03,0.657,09,02
9917,I80_09_03.png,I80.png,3.74,0.879,09,03
9918,I80_09_04.png,I80.png,2.57,0.955,09,04
9919,I80_09_05.png,I80.png,1.87,0.763,09,05
9920,I80_10_01.png,I80.png,4.43,0.716,10,01
9921,I80_10_02.png,I80.png,4.5,0.764,10,02
9922,I80_10_03.png,I80.png,4.27,0.892,10,03
9923,I80_10_04.png,I80.png,1.6,0.554,10,04
9924,I80_10_05.png,I80.png,1.5,0.5,10,05
9925,I80_11_01.png,I80.png,4.47,0.67,11,01
9926,I80_11_02.png,I80.png,3.97,0.407,11,02
9927,I80_11_03.png,I80.png,3.6,0.611,11,03
9928,I80_11_04.png,I80.png,3.3,0.862,11,04
9929,I80_11_05.png,I80.png,2.47,0.763,11,05
9930,I80_12_01.png,I80.png,4.77,0.423,12,01
9931,I80_12_02.png,I80.png,4.43,0.616,12,02
9932,I80_12_03.png,I80.png,3.87,0.67,12,03
9933,I80_12_04.png,I80.png,3.1,0.978,12,04
9934,I80_12_05.png,I80.png,2.77,0.803,12,05
9935,I80_13_01.png,I80.png,4.13,0.991,13,01
9936,I80_13_02.png,I80.png,3.6,1.02,13,02
9937,I80_13_03.png,I80.png,2.97,0.875,13,03
9938,I80_13_04.png,I80.png,2.57,0.761,13,04
9939,I80_13_05.png,I80.png,2.33,0.65,13,05
9940,I80_14_01.png,I80.png,4.6,0.49,14,01
9941,I80_14_02.png,I80.png,4.07,0.68,14,02
9942,I80_14_03.png,I80.png,3.63,0.983,14,03
9943,I80_14_04.png,I80.png,3.03,0.948,14,04
9944,I80_14_05.png,I80.png,2.23,0.761,14,05
9945,I80_15_01.png,I80.png,3.83,0.687,15,01
9946,I80_15_02.png,I80.png,3.23,1.146,15,02
9947,I80_15_03.png,I80.png,3.27,0.929,15,03
9948,I80_15_04.png,I80.png,2.43,0.761,15,04
9949,I80_15_05.png,I80.png,1.93,0.573,15,05
9950,I80_16_01.png,I80.png,4.27,0.727,16,01
9951,I80_16_02.png,I80.png,4.03,0.836,16,02
9952,I80_16_03.png,I80.png,3.57,0.761,16,03
9953,I80_16_04.png,I80.png,2.8,1.194,16,04
9954,I80_16_05.png,I80.png,1.43,0.616,16,05
9955,I80_17_01.png,I80.png,4.67,0.596,17,01
9956,I80_17_02.png,I80.png,4.43,0.496,17,02
9957,I80_17_03.png,I80.png,4.07,0.629,17,03
9958,I80_17_04.png,I80.png,3.03,0.948,17,04
9959,I80_17_05.png,I80.png,2.37,0.948,17,05
9960,I80_18_01.png,I80.png,3.83,0.687,18,01
9961,I80_18_02.png,I80.png,4.6,0.554,18,02
9962,I80_18_03.png,I80.png,4.5,0.563,18,03
9963,I80_18_04.png,I80.png,4.27,0.442,18,04
9964,I80_18_05.png,I80.png,3.77,0.716,18,05
9965,I80_19_01.png,I80.png,4.43,0.616,19,01
9966,I80_19_02.png,I80.png,4.2,0.748,19,02
9967,I80_19_03.png,I80.png,3.53,0.846,19,03
9968,I80_19_04.png,I80.png,2.23,1.055,19,04
9969,I80_19_05.png,I80.png,1.4,0.49,19,05
9970,I80_20_01.png,I80.png,4.43,0.716,20,01
9971,I80_20_02.png,I80.png,4.13,0.991,20,02
9972,I80_20_03.png,I80.png,3.77,0.92,20,03
9973,I80_20_04.png,I80.png,3.73,0.998,20,04
9974,I80_20_05.png,I80.png,3.47,1.118,20,05
9975,I80_21_01.png,I80.png,4.13,0.991,21,01
9976,I80_21_02.png,I80.png,3.5,1.025,21,02
9977,I80_21_03.png,I80.png,3.47,0.846,21,03
9978,I80_21_04.png,I80.png,3.23,1.023,21,04
9979,I80_21_05.png,I80.png,1.63,0.657,21,05
9980,I80_22_01.png,I80.png,4.5,0.719,22,01
9981,I80_22_02.png,I80.png,4.47,0.718,22,02
9982,I80_22_03.png,I80.png,4.33,0.789,22,03
9983,I80_22_04.png,I80.png,3.73,0.964,22,04
9984,I80_22_05.png,I80.png,2.97,0.706,22,05
9985,I80_23_01.png,I80.png,3.1,1.136,23,01
9986,I80_23_02.png,I80.png,2.37,0.875,23,02
9987,I80_23_03.png,I80.png,2.5,0.764,23,03
9988,I80_23_04.png,I80.png,2.23,0.716,23,04
9989,I80_23_05.png,I80.png,2.23,0.803,23,05
9990,I80_24_01.png,I80.png,3.3,0.936,24,01
9991,I80_24_02.png,I80.png,2.73,0.929,24,02
9992,I80_24_03.png,I80.png,1.97,0.657,24,03
9993,I80_24_04.png,I80.png,1.6,0.611,24,04
9994,I80_24_05.png,I80.png,1.43,0.667,24,05
9995,I80_25_01.png,I80.png,3.1,0.856,25,01
9996,I80_25_02.png,I80.png,3.27,0.964,25,02
9997,I80_25_03.png,I80.png,3.97,0.752,25,03
9998,I80_25_04.png,I80.png,4.27,0.573,25,04
9999,I80_25_05.png,I80.png,3.03,0.912,25,05
10000,I81_01_01.png,I81.png,4.67,0.537,01,01
10001,I81_01_02.png,I81.png,4.5,0.563,01,02
10002,I81_01_03.png,I81.png,2.9,0.79,01,03
10003,I81_01_04.png,I81.png,1.87,0.707,01,04
10004,I81_01_05.png,I81.png,1.2,0.4,01,05
10005,I81_02_01.png,I81.png,3.87,0.846,02,01
10006,I81_02_02.png,I81.png,2.57,0.667,02,02
10007,I81_02_03.png,I81.png,1.8,0.6,02,03
10008,I81_02_04.png,I81.png,1.33,0.537,02,04
10009,I81_02_05.png,I81.png,1.27,0.512,02,05
10010,I81_03_01.png,I81.png,4.8,0.4,03,01
10011,I81_03_02.png,I81.png,4.27,0.68,03,02
10012,I81_03_03.png,I81.png,2.6,0.712,03,03
10013,I81_03_04.png,I81.png,2.17,0.778,03,04
10014,I81_03_05.png,I81.png,1.53,0.562,03,05
10015,I81_04_01.png,I81.png,4.5,0.563,04,01
10016,I81_04_02.png,I81.png,2.83,0.934,04,02
10017,I81_04_03.png,I81.png,1.33,0.537,04,03
10018,I81_04_04.png,I81.png,1.37,0.657,04,04
10019,I81_04_05.png,I81.png,1.23,0.423,04,05
10020,I81_05_01.png,I81.png,4.33,0.745,05,01
10021,I81_05_02.png,I81.png,2.47,0.846,05,02
10022,I81_05_03.png,I81.png,1.37,0.547,05,03
10023,I81_05_04.png,I81.png,1.27,0.442,05,04
10024,I81_05_05.png,I81.png,1.37,0.547,05,05
10025,I81_06_01.png,I81.png,3.17,0.778,06,01
10026,I81_06_02.png,I81.png,3.1,1.044,06,02
10027,I81_06_03.png,I81.png,2.9,0.79,06,03
10028,I81_06_04.png,I81.png,2.47,0.763,06,04
10029,I81_06_05.png,I81.png,1.93,0.629,06,05
10030,I81_07_01.png,I81.png,2.53,0.67,07,01
10031,I81_07_02.png,I81.png,2.27,0.727,07,02
10032,I81_07_03.png,I81.png,2.4,1.052,07,03
10033,I81_07_04.png,I81.png,2.27,1.031,07,04
10034,I81_07_05.png,I81.png,2.1,1.044,07,05
10035,I81_08_01.png,I81.png,4.53,0.718,08,01
10036,I81_08_02.png,I81.png,3.17,0.86,08,02
10037,I81_08_03.png,I81.png,2.73,0.814,08,03
10038,I81_08_04.png,I81.png,1.2,0.4,08,04
10039,I81_08_05.png,I81.png,1.2,0.4,08,05
10040,I81_09_01.png,I81.png,4.71,0.52,09,01
10041,I81_09_02.png,I81.png,4.71,0.454,09,02
10042,I81_09_03.png,I81.png,4.37,0.836,09,03
10043,I81_09_04.png,I81.png,2.47,0.921,09,04
10044,I81_09_05.png,I81.png,1.33,0.471,09,05
10045,I81_10_01.png,I81.png,4.03,0.912,10,01
10046,I81_10_02.png,I81.png,3.97,0.706,10,02
10047,I81_10_03.png,I81.png,3.35,0.785,10,03
10048,I81_10_04.png,I81.png,1.43,0.559,10,04
10049,I81_10_05.png,I81.png,1.23,0.423,10,05
10050,I81_11_01.png,I81.png,3.33,0.943,11,01
10051,I81_11_02.png,I81.png,2.4,0.663,11,02
10052,I81_11_03.png,I81.png,2.73,0.727,11,03
10053,I81_11_04.png,I81.png,2.13,0.67,11,04
10054,I81_11_05.png,I81.png,2.16,0.723,11,05
10055,I81_12_01.png,I81.png,4.43,0.496,12,01
10056,I81_12_02.png,I81.png,3.39,0.748,12,02
10057,I81_12_03.png,I81.png,2.67,0.789,12,03
10058,I81_12_04.png,I81.png,2.39,0.656,12,04
10059,I81_12_05.png,I81.png,2.27,0.727,12,05
10060,I81_13_01.png,I81.png,2.8,0.909,13,01
10061,I81_13_02.png,I81.png,2.87,0.67,13,02
10062,I81_13_03.png,I81.png,2.17,0.582,13,03
10063,I81_13_04.png,I81.png,2.2,0.653,13,04
10064,I81_13_05.png,I81.png,2.17,0.82,13,05
10065,I81_14_01.png,I81.png,4.33,0.596,14,01
10066,I81_14_02.png,I81.png,3.03,0.782,14,02
10067,I81_14_03.png,I81.png,2.7,0.862,14,03
10068,I81_14_04.png,I81.png,2.2,0.653,14,04
10069,I81_14_05.png,I81.png,1.67,0.471,14,05
10070,I81_15_01.png,I81.png,3.13,0.884,15,01
10071,I81_15_02.png,I81.png,1.8,0.542,15,02
10072,I81_15_03.png,I81.png,1.47,0.562,15,03
10073,I81_15_04.png,I81.png,1.45,0.498,15,04
10074,I81_15_05.png,I81.png,1.23,0.423,15,05
10075,I81_16_01.png,I81.png,4.63,0.482,16,01
10076,I81_16_02.png,I81.png,4.17,0.687,16,02
10077,I81_16_03.png,I81.png,3.67,0.745,16,03
10078,I81_16_04.png,I81.png,2.67,0.789,16,04
10079,I81_16_05.png,I81.png,1.57,0.559,16,05
10080,I81_17_01.png,I81.png,4.67,0.471,17,01
10081,I81_17_02.png,I81.png,4.73,0.442,17,02
10082,I81_17_03.png,I81.png,4.37,0.547,17,03
10083,I81_17_04.png,I81.png,3.73,0.68,17,04
10084,I81_17_05.png,I81.png,2.33,0.978,17,05
10085,I81_18_01.png,I81.png,4.27,0.512,18,01
10086,I81_18_02.png,I81.png,4.63,0.482,18,02
10087,I81_18_03.png,I81.png,4.73,0.442,18,03
10088,I81_18_04.png,I81.png,4.58,0.493,18,04
10089,I81_18_05.png,I81.png,4.2,0.542,18,05
10090,I81_19_01.png,I81.png,4.5,0.619,19,01
10091,I81_19_02.png,I81.png,4.33,0.65,19,02
10092,I81_19_03.png,I81.png,3.0,0.931,19,03
10093,I81_19_04.png,I81.png,1.6,0.49,19,04
10094,I81_19_05.png,I81.png,1.17,0.373,19,05
10095,I81_20_01.png,I81.png,4.2,0.748,20,01
10096,I81_20_02.png,I81.png,2.37,0.875,20,02
10097,I81_20_03.png,I81.png,4.07,0.998,20,03
10098,I81_20_04.png,I81.png,2.27,0.68,20,04
10099,I81_20_05.png,I81.png,1.33,0.471,20,05
10100,I81_21_01.png,I81.png,3.03,0.983,21,01
10101,I81_21_02.png,I81.png,2.33,0.699,21,02
10102,I81_21_03.png,I81.png,2.47,0.884,21,03
10103,I81_21_04.png,I81.png,2.0,0.775,21,04
10104,I81_21_05.png,I81.png,1.53,0.499,21,05
10105,I81_22_01.png,I81.png,4.0,1.155,22,01
10106,I81_22_02.png,I81.png,3.9,0.79,22,02
10107,I81_22_03.png,I81.png,3.37,0.795,22,03
10108,I81_22_04.png,I81.png,2.93,0.892,22,04
10109,I81_22_05.png,I81.png,1.9,0.79,22,05
10110,I81_23_01.png,I81.png,2.83,1.267,23,01
10111,I81_23_02.png,I81.png,1.9,0.7,23,02
10112,I81_23_03.png,I81.png,2.73,0.998,23,03
10113,I81_23_04.png,I81.png,1.67,0.745,23,04
10114,I81_23_05.png,I81.png,2.13,0.806,23,05
10115,I81_24_01.png,I81.png,3.47,0.718,24,01
10116,I81_24_02.png,I81.png,2.73,0.892,24,02
10117,I81_24_03.png,I81.png,2.23,0.989,24,03
10118,I81_24_04.png,I81.png,1.67,0.699,24,04
10119,I81_24_05.png,I81.png,1.37,0.547,24,05
10120,I81_25_01.png,I81.png,3.33,0.789,25,01
10121,I81_25_02.png,I81.png,3.73,0.772,25,02
10122,I81_25_03.png,I81.png,4.3,0.526,25,03
10123,I81_25_04.png,I81.png,4.13,0.499,25,04
10124,I81_25_05.png,I81.png,3.27,0.772,25,05
